{"type":"FeatureCollection","features":[{"type":"Feature","properties":{"iso_a2":"VN"},"geometry":{"type":"MultiPolygon","coordinates":[[[[104.064,10.391],[104.076,10.225],[104.048,10.061],[103.952,10.243],[103.85,10.371],[103.986,10.427],[104.064,10.391]]],[[[107.973,21.508],[107.809,21.497],[107.637,21.368],[107.41,21.285],[107.373,21.128],[107.165,20.949],[107.075,20.999],[106.981,20.971],[106.886,20.95],[106.76,20.991],[106.683,21.0],[106.737,20.806],[106.551,20.527],[106.518,20.289],[106.166,19.992],[105.984,19.939],[105.812,19.467],[105.791,19.294],[105.639,19.057],[105.732,18.779],[105.808,18.646],[105.888,18.502],[106.145,18.259],[106.412,18.053],[106.459,17.874],[106.356,17.765],[106.517,17.663],[106.926,17.221],[107.18,16.898],[107.549,16.643],[107.593,16.568],[107.803,16.403],[107.882,16.31],[107.991,16.337],[108.088,16.243],[108.209,16.091],[108.267,16.09],[108.286,15.989],[108.447,15.763],[108.674,15.484],[108.821,15.378],[108.94,15.001],[109.085,14.716],[109.137,14.384],[109.207,14.154],[109.245,14.053],[109.288,13.765],[109.252,13.591],[109.272,13.279],[109.377,13.025],[109.42,12.719],[109.381,12.671],[109.274,12.709],[109.305,12.391],[109.216,12.073],[109.259,11.955],[109.22,11.959],[109.199,11.999],[109.167,11.912],[109.193,11.773],[109.173,11.665],[109.04,11.593],[108.987,11.336],[108.7,11.199],[108.419,11.041],[108.176,10.92],[108.001,10.72],[107.564,10.555],[107.384,10.459],[107.235,10.42],[107.088,10.498],[107.021,10.631],[106.984,10.618],[106.947,10.4],[106.813,10.433],[106.606,10.465],[106.698,10.462],[106.778,10.376],[106.757,10.296],[106.492,10.304],[106.602,10.232],[106.785,10.151],[106.714,10.06],[106.658,9.949],[106.596,9.86],[106.449,9.94],[106.184,10.142],[106.564,9.716],[106.539,9.604],[106.378,9.556],[105.926,9.962],[106.112,9.674],[106.206,9.502],[106.168,9.397],[105.401,8.962],[105.191,8.711],[104.892,8.583],[104.896,8.747],[104.815,9.185],[104.903,9.816],[105.093,9.901],[105.084,9.996],[104.966,10.101],[104.802,10.203],[104.663,10.17],[104.594,10.267],[104.426,10.411],[104.514,10.463],[104.69,10.523],[104.851,10.534],[104.984,10.662],[105.061,10.734],[105.022,10.887],[105.159,10.898],[105.315,10.845],[105.406,10.952],[105.577,10.969],[105.755,10.99],[105.853,10.864],[105.938,10.885],[106.099,10.797],[106.132,10.922],[106.161,11.037],[105.892,11.245],[105.861,11.372],[105.835,11.559],[105.851,11.635],[105.927,11.653],[106.006,11.758],[106.239,11.708],[106.399,11.687],[106.411,11.738],[106.414,11.948],[106.631,11.969],[106.765,12.052],[107.051,12.176],[107.212,12.304],[107.33,12.319],[107.446,12.296],[107.538,12.432],[107.544,12.706],[107.482,12.933],[107.546,13.225],[107.594,13.522],[107.462,13.816],[107.362,14.019],[107.331,14.127],[107.364,14.369],[107.493,14.546],[107.519,14.705],[107.525,14.872],[107.48,14.98],[107.555,15.057],[107.634,15.19],[107.622,15.31],[107.46,15.466],[107.279,15.619],[107.19,15.747],[107.189,15.839],[107.392,15.952],[107.396,16.043],[107.296,16.084],[107.07,16.28],[106.931,16.353],[106.851,16.516],[106.792,16.49],[106.696,16.459],[106.638,16.538],[106.546,16.651],[106.526,16.877],[106.465,16.982],[106.333,17.144],[106.006,17.415],[105.903,17.529],[105.691,17.738],[105.598,17.918],[105.519,18.077],[105.4,18.179],[105.273,18.235],[105.115,18.405],[105.087,18.496],[105.145,18.617],[105.115,18.679],[104.717,18.803],[104.518,18.934],[104.109,19.196],[103.918,19.269],[103.896,19.34],[104.028,19.42],[104.052,19.564],[104.032,19.675],[104.127,19.681],[104.546,19.611],[104.743,19.755],[104.815,19.904],[104.928,20.018],[104.889,20.169],[104.813,20.217],[104.677,20.225],[104.656,20.329],[104.496,20.414],[104.368,20.441],[104.479,20.53],[104.575,20.6],[104.53,20.688],[104.35,20.821],[104.101,20.946],[103.882,20.861],[103.714,20.717],[103.555,20.738],[103.211,20.841],[102.884,21.203],[102.872,21.337],[102.91,21.506],[102.959,21.626],[102.918,21.713],[102.845,21.735],[102.798,21.798],[102.739,21.678],[102.662,21.676],[102.631,21.771],[102.583,21.904],[102.443,22.027],[102.183,22.284],[102.176,22.415],[102.302,22.546],[102.406,22.708],[102.471,22.751],[102.599,22.7],[102.83,22.587],[102.935,22.466],[103.005,22.453],[103.136,22.542],[103.193,22.639],[103.301,22.764],[103.356,22.755],[103.493,22.588],[103.571,22.734],[103.637,22.77],[103.942,22.54],[103.991,22.586],[104.054,22.752],[104.213,22.809],[104.298,22.712],[104.527,22.804],[104.632,22.818],[104.74,22.86],[104.815,23.011],[104.865,23.136],[104.996,23.194],[105.239,23.322],[105.35,23.308],[105.495,23.181],[105.548,23.073],[105.782,22.969],[105.903,22.925],[106.001,22.975],[106.148,22.97],[106.249,22.869],[106.338,22.863],[106.542,22.908],[106.78,22.779],[106.702,22.638],[106.582,22.573],[106.536,22.395],[106.593,22.325],[106.654,22.241],[106.658,22.018],[106.698,21.986],[106.794,21.982],[106.925,21.92],[107.006,21.893],[107.062,21.794],[107.272,21.711],[107.433,21.642],[107.641,21.614],[107.802,21.645],[107.973,21.508]]],[[[106.617,8.683],[106.589,8.681],[106.568,8.701],[106.659,8.766],[106.65,8.723],[106.653,8.701],[106.617,8.683]]],[[[107.168,10.397],[107.084,10.337],[107.078,10.387],[107.151,10.42],[107.177,10.446],[107.195,10.446],[107.168,10.397]]],[[[106.866,20.816],[106.854,20.796],[106.803,20.844],[106.769,20.864],[106.795,20.928],[106.855,20.858],[106.866,20.816]]],[[[107.603,21.217],[107.459,21.092],[107.404,21.094],[107.453,21.235],[107.476,21.269],[107.563,21.22],[107.603,21.217]]],[[[107.521,20.927],[107.466,20.901],[107.399,20.903],[107.479,20.952],[107.519,21.013],[107.551,21.034],[107.551,20.981],[107.521,20.927]]],[[[107.031,20.747],[106.911,20.824],[107.044,20.837],[107.064,20.8],[107.031,20.747]]]]}},{"type":"Feature","properties":{"iso_a2":"US"},"geometry":{"type":"MultiPolygon","coordinates":[[[[-132.747,56.526],[-132.885,56.512],[-132.948,56.567],[-132.907,56.637],[-132.843,56.795],[-132.599,56.636],[-132.634,56.553],[-132.747,56.526]]],[[[-132.78,56.247],[-132.891,56.259],[-133.038,56.365],[-132.935,56.442],[-132.706,56.448],[-132.629,56.412],[-132.653,56.364],[-132.647,56.313],[-132.78,56.247]]],[[[-134.313,58.229],[-134.456,58.207],[-134.662,58.291],[-134.52,58.333],[-134.313,58.229]]],[[[-145.119,60.337],[-145.15,60.313],[-145.238,60.321],[-145.284,60.337],[-145.128,60.401],[-145.102,60.388],[-145.119,60.337]]],[[[-144.566,59.818],[-144.542,59.878],[-144.354,59.996],[-144.249,59.982],[-144.566,59.818]]],[[[-148.022,60.065],[-148.074,60.035],[-148.272,60.053],[-148.231,60.114],[-148.08,60.152],[-147.914,60.092],[-148.022,60.065]]],[[[-152.021,60.362],[-152.069,60.358],[-152.004,60.407],[-151.96,60.504],[-151.899,60.49],[-151.887,60.473],[-151.987,60.374],[-152.021,60.362]]],[[[-160.329,55.338],[-160.343,55.259],[-160.481,55.309],[-160.517,55.334],[-160.493,55.352],[-160.362,55.357],[-160.329,55.338]]],[[[-159.362,54.972],[-159.394,54.967],[-159.421,54.978],[-159.458,55.035],[-159.462,55.059],[-159.39,55.041],[-159.363,55.0],[-159.362,54.972]]],[[[-159.515,55.152],[-159.535,55.06],[-159.618,55.057],[-159.635,55.102],[-159.598,55.126],[-159.595,55.182],[-159.545,55.226],[-159.515,55.152]]],[[[-166.21,53.723],[-166.249,53.745],[-166.234,53.784],[-166.155,53.836],[-166.103,53.833],[-166.184,53.757],[-166.21,53.723]]],[[[-176.009,51.812],[-176.093,51.79],[-176.204,51.835],[-176.194,51.886],[-176.072,51.843],[-176.009,51.812]]],[[[-166.11,66.227],[-166.149,66.222],[-166.146,66.237],[-166.033,66.278],[-165.822,66.328],[-165.83,66.317],[-165.942,66.278],[-166.11,66.227]]],[[[-171.463,63.64],[-171.343,63.62],[-171.035,63.585],[-170.673,63.669],[-170.43,63.699],[-170.171,63.641],[-170.082,63.577],[-170.017,63.492],[-169.624,63.431],[-169.555,63.373],[-169.295,63.358],[-168.996,63.347],[-168.761,63.214],[-169.109,63.185],[-169.471,63.121],[-169.571,62.997],[-169.676,62.956],[-169.778,63.094],[-169.863,63.14],[-170.115,63.194],[-170.243,63.232],[-170.324,63.311],[-170.527,63.379],[-170.954,63.453],[-171.176,63.416],[-171.401,63.339],[-171.632,63.351],[-171.791,63.425],[-171.818,63.53],[-171.746,63.703],[-171.463,63.64]]],[[[-166.135,60.384],[-165.995,60.331],[-165.784,60.336],[-165.696,60.282],[-165.714,60.173],[-165.712,60.069],[-165.605,59.973],[-165.769,59.893],[-166.1,59.85],[-166.107,59.775],[-166.188,59.774],[-166.343,59.834],[-166.985,59.984],[-167.295,60.096],[-167.344,60.224],[-166.836,60.217],[-166.731,60.316],[-166.476,60.383],[-166.364,60.365],[-166.185,60.397],[-166.135,60.384]]],[[[-152.898,57.824],[-152.85,57.776],[-152.616,57.849],[-152.429,57.826],[-152.419,57.782],[-152.483,57.703],[-152.237,57.615],[-152.216,57.577],[-152.381,57.46],[-152.631,57.472],[-152.912,57.508],[-152.997,57.469],[-152.781,57.453],[-152.693,57.38],[-152.714,57.331],[-152.879,57.321],[-153.052,57.238],[-153.444,57.167],[-153.524,57.103],[-153.733,57.052],[-153.633,57.01],[-153.643,56.961],[-153.973,56.774],[-154.051,56.788],[-154.071,56.821],[-153.804,56.998],[-153.999,57.05],[-154.103,57.021],[-154.025,57.108],[-154.065,57.134],[-154.244,57.143],[-154.377,57.107],[-154.27,57.099],[-154.209,57.063],[-154.184,57.005],[-154.261,56.912],[-154.499,57.037],[-154.706,57.335],[-154.673,57.446],[-154.387,57.59],[-154.179,57.652],[-154.03,57.631],[-154.016,57.567],[-153.947,57.53],[-153.805,57.358],[-153.688,57.305],[-153.798,57.443],[-153.838,57.636],[-153.69,57.641],[-153.808,57.715],[-153.906,57.791],[-153.842,57.863],[-153.769,57.88],[-153.663,57.858],[-153.524,57.731],[-153.454,57.747],[-153.39,57.798],[-153.252,57.79],[-153.2,57.82],[-153.175,57.879],[-153.226,57.958],[-152.943,57.936],[-152.898,57.824]]],[[[-130.025,55.888],[-130.112,55.78],[-130.147,55.654],[-130.12,55.524],[-130.039,55.344],[-130.172,55.137],[-130.214,55.026],[-130.493,54.834],[-130.616,54.791],[-130.935,54.95],[-131.048,55.158],[-130.984,55.244],[-130.748,55.318],[-130.856,55.355],[-130.873,55.551],[-130.919,55.736],[-131.128,55.96],[-131.074,56.044],[-131.288,56.012],[-131.784,55.877],[-131.826,55.835],[-131.803,55.766],[-131.869,55.647],[-131.983,55.535],[-132.155,55.6],[-132.208,55.753],[-132.091,55.84],[-131.844,56.16],[-131.551,56.207],[-131.888,56.242],[-131.962,56.324],[-132.133,56.4],[-132.256,56.489],[-132.332,56.558],[-132.358,56.626],[-132.476,56.65],[-132.64,56.796],[-132.802,56.895],[-132.839,56.96],[-132.825,57.056],[-133.466,57.172],[-133.539,57.554],[-133.627,57.677],[-133.554,57.695],[-133.143,57.555],[-133.436,57.727],[-133.535,57.833],[-133.511,57.88],[-133.194,57.878],[-133.559,57.924],[-133.657,57.841],[-133.744,57.855],[-133.894,57.993],[-134.057,58.128],[-134.045,58.289],[-133.889,58.499],[-133.911,58.515],[-134.036,58.415],[-134.209,58.233],[-134.331,58.3],[-134.664,58.385],[-134.943,58.646],[-134.986,58.766],[-135.132,58.843],[-135.33,59.239],[-135.349,59.41],[-135.403,59.353],[-135.484,59.309],[-135.4,59.208],[-135.502,59.202],[-135.334,58.91],[-135.207,58.671],[-135.152,58.512],[-135.05,58.307],[-135.09,58.246],[-135.303,58.256],[-135.45,58.376],[-135.873,58.394],[-135.896,58.464],[-135.89,58.623],[-136.043,58.822],[-135.932,58.904],[-136.049,58.893],[-136.134,59.04],[-136.159,58.947],[-136.118,58.863],[-136.147,58.789],[-136.226,58.765],[-136.38,58.827],[-136.478,58.862],[-136.566,58.941],[-136.989,59.034],[-136.953,58.967],[-136.988,58.925],[-137.038,58.867],[-136.879,58.882],[-136.614,58.809],[-136.549,58.752],[-136.41,58.701],[-136.484,58.618],[-136.225,58.602],[-136.061,58.453],[-136.081,58.364],[-136.462,58.328],[-136.607,58.244],[-136.865,58.332],[-137.544,58.581],[-137.565,58.626],[-137.661,58.66],[-137.864,58.786],[-137.961,58.891],[-138.241,59.047],[-138.451,59.11],[-138.56,59.129],[-138.515,59.166],[-138.884,59.237],[-139.577,59.462],[-139.773,59.527],[-139.766,59.566],[-139.612,59.61],[-139.506,59.726],[-139.582,59.848],[-139.569,59.912],[-139.512,59.954],[-139.447,59.957],[-139.315,59.848],[-139.287,59.611],[-139.266,59.663],[-139.246,59.782],[-139.179,59.84],[-138.988,59.835],[-139.402,60.001],[-139.519,60.017],[-139.85,59.831],[-140.217,59.727],[-140.648,59.723],[-141.332,59.874],[-141.295,59.98],[-141.33,60.083],[-141.409,60.118],[-141.422,60.085],[-141.447,60.019],[-141.67,59.97],[-142.549,60.086],[-143.506,60.055],[-143.979,60.009],[-144.161,60.046],[-144.089,60.084],[-144.333,60.191],[-144.643,60.225],[-144.741,60.273],[-144.901,60.335],[-144.824,60.534],[-144.691,60.669],[-144.863,60.601],[-145.096,60.454],[-145.248,60.38],[-145.563,60.441],[-145.848,60.469],[-145.811,60.525],[-145.69,60.622],[-146.149,60.661],[-146.167,60.716],[-146.251,60.749],[-146.503,60.701],[-146.546,60.745],[-146.392,60.811],[-146.604,60.871],[-146.636,60.993],[-146.285,61.113],[-146.583,61.128],[-146.874,61.005],[-147.034,60.996],[-147.195,60.997],[-147.286,60.947],[-147.361,60.915],[-147.433,60.95],[-147.567,60.995],[-147.623,60.933],[-147.808,60.885],[-147.991,60.948],[-147.971,61.019],[-147.774,61.218],[-147.986,61.106],[-148.158,61.08],[-148.27,61.082],[-148.389,61.037],[-148.396,61.007],[-148.226,61.044],[-148.293,60.94],[-148.393,60.832],[-148.556,60.827],[-148.399,60.734],[-148.268,60.7],[-148.284,60.609],[-148.338,60.57],[-148.51,60.565],[-148.64,60.489],[-148.549,60.515],[-148.296,60.532],[-148.119,60.575],[-147.984,60.523],[-147.991,60.452],[-148.129,60.414],[-148.204,60.365],[-148.219,60.268],[-148.214,60.154],[-148.291,60.145],[-148.431,59.989],[-148.506,59.989],[-148.574,59.97],[-148.751,59.948],[-149.004,59.98],[-149.122,60.033],[-149.305,60.014],[-149.415,60.1],[-149.46,59.966],[-149.598,59.77],[-149.63,59.785],[-149.714,59.92],[-149.804,59.833],[-149.801,59.738],[-150.005,59.784],[-149.96,59.713],[-150.198,59.567],[-150.296,59.583],[-150.485,59.535],[-150.582,59.565],[-150.621,59.535],[-150.677,59.427],[-150.899,59.303],[-150.961,59.244],[-151.183,59.301],[-151.163,59.257],[-151.222,59.229],[-151.366,59.246],[-151.619,59.187],[-151.904,59.26],[-151.964,59.285],[-151.885,59.386],[-151.693,59.462],[-151.4,59.516],[-151.189,59.638],[-151.057,59.782],[-151.404,59.662],[-151.513,59.651],[-151.817,59.721],[-151.783,59.921],[-151.612,60.092],[-151.396,60.274],[-151.318,60.554],[-151.356,60.723],[-150.954,60.841],[-150.441,61.024],[-150.281,60.985],[-150.113,60.933],[-149.856,60.962],[-149.173,60.88],[-149.071,60.886],[-149.459,60.965],[-149.968,61.122],[-150.019,61.194],[-149.895,61.232],[-149.829,61.308],[-149.596,61.417],[-149.434,61.501],[-149.695,61.471],[-149.874,61.373],[-149.976,61.279],[-150.472,61.26],[-150.567,61.307],[-150.946,61.198],[-151.15,61.086],[-151.46,61.014],[-151.734,60.911],[-151.784,60.833],[-151.785,60.74],[-151.996,60.682],[-152.307,60.472],[-152.26,60.409],[-152.369,60.336],[-152.654,60.238],[-152.798,60.247],[-153.025,60.296],[-152.893,60.24],[-152.665,60.125],[-152.629,60.041],[-152.759,59.921],[-153.106,59.875],[-153.211,59.843],[-153.025,59.794],[-153.094,59.709],[-153.364,59.66],[-153.36,59.717],[-153.414,59.74],[-153.653,59.647],[-153.609,59.615],[-153.714,59.545],[-153.814,59.474],[-154.067,59.336],[-154.178,59.156],[-153.9,59.078],[-153.656,59.039],[-153.339,58.909],[-153.334,58.858],[-153.438,58.755],[-153.699,58.626],[-153.862,58.588],[-154.062,58.442],[-154.086,58.366],[-154.282,58.293],[-154.235,58.235],[-154.282,58.147],[-154.571,58.118],[-154.585,58.056],[-155.099,57.913],[-155.313,57.807],[-155.53,57.759],[-155.596,57.701],[-155.729,57.627],[-155.814,57.559],[-156.037,57.527],[-156.09,57.445],[-156.242,57.449],[-156.478,57.328],[-156.444,57.294],[-156.4,57.205],[-156.501,57.09],[-156.629,57.01],[-156.78,57.006],[-156.872,56.948],[-156.988,56.913],[-157.139,56.827],[-157.271,56.808],[-157.39,56.81],[-157.49,56.76],[-157.578,56.634],[-157.674,56.633],[-157.869,56.645],[-158.078,56.552],[-157.929,56.532],[-157.982,56.51],[-158.124,56.501],[-158.352,56.454],[-158.537,56.335],[-158.536,56.308],[-158.386,56.302],[-158.317,56.254],[-158.276,56.196],[-158.476,56.075],[-158.523,56.072],[-158.554,56.183],[-158.627,56.155],[-158.79,55.987],[-159.523,55.81],[-159.568,55.695],[-159.66,55.626],[-159.665,55.795],[-159.743,55.844],[-159.81,55.833],[-159.914,55.792],[-160.046,55.763],[-160.373,55.635],[-160.463,55.558],[-160.554,55.535],[-160.683,55.54],[-160.771,55.484],[-160.952,55.493],[-161.1,55.406],[-161.382,55.371],[-161.481,55.398],[-161.444,55.513],[-161.373,55.556],[-161.202,55.544],[-161.255,55.579],[-161.459,55.629],[-161.599,55.593],[-161.684,55.53],[-161.742,55.391],[-162.074,55.139],[-162.211,55.121],[-162.333,55.05],[-162.428,55.061],[-162.452,55.093],[-162.427,55.145],[-162.542,55.243],[-162.644,55.218],[-162.619,55.038],[-162.82,54.95],[-162.996,55.046],[-163.128,55.035],[-163.131,54.917],[-163.289,54.838],[-163.338,54.876],[-163.286,55.01],[-163.304,55.096],[-163.115,55.194],[-163.008,55.187],[-162.907,55.196],[-162.857,55.253],[-162.659,55.351],[-162.349,55.595],[-161.937,55.824],[-161.216,56.021],[-161.223,55.977],[-161.145,55.951],[-160.899,55.994],[-160.902,55.941],[-161.005,55.887],[-160.803,55.754],[-160.746,55.771],[-160.706,55.87],[-160.53,55.863],[-160.437,55.817],[-160.292,55.805],[-160.308,55.864],[-160.527,55.965],[-160.515,56.059],[-160.377,56.241],[-160.149,56.396],[-159.785,56.562],[-159.159,56.77],[-158.918,56.882],[-158.895,56.816],[-158.709,56.789],[-158.666,56.828],[-158.685,56.944],[-158.661,57.039],[-158.474,57.199],[-158.225,57.343],[-158.046,57.409],[-157.846,57.528],[-157.697,57.539],[-157.646,57.498],[-157.462,57.506],[-157.533,57.526],[-157.608,57.601],[-157.697,57.679],[-157.621,57.895],[-157.555,58.14],[-157.194,58.194],[-157.394,58.235],[-157.524,58.351],[-157.461,58.503],[-156.975,58.736],[-157.04,58.773],[-156.809,59.134],[-157.142,58.878],[-158.022,58.64],[-158.303,58.642],[-158.439,58.783],[-158.476,58.938],[-158.315,59.009],[-158.081,58.977],[-158.423,59.09],[-158.584,58.988],[-158.761,58.95],[-158.776,58.903],[-158.861,58.719],[-158.789,58.441],[-159.083,58.47],[-159.454,58.793],[-159.741,58.894],[-159.92,58.82],[-160.261,58.972],[-160.52,59.007],[-160.817,58.872],[-161.216,58.801],[-161.288,58.761],[-161.361,58.67],[-162.145,58.644],[-161.856,58.717],[-161.781,58.897],[-161.789,59.016],[-161.794,59.109],[-161.981,59.146],[-161.92,59.365],[-161.832,59.515],[-161.909,59.714],[-162.242,60.178],[-162.288,60.457],[-161.947,60.685],[-162.068,60.695],[-162.2,60.634],[-162.469,60.395],[-162.685,60.269],[-162.527,60.199],[-162.536,60.038],[-162.733,59.994],[-163.219,59.846],[-163.907,59.807],[-164.141,59.949],[-164.471,60.149],[-164.8,60.307],[-165.061,60.413],[-165.027,60.501],[-165.225,60.524],[-165.016,60.74],[-164.805,60.892],[-164.513,60.819],[-164.319,60.771],[-164.321,60.647],[-164.31,60.607],[-164.0,60.766],[-163.895,60.745],[-163.73,60.59],[-163.421,60.757],[-163.623,60.822],[-163.837,60.88],[-163.587,60.903],[-163.749,60.97],[-164.442,60.87],[-165.066,60.921],[-165.175,60.966],[-164.876,61.087],[-164.941,61.115],[-165.138,61.13],[-165.15,61.187],[-165.28,61.17],[-165.311,61.228],[-165.274,61.275],[-165.392,61.212],[-165.381,61.106],[-165.566,61.102],[-165.691,61.3],[-165.906,61.404],[-165.845,61.536],[-166.094,61.507],[-166.164,61.589],[-166.131,61.657],[-165.835,61.679],[-166.02,61.748],[-165.991,61.834],[-165.613,61.869],[-165.725,61.959],[-165.707,62.1],[-165.195,62.474],[-165.0,62.534],[-164.779,62.481],[-164.796,62.512],[-164.688,62.608],[-164.589,62.709],[-164.793,62.623],[-164.845,62.801],[-164.764,62.971],[-164.428,63.04],[-164.375,63.054],[-164.463,63.185],[-164.108,63.262],[-163.736,63.193],[-163.634,63.09],[-163.726,63.048],[-163.738,63.016],[-163.504,63.106],[-163.359,63.046],[-163.062,63.08],[-162.808,63.207],[-162.36,63.453],[-162.193,63.541],[-162.056,63.471],[-161.505,63.468],[-161.1,63.558],[-160.827,63.729],[-160.84,63.935],[-160.988,64.251],[-161.386,64.44],[-161.415,64.526],[-161.049,64.534],[-160.894,64.613],[-160.856,64.756],[-160.967,64.84],[-161.13,64.925],[-161.466,64.795],[-161.759,64.816],[-162.172,64.678],[-162.636,64.451],[-162.807,64.374],[-163.204,64.652],[-163.248,64.563],[-163.052,64.52],[-163.144,64.424],[-163.486,64.55],[-164.304,64.584],[-164.727,64.523],[-164.83,64.511],[-164.9,64.461],[-165.138,64.465],[-166.143,64.583],[-166.481,64.728],[-166.409,64.827],[-166.551,64.953],[-166.928,65.157],[-166.857,65.147],[-166.531,65.155],[-166.28,65.274],[-166.157,65.286],[-166.609,65.353],[-167.404,65.422],[-168.035,65.596],[-168.01,65.719],[-167.927,65.714],[-167.58,65.758],[-167.074,65.877],[-166.894,65.959],[-166.54,66.101],[-166.215,66.17],[-166.009,66.121],[-165.63,66.131],[-165.56,66.167],[-165.812,66.288],[-165.449,66.41],[-165.064,66.438],[-164.46,66.588],[-163.728,66.616],[-163.816,66.583],[-163.838,66.562],[-163.794,66.493],[-163.894,66.287],[-164.034,66.216],[-163.171,66.075],[-162.722,66.06],[-162.214,66.071],[-161.816,66.054],[-161.455,66.281],[-161.201,66.219],[-161.034,66.189],[-161.12,66.334],[-161.828,66.371],[-161.888,66.493],[-162.318,66.734],[-162.544,66.805],[-162.478,66.931],[-162.254,66.919],[-162.018,66.784],[-161.91,66.56],[-161.336,66.496],[-161.048,66.474],[-160.651,66.373],[-160.227,66.509],[-160.361,66.612],[-160.864,66.671],[-161.398,66.552],[-161.681,66.646],[-161.879,66.804],[-161.622,66.979],[-161.965,67.05],[-162.412,67.06],[-162.583,67.019],[-163.002,67.027],[-163.721,67.196],[-163.943,67.478],[-165.386,68.046],[-166.236,68.278],[-166.574,68.32],[-166.644,68.408],[-166.648,68.374],[-166.447,68.39],[-166.283,68.573],[-166.209,68.885],[-165.044,68.882],[-164.302,68.936],[-163.868,69.037],[-163.251,69.345],[-163.187,69.38],[-163.131,69.454],[-162.952,69.758],[-162.071,70.227],[-161.881,70.332],[-161.78,70.277],[-161.818,70.248],[-162.042,70.177],[-161.997,70.165],[-161.639,70.235],[-160.648,70.421],[-160.117,70.591],[-159.963,70.568],[-160.006,70.448],[-159.908,70.331],[-159.855,70.324],[-159.843,70.453],[-159.683,70.477],[-159.746,70.53],[-160.082,70.635],[-159.315,70.879],[-159.192,70.86],[-159.262,70.814],[-159.304,70.753],[-159.075,70.772],[-158.621,70.799],[-158.484,70.841],[-157.909,70.86],[-157.325,71.04],[-156.973,71.23],[-156.47,71.408],[-156.497,71.379],[-156.47,71.292],[-155.646,71.183],[-155.635,71.062],[-156.147,70.928],[-155.974,70.842],[-155.708,70.857],[-155.313,71.015],[-155.167,71.099],[-154.818,71.048],[-154.726,70.928],[-154.599,70.848],[-154.195,70.801],[-153.701,70.894],[-153.233,70.933],[-152.671,70.891],[-152.3,70.847],[-152.437,70.733],[-152.399,70.62],[-152.253,70.568],[-151.769,70.56],[-151.82,70.511],[-151.225,70.419],[-150.979,70.465],[-150.544,70.49],[-150.274,70.434],[-149.87,70.51],[-149.411,70.491],[-148.845,70.425],[-148.479,70.318],[-148.249,70.357],[-148.039,70.315],[-147.791,70.24],[-147.063,70.17],[-146.281,70.186],[-145.823,70.16],[-145.237,70.034],[-144.619,69.982],[-144.064,70.054],[-143.566,70.101],[-143.276,70.095],[-142.708,70.034],[-142.297,69.87],[-141.526,69.715],[-141.339,69.647],[-141.081,69.659],[-141.002,69.359],[-141.002,68.774],[-141.002,68.19],[-141.002,67.605],[-141.002,67.021],[-141.002,66.437],[-141.002,65.852],[-141.002,65.268],[-141.002,64.683],[-141.002,64.099],[-141.002,63.514],[-141.002,62.93],[-141.002,62.346],[-141.002,61.761],[-141.002,61.177],[-141.002,60.592],[-140.763,60.259],[-140.453,60.3],[-139.973,60.183],[-139.676,60.328],[-139.235,60.34],[-139.079,60.279],[-139.185,60.084],[-138.869,59.946],[-138.632,59.778],[-138.318,59.611],[-138.001,59.443],[-137.697,59.281],[-137.544,59.119],[-137.521,58.915],[-137.278,58.988],[-136.939,59.106],[-136.579,59.152],[-136.466,59.459],[-136.278,59.48],[-136.322,59.605],[-135.935,59.663],[-135.476,59.793],[-135.261,59.695],[-135.037,59.551],[-135.071,59.441],[-134.907,59.271],[-134.677,59.199],[-134.441,59.085],[-134.393,59.009],[-134.33,58.94],[-134.219,58.85],[-133.966,58.758],[-133.674,58.597],[-133.401,58.411],[-133.275,58.223],[-133.001,57.949],[-132.816,57.773],[-132.55,57.5],[-132.302,57.276],[-132.279,57.145],[-132.157,57.048],[-132.063,56.953],[-131.963,56.819],[-131.886,56.742],[-131.824,56.59],[-131.575,56.599],[-131.336,56.501],[-131.083,56.405],[-130.742,56.341],[-130.477,56.231],[-130.215,56.083],[-130.056,56.065],[-130.014,55.951],[-130.025,55.888]]],[[[-163.476,54.981],[-163.337,54.783],[-163.187,54.748],[-163.089,54.686],[-163.358,54.736],[-163.583,54.626],[-164.171,54.603],[-164.347,54.482],[-164.463,54.427],[-164.744,54.407],[-164.866,54.461],[-164.904,54.568],[-164.751,54.663],[-164.53,54.881],[-164.424,54.913],[-164.145,54.955],[-163.807,55.049],[-163.553,55.038],[-163.476,54.981]]],[[[-133.305,55.544],[-133.282,55.498],[-133.429,55.418],[-133.493,55.362],[-133.65,55.269],[-133.737,55.497],[-133.567,55.527],[-133.346,55.559],[-133.305,55.544]]],[[[-131.34,55.08],[-131.232,54.904],[-131.406,54.894],[-131.456,54.931],[-131.482,55.035],[-131.592,55.026],[-131.556,55.137],[-131.578,55.249],[-131.513,55.263],[-131.34,55.08]]],[[[-132.112,56.109],[-132.173,55.953],[-132.287,55.929],[-132.407,55.958],[-132.406,56.029],[-132.603,56.066],[-132.691,56.13],[-132.675,56.224],[-132.539,56.324],[-132.38,56.499],[-132.206,56.388],[-132.112,56.109]]],[[[-130.979,55.489],[-131.083,55.267],[-131.262,55.22],[-131.367,55.266],[-131.451,55.316],[-131.448,55.409],[-131.522,55.341],[-131.724,55.218],[-131.811,55.223],[-131.846,55.416],[-131.648,55.586],[-131.269,55.955],[-131.121,55.857],[-130.966,55.67],[-130.979,55.489]]],[[[-133.366,57.004],[-133.264,57.005],[-133.071,56.974],[-132.954,56.88],[-132.963,56.783],[-132.959,56.677],[-133.004,56.624],[-133.132,56.683],[-133.329,56.83],[-133.309,56.786],[-133.227,56.689],[-133.157,56.611],[-133.145,56.528],[-133.181,56.474],[-133.383,56.474],[-133.603,56.464],[-133.649,56.517],[-133.688,56.71],[-133.758,56.877],[-133.917,56.967],[-133.962,57.043],[-133.708,57.063],[-133.366,57.004]]],[[[-132.862,54.894],[-132.813,54.89],[-132.701,54.919],[-132.617,54.892],[-132.647,54.756],[-132.706,54.684],[-132.89,54.763],[-133.075,54.921],[-133.123,54.97],[-133.251,55.175],[-133.418,55.211],[-133.429,55.304],[-133.097,55.214],[-132.996,55.111],[-132.946,55.003],[-132.862,54.894]]],[[[-146.394,60.45],[-146.18,60.429],[-146.102,60.411],[-146.202,60.368],[-146.595,60.268],[-146.65,60.336],[-146.703,60.396],[-146.67,60.433],[-146.56,60.481],[-146.394,60.45]]],[[[-147.736,59.813],[-147.872,59.828],[-147.768,59.944],[-147.607,60.037],[-147.337,60.185],[-147.181,60.358],[-147.02,60.332],[-146.987,60.254],[-147.346,60.052],[-147.404,59.97],[-147.479,59.934],[-147.54,59.868],[-147.645,59.854],[-147.736,59.813]]],[[[-147.658,60.45],[-147.69,60.399],[-147.712,60.273],[-147.76,60.19],[-147.816,60.185],[-147.805,60.231],[-147.891,60.299],[-147.842,60.351],[-147.795,60.46],[-147.774,60.445],[-147.737,60.447],[-147.689,60.491],[-147.658,60.45]]],[[[-147.931,60.826],[-148.115,60.831],[-148.1,60.895],[-148.038,60.924],[-147.943,60.875],[-147.931,60.826]]],[[[-153.007,57.125],[-153.157,57.094],[-153.295,57.0],[-153.354,57.132],[-152.935,57.167],[-152.908,57.14],[-153.007,57.125]]],[[[-152.486,58.485],[-152.589,58.509],[-152.605,58.566],[-152.396,58.619],[-152.357,58.595],[-152.393,58.541],[-152.486,58.485]]],[[[-153.241,57.85],[-153.295,57.829],[-153.465,57.909],[-153.52,57.956],[-153.347,57.933],[-153.241,57.85]]],[[[-155.566,55.821],[-155.681,55.792],[-155.737,55.83],[-155.594,55.924],[-155.564,55.887],[-155.566,55.821]]],[[[-154.683,56.436],[-154.774,56.42],[-154.761,56.471],[-154.624,56.561],[-154.463,56.598],[-154.511,56.521],[-154.683,56.436]]],[[[-154.209,56.515],[-154.332,56.539],[-154.217,56.609],[-154.102,56.582],[-154.116,56.544],[-154.209,56.515]]],[[[-160.685,55.315],[-160.639,55.322],[-160.553,55.381],[-160.583,55.308],[-160.483,55.197],[-160.609,55.159],[-160.751,55.171],[-160.825,55.174],[-160.84,55.335],[-160.724,55.405],[-160.672,55.379],[-160.685,55.315]]],[[[-162.298,54.847],[-162.391,54.873],[-162.434,54.932],[-162.265,54.983],[-162.234,54.932],[-162.298,54.847]]],[[[-162.554,54.401],[-162.641,54.38],[-162.733,54.402],[-162.812,54.444],[-162.821,54.495],[-162.645,54.462],[-162.608,54.447],[-162.554,54.401]]],[[[-159.873,55.129],[-159.953,55.079],[-160.038,55.044],[-160.227,54.923],[-160.154,55.038],[-160.172,55.123],[-160.102,55.134],[-159.982,55.198],[-159.887,55.273],[-159.898,55.221],[-159.854,55.145],[-159.873,55.129]]],[[[-165.842,54.071],[-165.91,54.049],[-166.036,54.047],[-166.103,54.114],[-166.088,54.169],[-165.966,54.211],[-165.764,54.152],[-165.693,54.1],[-165.842,54.071]]],[[[-165.561,54.137],[-165.615,54.14],[-165.654,54.253],[-165.551,54.285],[-165.488,54.222],[-165.408,54.197],[-165.561,54.137]]],[[[-160.919,58.577],[-161.07,58.569],[-161.085,58.671],[-160.769,58.789],[-160.919,58.577]]],[[[-172.742,60.457],[-172.387,60.398],[-172.232,60.299],[-172.636,60.329],[-173.074,60.493],[-172.924,60.607],[-172.742,60.457]]],[[[-170.161,57.184],[-170.264,57.137],[-170.358,57.154],[-170.386,57.189],[-170.387,57.203],[-170.116,57.242],[-170.161,57.184]]],[[[-169.692,52.847],[-169.723,52.792],[-169.981,52.806],[-169.983,52.851],[-169.755,52.884],[-169.692,52.847]]],[[[-170.733,52.581],[-170.816,52.562],[-170.791,52.631],[-170.608,52.685],[-170.587,52.642],[-170.649,52.593],[-170.733,52.581]]],[[[-172.465,52.272],[-172.62,52.273],[-172.544,52.354],[-172.383,52.373],[-172.465,52.272]]],[[[-169.755,56.635],[-169.55,56.628],[-169.474,56.594],[-169.633,56.546],[-169.755,56.635]]],[[[-176.287,51.792],[-176.35,51.733],[-176.396,51.76],[-176.414,51.841],[-176.379,51.861],[-176.28,51.803],[-176.287,51.792]]],[[[-176.022,52.002],[-176.143,52.004],[-176.185,52.056],[-176.077,52.1],[-175.988,52.049],[-176.022,52.002]]],[[[-177.148,51.717],[-177.23,51.694],[-177.475,51.701],[-177.655,51.677],[-177.668,51.721],[-177.257,51.805],[-177.166,51.909],[-177.11,51.929],[-177.08,51.867],[-177.135,51.807],[-177.148,51.717]]],[[[178.575,51.916],[178.512,51.899],[178.478,51.943],[178.475,51.968],[178.509,51.995],[178.571,51.978],[178.607,51.953],[178.575,51.916]]],[[[179.452,51.373],[178.926,51.535],[178.648,51.644],[178.908,51.616],[179.182,51.47],[179.416,51.401],[179.452,51.373]]],[[[173.723,52.36],[173.616,52.391],[173.425,52.438],[173.658,52.504],[173.745,52.447],[173.723,52.36]]],[[[-134.97,57.351],[-134.823,57.157],[-134.677,56.842],[-134.621,56.718],[-134.624,56.579],[-134.657,56.523],[-134.63,56.302],[-134.682,56.216],[-134.806,56.281],[-134.95,56.457],[-134.982,56.564],[-134.933,56.616],[-134.883,56.679],[-135.018,56.66],[-135.159,56.725],[-135.163,56.824],[-135.331,56.822],[-135.338,56.894],[-135.2,57.027],[-135.267,57.049],[-135.375,57.188],[-135.502,57.244],[-135.662,57.034],[-135.782,57.058],[-135.821,57.23],[-135.787,57.317],[-135.625,57.354],[-135.57,57.425],[-135.449,57.534],[-135.131,57.432],[-134.97,57.351]]],[[[-134.68,58.162],[-134.24,58.144],[-133.966,57.874],[-133.869,57.708],[-133.827,57.618],[-133.996,57.778],[-134.067,57.84],[-134.178,57.982],[-134.213,58.038],[-134.292,58.045],[-134.3,57.963],[-134.084,57.712],[-133.937,57.582],[-133.974,57.451],[-133.911,57.353],[-134.1,57.3],[-134.435,57.057],[-134.555,57.058],[-134.613,57.138],[-134.576,57.232],[-134.487,57.482],[-134.66,57.638],[-134.754,57.995],[-134.82,58.147],[-134.908,58.263],[-134.923,58.355],[-134.733,58.225],[-134.68,58.162]]],[[[-135.73,58.244],[-135.586,58.124],[-135.693,58.039],[-135.613,57.992],[-135.421,58.102],[-135.347,58.124],[-135.002,58.051],[-134.928,57.953],[-135.103,57.794],[-135.231,57.816],[-135.25,57.733],[-134.897,57.648],[-134.931,57.481],[-135.22,57.574],[-135.564,57.666],[-135.621,57.597],[-135.692,57.42],[-135.997,57.535],[-136.378,57.84],[-136.569,57.972],[-136.512,58.096],[-136.37,58.143],[-136.246,58.157],[-136.142,58.154],[-135.994,58.197],[-135.882,58.247],[-135.73,58.244]]],[[[-133.566,56.339],[-133.203,56.32],[-133.104,56.235],[-133.075,56.156],[-133.101,56.1],[-132.758,55.995],[-132.534,55.842],[-132.43,55.687],[-132.215,55.519],[-132.196,55.479],[-132.511,55.594],[-132.548,55.544],[-132.631,55.473],[-132.418,55.483],[-132.215,55.384],[-132.158,55.3],[-132.215,55.237],[-132.166,55.218],[-131.976,55.209],[-131.978,54.969],[-131.997,54.901],[-131.983,54.835],[-132.022,54.726],[-132.134,54.713],[-132.266,54.802],[-132.37,54.922],[-132.486,54.95],[-132.594,54.996],[-132.627,55.11],[-132.665,55.147],[-132.683,55.074],[-132.782,55.048],[-133.061,55.301],[-133.103,55.36],[-132.971,55.376],[-133.082,55.504],[-133.033,55.59],[-133.244,55.595],[-133.343,55.651],[-133.503,55.696],[-133.64,55.749],[-133.664,55.804],[-133.537,55.832],[-133.412,55.798],[-133.308,55.886],[-133.252,55.957],[-133.371,56.036],[-133.684,55.943],[-133.755,55.999],[-133.531,56.146],[-133.594,56.216],[-133.566,56.339]]],[[[-133.99,56.845],[-133.831,56.781],[-133.738,56.65],[-133.809,56.611],[-133.884,56.485],[-133.885,56.292],[-133.95,56.128],[-133.994,56.101],[-134.067,56.133],[-134.19,56.077],[-134.195,56.414],[-134.15,56.513],[-134.278,56.617],[-134.391,56.749],[-134.274,56.918],[-134.052,56.898],[-133.99,56.845]]],[[[-152.417,58.36],[-152.343,58.412],[-152.198,58.363],[-152.079,58.312],[-151.998,58.314],[-151.983,58.244],[-152.109,58.161],[-152.187,58.185],[-152.252,58.251],[-152.334,58.208],[-152.305,58.154],[-152.381,58.124],[-152.538,58.101],[-152.571,58.168],[-152.639,58.102],[-152.764,58.031],[-152.841,58.014],[-152.983,57.997],[-153.381,58.087],[-152.976,58.297],[-152.815,58.276],[-152.769,58.346],[-152.841,58.416],[-152.612,58.446],[-152.478,58.4],[-152.417,58.36]]],[[[-167.964,53.345],[-168.37,53.16],[-168.506,53.043],[-168.597,53.016],[-168.741,52.957],[-169.089,52.832],[-168.974,52.91],[-168.836,53.02],[-168.783,53.079],[-168.76,53.175],[-168.639,53.256],[-168.437,53.257],[-168.363,53.304],[-168.405,53.354],[-168.357,53.458],[-168.193,53.533],[-167.986,53.558],[-167.805,53.485],[-167.865,53.387],[-167.964,53.345]]],[[[-166.615,53.901],[-166.497,53.884],[-166.4,53.978],[-166.336,53.971],[-166.319,53.874],[-166.546,53.726],[-166.385,53.721],[-166.309,53.698],[-166.444,53.652],[-166.702,53.537],[-166.851,53.453],[-167.154,53.408],[-167.3,53.35],[-167.381,53.342],[-167.48,53.292],[-167.592,53.273],[-167.669,53.26],[-167.809,53.324],[-167.639,53.387],[-167.424,53.437],[-167.136,53.526],[-167.042,53.655],[-166.894,53.697],[-166.819,53.641],[-166.804,53.685],[-166.777,53.733],[-166.973,53.771],[-167.071,53.783],[-167.121,53.843],[-167.09,53.906],[-166.978,53.963],[-166.734,54.002],[-166.627,53.996],[-166.615,53.901]]],[[[-173.553,52.136],[-173.113,52.1],[-173.023,52.079],[-173.232,52.068],[-173.461,52.042],[-173.836,52.048],[-173.93,52.072],[-173.992,52.123],[-173.794,52.104],[-173.657,52.144],[-173.553,52.136]]],[[[-174.677,52.035],[-175.296,52.022],[-175.118,52.047],[-174.668,52.135],[-174.306,52.216],[-174.406,52.296],[-174.365,52.342],[-174.169,52.42],[-174.018,52.332],[-174.055,52.246],[-174.179,52.2],[-174.344,52.078],[-174.677,52.035]]],[[[-176.593,51.867],[-176.473,51.837],[-176.437,51.754],[-176.47,51.731],[-176.558,51.712],[-176.837,51.676],[-176.874,51.79],[-176.736,51.84],[-176.698,51.986],[-176.55,51.944],[-176.593,51.867]]],[[[-177.879,51.65],[-177.925,51.617],[-178.078,51.691],[-177.977,51.738],[-178.045,51.801],[-178.195,51.882],[-178.117,51.916],[-177.866,51.86],[-177.644,51.826],[-177.771,51.778],[-177.879,51.65]]],[[[179.728,51.905],[179.645,51.88],[179.55,51.894],[179.498,51.933],[179.504,51.98],[179.627,52.03],[179.78,51.967],[179.728,51.905]]],[[[177.415,51.883],[177.261,51.884],[177.381,51.976],[177.521,52.018],[177.637,52.114],[177.653,52.06],[177.594,51.948],[177.415,51.883]]],[[[172.812,53.013],[173.102,52.996],[173.436,52.852],[173.348,52.825],[173.159,52.811],[172.935,52.752],[172.722,52.886],[172.495,52.938],[172.812,53.013]]],[[[-155.581,19.012],[-155.681,18.968],[-155.906,19.126],[-155.966,19.591],[-155.988,19.832],[-155.82,20.014],[-155.874,20.26],[-155.622,20.163],[-155.086,19.876],[-154.989,19.732],[-154.841,19.568],[-154.85,19.454],[-155.31,19.26],[-155.581,19.012]]],[[[-157.214,21.215],[-156.952,21.2],[-156.742,21.164],[-156.748,21.104],[-157.021,21.098],[-157.279,21.152],[-157.25,21.23],[-157.214,21.215]]],[[[-156.487,20.933],[-156.354,20.941],[-156.148,20.885],[-156.019,20.792],[-156.014,20.715],[-156.235,20.629],[-156.409,20.605],[-156.449,20.706],[-156.544,20.79],[-156.69,20.901],[-156.657,21.025],[-156.532,20.993],[-156.487,20.933]]],[[[-157.799,21.457],[-157.721,21.458],[-157.654,21.334],[-157.691,21.28],[-157.849,21.291],[-157.958,21.327],[-157.978,21.379],[-157.981,21.316],[-158.11,21.319],[-158.239,21.489],[-158.273,21.585],[-158.02,21.692],[-157.852,21.553],[-157.83,21.471],[-157.799,21.457]]],[[[-159.373,21.932],[-159.512,21.9],[-159.646,21.952],[-159.789,22.042],[-159.579,22.223],[-159.305,22.154],[-159.33,22.051],[-159.373,21.932]]],[[[-160.18,21.841],[-160.235,21.804],[-160.221,21.897],[-160.101,22.015],[-160.077,21.958],[-160.153,21.879],[-160.18,21.841]]],[[[-156.85,20.773],[-156.973,20.758],[-157.051,20.912],[-156.881,20.905],[-156.809,20.831],[-156.85,20.773]]],[[[-74.709,45.004],[-74.43,45.004],[-73.598,45.005],[-72.766,45.006],[-71.934,45.007],[-71.419,45.2],[-71.202,45.26],[-71.06,45.309],[-70.96,45.333],[-70.898,45.262],[-70.837,45.311],[-70.799,45.405],[-70.711,45.409],[-70.692,45.455],[-70.702,45.551],[-70.467,45.707],[-70.408,45.802],[-70.296,45.906],[-70.306,45.98],[-70.279,46.15],[-70.18,46.342],[-70.038,46.571],[-69.872,46.843],[-69.63,47.081],[-69.359,47.351],[-69.243,47.463],[-69.05,47.427],[-69.049,47.274],[-68.937,47.211],[-68.829,47.203],[-68.48,47.286],[-68.358,47.345],[-68.235,47.346],[-67.935,47.168],[-67.803,46.936],[-67.798,46.616],[-67.793,46.337],[-67.786,46.042],[-67.767,45.927],[-67.782,45.874],[-67.774,45.843],[-67.792,45.796],[-67.802,45.728],[-67.755,45.686],[-67.699,45.671],[-67.596,45.621],[-67.487,45.618],[-67.414,45.566],[-67.455,45.514],[-67.494,45.474],[-67.454,45.421],[-67.439,45.34],[-67.473,45.276],[-67.4,45.21],[-67.315,45.154],[-67.271,45.187],[-67.213,45.193],[-67.125,45.169],[-67.102,45.088],[-67.114,44.944],[-67.014,44.868],[-66.987,44.828],[-67.364,44.697],[-67.556,44.645],[-67.653,44.562],[-67.79,44.586],[-67.907,44.454],[-67.985,44.42],[-68.057,44.384],[-68.117,44.491],[-68.198,44.515],[-68.277,44.507],[-68.374,44.445],[-68.451,44.508],[-68.521,44.38],[-68.533,44.259],[-68.612,44.311],[-68.812,44.339],[-68.71,44.443],[-68.777,44.446],[-68.766,44.51],[-68.8,44.549],[-68.961,44.434],[-69.064,44.172],[-69.137,44.038],[-69.345,44.001],[-69.481,43.905],[-69.542,43.963],[-69.59,43.887],[-69.637,43.949],[-69.699,43.955],[-69.762,43.861],[-69.795,43.911],[-69.792,43.805],[-69.84,43.79],[-69.926,43.797],[-69.975,43.818],[-70.062,43.835],[-70.269,43.672],[-70.203,43.626],[-70.521,43.349],[-70.691,43.109],[-70.778,42.941],[-70.8,42.774],[-70.736,42.669],[-70.655,42.674],[-70.604,42.65],[-70.661,42.617],[-70.831,42.553],[-70.93,42.432],[-70.997,42.3],[-70.738,42.229],[-70.645,42.022],[-70.549,41.939],[-70.427,41.757],[-70.135,41.77],[-70.006,41.872],[-70.11,42.03],[-70.196,42.035],[-70.241,42.091],[-70.16,42.097],[-69.978,41.961],[-69.934,41.71],[-69.987,41.684],[-70.405,41.627],[-70.657,41.534],[-70.655,41.608],[-70.701,41.715],[-71.08,41.538],[-71.188,41.516],[-71.149,41.746],[-71.271,41.681],[-71.331,41.762],[-71.39,41.795],[-71.427,41.633],[-71.523,41.379],[-71.93,41.341],[-72.265,41.292],[-72.479,41.276],[-72.925,41.285],[-73.182,41.176],[-73.671,40.966],[-73.851,40.831],[-73.947,40.777],[-73.949,40.839],[-73.872,41.055],[-73.925,41.218],[-73.918,41.136],[-73.927,40.914],[-74.067,40.72],[-74.153,40.673],[-74.227,40.608],[-74.242,40.456],[-73.998,40.452],[-73.958,40.328],[-74.004,40.171],[-74.049,39.923],[-74.084,39.829],[-74.096,39.976],[-74.176,39.727],[-74.331,39.536],[-74.39,39.487],[-74.429,39.387],[-74.517,39.347],[-74.603,39.293],[-74.646,39.208],[-74.923,38.941],[-74.92,39.047],[-74.975,39.188],[-75.136,39.208],[-75.353,39.34],[-75.519,39.532],[-75.472,39.712],[-75.353,39.83],[-75.104,39.932],[-75.173,39.895],[-75.401,39.832],[-75.502,39.717],[-75.582,39.589],[-75.574,39.477],[-75.413,39.281],[-75.31,38.967],[-75.089,38.778],[-75.128,38.632],[-75.111,38.599],[-75.036,38.503],[-75.051,38.383],[-75.073,38.41],[-75.117,38.406],[-75.142,38.298],[-75.225,38.242],[-75.354,38.065],[-75.587,37.559],[-75.699,37.516],[-75.812,37.425],[-75.934,37.152],[-75.997,37.264],[-75.888,37.619],[-75.719,37.821],[-75.735,37.974],[-75.829,38.033],[-75.856,38.14],[-75.928,38.169],[-75.864,38.261],[-75.859,38.362],[-75.937,38.31],[-75.986,38.332],[-76.02,38.295],[-76.117,38.318],[-76.265,38.436],[-76.264,38.6],[-76.113,38.602],[-76.017,38.625],[-76.175,38.707],[-76.278,38.772],[-76.341,38.71],[-76.247,38.823],[-76.191,38.916],[-76.331,38.909],[-76.313,39.009],[-76.186,38.991],[-76.133,39.123],[-76.236,39.192],[-76.074,39.369],[-75.876,39.376],[-76.003,39.411],[-75.913,39.468],[-75.97,39.505],[-76.006,39.569],[-76.085,39.527],[-76.097,39.433],[-76.216,39.38],[-76.248,39.439],[-76.276,39.323],[-76.347,39.388],[-76.359,39.325],[-76.403,39.253],[-76.57,39.269],[-76.489,39.159],[-76.42,39.074],[-76.546,39.068],[-76.519,39.001],[-76.52,38.898],[-76.521,38.788],[-76.501,38.532],[-76.416,38.42],[-76.439,38.362],[-76.572,38.436],[-76.659,38.58],[-76.669,38.538],[-76.409,38.268],[-76.333,38.141],[-76.402,38.125],[-76.594,38.228],[-76.868,38.39],[-76.89,38.292],[-76.988,38.394],[-77.077,38.442],[-77.233,38.408],[-77.221,38.541],[-77.054,38.706],[-77.03,38.889],[-77.092,38.72],[-77.26,38.6],[-77.314,38.397],[-77.232,38.34],[-77.047,38.357],[-76.645,38.134],[-76.472,38.011],[-76.264,37.894],[-76.293,37.794],[-76.344,37.676],[-76.492,37.682],[-76.829,37.962],[-77.071,38.167],[-76.925,38.033],[-76.715,37.81],[-76.549,37.669],[-76.306,37.571],[-76.269,37.495],[-76.263,37.357],[-76.405,37.332],[-76.454,37.274],[-76.758,37.505],[-76.738,37.449],[-76.497,37.247],[-76.327,37.149],[-76.283,37.053],[-76.401,36.991],[-76.507,37.072],[-76.631,37.222],[-77.007,37.318],[-77.227,37.309],[-77.002,37.271],[-76.765,37.184],[-76.634,37.047],[-76.488,36.897],[-76.244,36.953],[-75.999,36.913],[-75.942,36.766],[-75.758,36.229],[-75.534,35.819],[-75.728,36.104],[-75.894,36.567],[-75.946,36.659],[-75.973,36.6],[-75.993,36.474],[-75.925,36.383],[-75.82,36.113],[-75.95,36.209],[-76.148,36.279],[-76.15,36.146],[-76.271,36.19],[-76.321,36.138],[-76.424,36.068],[-76.559,36.015],[-76.718,36.148],[-76.74,36.133],[-76.726,35.958],[-76.504,35.956],[-76.264,35.967],[-76.07,35.97],[-76.076,35.788],[-76.046,35.691],[-75.979,35.896],[-75.812,35.956],[-75.759,35.843],[-75.774,35.647],[-76.104,35.38],[-76.275,35.369],[-76.447,35.408],[-76.516,35.436],[-76.577,35.532],[-76.634,35.453],[-76.887,35.463],[-76.974,35.458],[-76.553,35.306],[-76.566,35.215],[-76.613,35.104],[-76.779,34.99],[-77.07,35.155],[-76.899,34.97],[-76.457,34.989],[-76.44,34.843],[-76.618,34.77],[-76.733,34.707],[-76.896,34.701],[-77.134,34.708],[-77.296,34.603],[-77.384,34.694],[-77.413,34.592],[-77.38,34.527],[-77.65,34.358],[-77.751,34.285],[-77.888,34.05],[-77.933,33.989],[-77.953,34.169],[-78.013,33.912],[-78.578,33.873],[-78.92,33.659],[-79.194,33.244],[-79.227,33.363],[-79.281,33.315],[-79.276,33.135],[-79.499,33.027],[-79.615,32.909],[-79.805,32.787],[-79.894,32.729],[-80.022,32.62],[-80.18,32.593],[-80.268,32.537],[-80.461,32.521],[-80.634,32.512],[-80.474,32.423],[-80.514,32.324],[-80.608,32.293],[-80.647,32.396],[-80.683,32.349],[-80.803,32.448],[-80.765,32.298],[-80.702,32.246],[-80.758,32.142],[-80.849,32.114],[-80.872,32.03],[-81.046,31.892],[-81.113,31.879],[-81.065,31.813],[-81.098,31.753],[-81.198,31.704],[-81.166,31.646],[-81.242,31.574],[-81.223,31.528],[-81.175,31.531],[-81.258,31.436],[-81.381,31.353],[-81.329,31.314],[-81.365,31.172],[-81.442,31.2],[-81.453,31.088],[-81.501,30.914],[-81.516,30.802],[-81.457,30.641],[-81.337,30.141],[-81.105,29.457],[-80.564,28.556],[-80.568,28.426],[-80.585,28.272],[-80.533,28.07],[-80.5,27.934],[-80.623,28.32],[-80.633,28.518],[-80.665,28.375],[-80.732,28.463],[-80.688,28.579],[-80.766,28.633],[-80.771,28.732],[-80.838,28.758],[-80.787,28.561],[-80.686,28.272],[-80.226,27.207],[-80.089,26.994],[-80.041,26.569],[-80.126,25.833],[-80.143,25.874],[-80.219,25.742],[-80.328,25.427],[-80.485,25.23],[-80.737,25.156],[-81.012,25.133],[-81.167,25.229],[-81.136,25.31],[-80.965,25.224],[-80.98,25.312],[-81.113,25.367],[-81.345,25.732],[-81.568,25.892],[-81.811,26.146],[-81.931,26.467],[-81.896,26.597],[-81.882,26.665],[-81.97,26.552],[-82.04,26.552],[-82.067,26.892],[-82.096,26.963],[-82.169,26.874],[-82.243,26.849],[-82.354,26.936],[-82.62,27.401],[-82.715,27.5],[-82.636,27.525],[-82.431,27.771],[-82.406,27.863],[-82.498,27.868],[-82.58,27.958],[-82.675,27.964],[-82.597,27.873],[-82.626,27.746],[-82.715,27.733],[-82.775,27.734],[-82.844,27.846],[-82.661,28.486],[-82.644,28.812],[-82.769,29.052],[-83.694,29.926],[-84.31,30.065],[-84.375,29.982],[-84.383,29.907],[-84.55,29.898],[-84.889,29.778],[-85.029,29.721],[-85.319,29.68],[-85.414,29.768],[-85.383,29.785],[-85.315,29.758],[-85.354,29.876],[-85.676,30.122],[-85.61,30.148],[-85.641,30.237],[-85.676,30.279],[-85.743,30.201],[-85.791,30.172],[-86.175,30.333],[-86.24,30.429],[-86.138,30.442],[-86.257,30.493],[-86.448,30.496],[-86.606,30.425],[-86.968,30.372],[-87.164,30.374],[-86.986,30.431],[-86.998,30.57],[-87.072,30.5],[-87.171,30.539],[-87.251,30.397],[-87.476,30.294],[-87.444,30.364],[-87.513,30.368],[-88.006,30.231],[-87.904,30.259],[-87.813,30.347],[-87.898,30.414],[-87.923,30.562],[-88.011,30.694],[-88.078,30.566],[-88.135,30.367],[-88.35,30.373],[-88.82,30.406],[-88.905,30.415],[-89.224,30.332],[-89.321,30.345],[-89.588,30.166],[-90.045,30.351],[-90.225,30.379],[-90.413,30.14],[-90.175,30.029],[-89.894,30.126],[-89.773,30.137],[-89.668,30.145],[-89.715,30.078],[-89.815,30.007],[-89.632,29.904],[-89.563,30.002],[-89.401,30.046],[-89.401,29.978],[-89.363,29.84],[-89.455,29.784],[-89.591,29.725],[-89.621,29.674],[-89.683,29.675],[-89.721,29.619],[-89.58,29.486],[-89.246,29.333],[-89.117,29.248],[-89.016,29.203],[-89.11,29.099],[-89.156,29.017],[-89.236,29.081],[-89.376,28.981],[-89.389,29.105],[-89.522,29.249],[-89.62,29.302],[-89.717,29.313],[-89.797,29.381],[-89.877,29.458],[-90.161,29.504],[-90.101,29.463],[-90.053,29.337],[-90.083,29.24],[-90.136,29.136],[-90.247,29.131],[-90.379,29.295],[-90.586,29.272],[-90.751,29.131],[-91.29,29.289],[-91.237,29.331],[-91.155,29.351],[-91.26,29.505],[-91.278,29.563],[-91.514,29.555],[-91.672,29.746],[-91.893,29.836],[-92.08,29.761],[-92.114,29.668],[-92.084,29.593],[-92.671,29.597],[-92.952,29.714],[-93.283,29.789],[-93.695,29.77],[-93.826,29.725],[-93.884,29.81],[-93.809,29.851],[-93.769,29.952],[-93.841,29.98],[-93.886,29.723],[-94.1,29.67],[-94.76,29.384],[-94.526,29.548],[-94.733,29.535],[-94.724,29.655],[-94.832,29.753],[-94.93,29.68],[-95.023,29.702],[-94.936,29.46],[-95.018,29.259],[-95.152,29.079],[-95.388,28.898],[-95.732,28.712],[-96.02,28.587],[-96.235,28.489],[-96.011,28.632],[-96.275,28.655],[-96.374,28.631],[-96.526,28.648],[-96.576,28.716],[-96.64,28.709],[-96.475,28.479],[-96.489,28.406],[-96.676,28.341],[-96.795,28.321],[-96.84,28.194],[-96.92,28.185],[-96.967,28.19],[-97.096,28.158],[-97.155,28.103],[-97.034,28.094],[-97.171,27.88],[-97.374,27.87],[-97.431,27.837],[-97.38,27.419],[-97.48,27.317],[-97.682,27.395],[-97.692,27.287],[-97.475,27.173],[-97.517,27.053],[-97.527,26.908],[-97.466,26.692],[-97.402,26.397],[-97.15,26.065],[-97.146,25.961],[-97.339,25.911],[-97.358,25.871],[-97.44,25.891],[-97.801,26.042],[-98.275,26.111],[-98.486,26.225],[-98.691,26.276],[-98.873,26.381],[-99.108,26.447],[-99.172,26.566],[-99.302,26.885],[-99.456,27.057],[-99.458,27.082],[-99.455,27.234],[-99.51,27.34],[-99.484,27.467],[-99.595,27.636],[-99.89,27.867],[-100.112,28.173],[-100.296,28.328],[-100.348,28.486],[-100.399,28.614],[-100.636,28.973],[-100.755,29.183],[-101.016,29.401],[-101.039,29.46],[-101.38,29.743],[-101.509,29.773],[-101.546,29.808],[-101.612,29.787],[-101.991,29.796],[-102.269,29.871],[-102.386,29.807],[-102.615,29.752],[-102.834,29.444],[-102.866,29.258],[-102.957,29.19],[-103.09,29.042],[-103.258,29.001],[-103.664,29.207],[-103.99,29.323],[-104.216,29.48],[-104.401,29.574],[-104.622,29.854],[-104.681,30.134],[-104.918,30.583],[-105.098,30.721],[-105.514,30.981],[-106.024,31.398],[-106.256,31.545],[-106.436,31.764],[-106.453,31.77],[-106.893,31.772],[-107.333,31.775],[-107.772,31.777],[-108.212,31.779],[-108.213,31.554],[-108.214,31.329],[-108.921,31.328],[-109.628,31.327],[-110.335,31.326],[-111.042,31.324],[-111.99,31.62],[-112.939,31.916],[-113.887,32.212],[-114.836,32.508],[-114.725,32.715],[-115.125,32.683],[-115.698,32.64],[-116.27,32.598],[-116.842,32.555],[-117.13,32.54],[-117.184,32.688],[-117.271,32.806],[-117.263,32.939],[-117.467,33.296],[-117.952,33.62],[-118.162,33.751],[-118.294,33.712],[-118.393,33.858],[-118.599,34.035],[-119.144,34.112],[-119.268,34.257],[-119.606,34.418],[-119.853,34.412],[-120.17,34.476],[-120.481,34.472],[-120.645,34.58],[-120.638,34.749],[-120.663,34.949],[-120.659,35.122],[-120.857,35.21],[-120.86,35.365],[-121.023,35.481],[-121.284,35.676],[-121.434,35.864],[-121.664,36.154],[-121.91,36.433],[-121.835,36.657],[-121.795,36.801],[-121.881,36.939],[-122.395,37.208],[-122.499,37.543],[-122.514,37.772],[-122.384,37.789],[-122.37,37.656],[-122.229,37.564],[-122.119,37.483],[-122.097,37.518],[-122.158,37.626],[-122.296,37.79],[-122.365,37.921],[-122.314,38.007],[-122.087,38.05],[-121.638,38.061],[-121.525,38.056],[-121.682,38.075],[-121.881,38.075],[-121.993,38.12],[-122.154,38.066],[-122.337,38.136],[-122.484,38.109],[-122.467,37.838],[-122.584,37.874],[-122.76,37.946],[-122.932,38.055],[-123.001,38.019],[-122.978,38.227],[-122.908,38.197],[-123.046,38.305],[-123.29,38.536],[-123.701,38.907],[-123.82,39.368],[-123.783,39.619],[-123.884,39.861],[-124.324,40.252],[-124.372,40.491],[-124.284,40.711],[-124.242,40.728],[-124.22,40.696],[-124.19,40.772],[-124.219,40.791],[-124.133,40.97],[-124.069,41.384],[-124.118,41.622],[-124.245,41.788],[-124.212,41.985],[-124.41,42.304],[-124.406,42.584],[-124.54,42.813],[-124.454,43.012],[-124.321,43.368],[-124.197,43.423],[-124.288,43.41],[-124.184,43.652],[-124.131,44.056],[-124.047,44.425],[-124.045,44.648],[-123.949,45.401],[-123.929,45.577],[-123.947,46.141],[-123.989,46.219],[-123.912,46.182],[-123.522,46.223],[-123.402,46.155],[-123.221,46.154],[-123.299,46.171],[-123.465,46.271],[-123.688,46.3],[-123.96,46.301],[-124.045,46.373],[-124.044,46.605],[-123.946,46.433],[-123.889,46.66],[-124.072,46.745],[-123.843,46.963],[-124.042,47.03],[-124.117,47.0],[-124.164,47.015],[-124.199,47.209],[-124.376,47.659],[-124.621,47.904],[-124.702,48.152],[-124.71,48.38],[-124.429,48.301],[-124.099,48.2],[-123.294,48.12],[-123.162,48.155],[-123.024,48.082],[-122.909,48.077],[-122.779,48.138],[-122.769,48.076],[-122.679,47.932],[-122.778,47.738],[-122.805,47.784],[-123.051,47.552],[-123.139,47.386],[-123.104,47.348],[-122.922,47.408],[-123.018,47.401],[-123.06,47.454],[-122.982,47.559],[-122.814,47.659],[-122.718,47.762],[-122.588,47.856],[-122.586,47.928],[-122.511,47.816],[-122.618,47.713],[-122.614,47.616],[-122.664,47.617],[-122.586,47.528],[-122.554,47.405],[-122.604,47.275],[-122.708,47.316],[-122.768,47.218],[-122.813,47.329],[-122.92,47.29],[-122.988,47.173],[-122.914,47.131],[-122.73,47.112],[-122.627,47.144],[-122.542,47.276],[-122.465,47.296],[-122.354,47.372],[-122.375,47.528],[-122.381,47.628],[-122.407,47.677],[-122.382,47.752],[-122.393,47.821],[-122.318,47.933],[-122.261,48.042],[-122.353,48.114],[-122.416,48.184],[-122.387,48.09],[-122.494,48.13],[-122.529,48.199],[-122.467,48.258],[-122.409,48.294],[-122.542,48.411],[-122.638,48.433],[-122.669,48.465],[-122.628,48.498],[-122.497,48.506],[-122.515,48.555],[-122.545,48.762],[-122.58,48.78],[-122.653,48.764],[-122.722,48.853],[-122.686,48.993],[-121.834,48.993],[-120.981,48.993],[-120.128,48.993],[-119.275,48.993],[-118.423,48.993],[-117.57,48.993],[-116.717,48.993],[-115.864,48.993],[-115.012,48.993],[-114.159,48.993],[-113.306,48.993],[-112.453,48.993],[-111.6,48.993],[-110.748,48.993],[-109.895,48.993],[-109.042,48.993],[-108.189,48.993],[-107.337,48.993],[-106.484,48.993],[-105.631,48.993],[-104.778,48.993],[-103.926,48.993],[-103.073,48.993],[-102.22,48.993],[-101.367,48.993],[-100.515,48.993],[-99.662,48.993],[-98.809,48.993],[-97.956,48.993],[-97.103,48.993],[-96.251,48.993],[-95.398,48.993],[-95.158,49.203],[-94.939,49.349],[-94.854,49.305],[-94.843,49.119],[-94.713,48.863],[-94.705,48.808],[-94.621,48.743],[-94.055,48.659],[-93.804,48.549],[-93.564,48.537],[-93.378,48.617],[-93.155,48.625],[-92.996,48.612],[-92.733,48.532],[-92.501,48.435],[-92.415,48.277],[-92.299,48.329],[-92.005,48.302],[-91.647,48.105],[-91.387,48.059],[-91.043,48.194],[-90.84,48.201],[-90.744,48.105],[-90.32,48.099],[-90.04,48.078],[-89.901,47.995],[-89.551,48.0],[-89.273,48.02],[-89.063,48.094],[-88.612,48.264],[-88.161,48.225],[-87.921,48.13],[-87.494,47.962],[-86.922,47.735],[-86.496,47.567],[-86.234,47.46],[-85.846,47.3],[-85.458,47.14],[-85.07,46.98],[-84.827,46.767],[-84.666,46.543],[-84.502,46.462],[-84.402,46.516],[-84.192,46.55],[-84.125,46.527],[-84.128,46.484],[-84.115,46.371],[-84.088,46.227],[-83.978,46.085],[-83.763,46.109],[-83.616,46.117],[-83.48,46.024],[-83.593,45.817],[-83.179,45.633],[-82.76,45.448],[-82.515,45.204],[-82.447,44.916],[-82.368,44.573],[-82.281,44.192],[-82.197,43.822],[-82.19,43.474],[-82.408,43.073],[-82.488,42.74],[-82.645,42.558],[-82.868,42.385],[-83.073,42.3],[-83.15,42.142],[-83.03,41.833],[-82.69,41.675],[-82.213,41.779],[-81.761,41.987],[-81.278,42.209],[-80.683,42.3],[-80.036,42.441],[-79.446,42.651],[-79.037,42.802],[-78.915,42.909],[-78.946,42.961],[-79.012,42.997],[-79.029,43.062],[-79.066,43.106],[-79.083,43.331],[-79.002,43.527],[-78.72,43.625],[-78.215,43.631],[-77.597,43.629],[-77.073,43.627],[-76.696,43.785],[-76.465,44.058],[-76.186,44.242],[-76.02,44.363],[-75.819,44.468],[-75.401,44.772],[-74.996,44.97],[-74.762,44.999],[-74.709,45.004]]],[[[-72.51,40.986],[-72.517,40.915],[-72.409,40.972],[-72.184,41.047],[-72.102,41.015],[-71.903,41.061],[-72.428,40.875],[-72.676,40.791],[-73.194,40.654],[-73.266,40.664],[-73.767,40.593],[-73.801,40.622],[-73.823,40.656],[-73.929,40.599],[-74.032,40.639],[-73.965,40.725],[-73.757,40.834],[-73.652,40.838],[-73.61,40.906],[-73.487,40.92],[-73.407,40.941],[-73.278,40.924],[-73.111,40.957],[-72.829,40.972],[-72.544,41.027],[-72.274,41.153],[-72.51,40.986]]],[[[-68.187,44.332],[-68.309,44.321],[-68.315,44.25],[-68.412,44.294],[-68.347,44.43],[-68.238,44.438],[-68.187,44.332]]],[[[-74.188,40.523],[-74.188,40.615],[-74.069,40.649],[-74.08,40.586],[-74.188,40.523]]],[[[-70.51,41.376],[-70.785,41.327],[-70.829,41.359],[-70.76,41.374],[-70.674,41.449],[-70.616,41.457],[-70.525,41.415],[-70.51,41.376]]],[[[-71.241,41.492],[-71.346,41.469],[-71.307,41.56],[-71.264,41.638],[-71.241,41.492]]],[[[-69.978,41.266],[-70.233,41.286],[-70.063,41.328],[-70.041,41.397],[-69.978,41.266]]],[[[-75.636,35.856],[-75.651,35.836],[-75.717,35.946],[-75.649,35.91],[-75.637,35.881],[-75.636,35.856]]],[[[-75.544,35.24],[-75.69,35.222],[-75.488,35.479],[-75.504,35.735],[-75.479,35.717],[-75.465,35.449],[-75.544,35.24]]],[[[-75.782,35.19],[-75.964,35.119],[-75.984,35.123],[-75.865,35.174],[-75.782,35.19]]],[[[-76.504,34.643],[-76.529,34.631],[-76.437,34.756],[-76.256,34.915],[-76.207,34.939],[-76.358,34.804],[-76.504,34.643]]],[[[-82.037,26.454],[-82.073,26.428],[-82.145,26.447],[-82.184,26.481],[-82.201,26.548],[-82.139,26.477],[-82.116,26.461],[-82.037,26.454]]],[[[-82.084,26.552],[-82.085,26.494],[-82.136,26.592],[-82.169,26.701],[-82.121,26.666],[-82.084,26.552]]],[[[-80.382,25.142],[-80.559,25.001],[-80.456,25.149],[-80.355,25.234],[-80.28,25.341],[-80.382,25.142]]],[[[-91.794,29.501],[-91.996,29.573],[-91.925,29.644],[-91.796,29.597],[-91.754,29.567],[-91.794,29.501]]],[[[-97.014,27.902],[-96.988,27.981],[-96.899,28.117],[-96.84,28.089],[-97.014,27.902]]],[[[-96.764,28.153],[-96.756,28.202],[-96.519,28.333],[-96.419,28.376],[-96.413,28.338],[-96.764,28.153]]],[[[-97.354,27.3],[-97.385,27.243],[-97.376,27.328],[-97.295,27.523],[-97.13,27.779],[-97.061,27.822],[-97.251,27.541],[-97.354,27.3]]],[[[-95.04,29.146],[-95.09,29.136],[-94.872,29.29],[-94.826,29.341],[-94.768,29.339],[-94.865,29.253],[-95.04,29.146]]],[[[-97.171,26.159],[-97.267,26.33],[-97.407,27.1],[-97.351,26.801],[-97.171,26.159]]],[[[-120.307,34.025],[-120.36,34.022],[-120.442,34.033],[-120.413,34.056],[-120.368,34.073],[-120.353,34.061],[-120.307,34.025]]],[[[-119.438,33.217],[-119.483,33.215],[-119.544,33.225],[-119.575,33.278],[-119.525,33.282],[-119.479,33.275],[-119.442,33.232],[-119.438,33.217]]],[[[-118.35,32.828],[-118.473,32.839],[-118.59,33.011],[-118.507,32.96],[-118.35,32.828]]],[[[-120.044,33.919],[-120.114,33.905],[-120.167,33.918],[-120.252,34.014],[-120.072,34.027],[-119.994,33.985],[-119.984,33.973],[-120.044,33.919]]],[[[-119.882,34.08],[-119.569,34.053],[-119.562,34.007],[-119.885,33.995],[-119.918,34.068],[-119.882,34.08]]],[[[-118.348,33.386],[-118.37,33.321],[-118.469,33.357],[-118.507,33.427],[-118.563,33.437],[-118.555,33.477],[-118.348,33.386]]],[[[-122.782,48.673],[-122.809,48.63],[-122.883,48.661],[-122.887,48.612],[-122.986,48.627],[-122.977,48.679],[-122.898,48.71],[-122.782,48.673]]],[[[-123.013,48.501],[-123.094,48.489],[-123.153,48.526],[-123.162,48.606],[-123.024,48.538],[-123.013,48.501]]],[[[-122.573,48.157],[-122.503,48.08],[-122.367,47.939],[-122.411,47.918],[-122.462,47.964],[-122.558,47.992],[-122.603,48.055],[-122.623,48.151],[-122.69,48.174],[-122.749,48.239],[-122.669,48.351],[-122.604,48.381],[-122.536,48.321],[-122.692,48.241],[-122.624,48.214],[-122.573,48.157]]],[[[-71.365,41.485],[-71.393,41.467],[-71.403,41.515],[-71.384,41.571],[-71.364,41.572],[-71.354,41.542],[-71.365,41.485]]],[[[-74.133,39.681],[-74.25,39.529],[-74.253,39.558],[-74.107,39.746],[-74.133,39.681]]],[[[-75.333,37.888],[-75.379,37.872],[-75.226,38.072],[-75.137,38.24],[-75.098,38.298],[-75.136,38.181],[-75.203,38.072],[-75.333,37.888]]],[[[-76.546,34.655],[-76.569,34.653],[-76.608,34.664],[-76.662,34.685],[-76.674,34.7],[-76.622,34.695],[-76.546,34.655]]],[[[-81.335,24.65],[-81.379,24.636],[-81.422,24.733],[-81.322,24.685],[-81.335,24.65]]],[[[-80.829,24.804],[-80.848,24.804],[-80.839,24.818],[-80.799,24.846],[-80.785,24.835],[-80.787,24.821],[-80.829,24.804]]],[[[-80.638,24.903],[-80.665,24.898],[-80.626,24.941],[-80.615,24.938],[-80.638,24.903]]],[[[-81.044,24.717],[-81.09,24.693],[-81.137,24.71],[-81.085,24.734],[-80.93,24.759],[-80.989,24.728],[-81.044,24.717]]],[[[-81.419,30.971],[-81.463,30.728],[-81.483,30.814],[-81.485,30.898],[-81.451,30.947],[-81.419,30.971]]],[[[-81.567,24.6],[-81.631,24.59],[-81.579,24.629],[-81.562,24.689],[-81.532,24.642],[-81.532,24.614],[-81.567,24.6]]],[[[-80.187,27.278],[-80.171,27.205],[-80.262,27.376],[-80.376,27.643],[-80.437,27.851],[-80.396,27.795],[-80.356,27.679],[-80.187,27.278]]],[[[-81.784,24.545],[-81.809,24.542],[-81.811,24.558],[-81.768,24.577],[-81.739,24.575],[-81.74,24.554],[-81.784,24.545]]],[[[-88.889,29.713],[-88.944,29.66],[-88.941,29.68],[-88.901,29.733],[-88.873,29.753],[-88.889,29.713]]],[[[-88.558,30.216],[-88.571,30.205],[-88.659,30.226],[-88.713,30.245],[-88.723,30.264],[-88.574,30.229],[-88.558,30.216]]],[[[-88.071,30.252],[-88.159,30.231],[-88.29,30.233],[-88.316,30.24],[-88.264,30.255],[-88.109,30.274],[-88.071,30.252]]],[[[-89.224,30.084],[-89.269,30.061],[-89.31,30.079],[-89.276,30.111],[-89.211,30.126],[-89.224,30.084]]],[[[-88.827,29.808],[-88.856,29.776],[-88.828,29.928],[-88.867,30.057],[-88.826,30.0],[-88.813,29.933],[-88.827,29.808]]],[[[-84.908,29.643],[-85.117,29.633],[-85.001,29.627],[-84.812,29.718],[-84.908,29.643]]],[[[-122.853,47.205],[-122.863,47.185],[-122.877,47.186],[-122.908,47.226],[-122.912,47.254],[-122.885,47.275],[-122.849,47.216],[-122.853,47.205]]],[[[-122.394,47.395],[-122.437,47.355],[-122.458,47.386],[-122.51,47.358],[-122.486,47.489],[-122.442,47.446],[-122.394,47.395]]],[[[-122.497,47.595],[-122.558,47.598],[-122.574,47.667],[-122.55,47.704],[-122.508,47.683],[-122.497,47.595]]],[[[-122.821,48.431],[-122.89,48.435],[-122.932,48.485],[-122.885,48.552],[-122.862,48.502],[-122.821,48.431]]],[[[-68.623,44.196],[-68.661,44.176],[-68.702,44.183],[-68.703,44.232],[-68.691,44.249],[-68.677,44.256],[-68.656,44.242],[-68.623,44.196]]]]}},{"type":"Feature","properties":{"iso_a2":"GB"},"geometry":{"type":"MultiPolygon","coordinates":[[[[-2.668,51.623],[-2.979,51.539],[-3.259,51.398],[-3.562,51.414],[-3.891,51.592],[-3.998,51.582],[-4.235,51.569],[-4.091,51.66],[-4.328,51.7],[-4.531,51.748],[-4.718,51.684],[-5.125,51.706],[-5.167,51.808],[-5.262,51.88],[-5.088,51.996],[-4.561,52.151],[-4.218,52.277],[-4.1,52.393],[-3.98,52.542],[-4.079,52.608],[-4.039,52.704],[-4.118,52.82],[-4.101,52.915],[-4.356,52.897],[-4.584,52.815],[-4.681,52.844],[-4.526,52.958],[-4.362,53.056],[-4.269,53.145],[-3.809,53.303],[-3.646,53.298],[-3.428,53.341],[-3.098,53.26],[-3.065,53.427],[-2.864,53.293],[-2.794,53.331],[-2.913,53.35],[-3.065,53.513],[-2.996,53.663],[-2.984,53.747],[-3.045,53.844],[-2.9,53.961],[-2.846,54.135],[-2.994,54.171],[-3.11,54.126],[-3.322,54.229],[-3.569,54.468],[-3.465,54.773],[-3.036,54.953],[-3.434,54.964],[-3.658,54.893],[-3.783,54.87],[-3.899,54.805],[-4.076,54.787],[-4.174,54.801],[-4.253,54.847],[-4.41,54.787],[-4.648,54.789],[-4.852,54.825],[-4.911,54.689],[-5.135,54.858],[-5.173,54.986],[-5.056,54.988],[-4.785,55.359],[-4.677,55.501],[-4.724,55.598],[-4.89,55.781],[-4.826,55.93],[-4.584,55.939],[-4.844,56.051],[-4.8,56.158],[-4.856,56.115],[-4.97,56.008],[-5.115,55.945],[-5.196,55.929],[-5.228,55.886],[-5.247,56.0],[-5.176,56.117],[-5.084,56.197],[-5.383,56.019],[-5.419,55.975],[-5.373,55.828],[-5.556,55.39],[-5.618,55.331],[-5.731,55.334],[-5.768,55.395],[-5.681,55.624],[-5.605,55.721],[-5.507,55.808],[-5.602,55.797],[-5.61,56.055],[-5.535,56.251],[-5.433,56.422],[-5.329,56.556],[-5.243,56.687],[-5.218,56.751],[-5.652,56.532],[-5.865,56.562],[-5.969,56.69],[-6.134,56.707],[-6.035,56.764],[-5.731,56.853],[-5.85,56.918],[-5.591,57.102],[-5.631,57.294],[-5.795,57.379],[-5.802,57.468],[-5.689,57.524],[-5.679,57.572],[-5.742,57.644],[-5.695,57.778],[-5.608,57.881],[-5.319,57.904],[-5.157,57.881],[-5.394,58.044],[-5.351,58.144],[-5.356,58.212],[-5.27,58.251],[-5.008,58.263],[-5.081,58.345],[-5.079,58.419],[-5.067,58.52],[-4.976,58.58],[-4.81,58.573],[-4.715,58.51],[-4.535,58.562],[-4.433,58.513],[-3.86,58.577],[-3.454,58.617],[-3.053,58.635],[-3.057,58.589],[-3.101,58.434],[-3.137,58.378],[-3.411,58.24],[-3.99,57.959],[-4.036,57.852],[-3.857,57.819],[-4.078,57.677],[-3.988,57.581],[-3.628,57.662],[-3.295,57.71],[-3.036,57.672],[-2.856,57.692],[-2.074,57.702],[-1.867,57.612],[-1.781,57.474],[-1.934,57.352],[-2.046,57.209],[-2.09,57.103],[-2.427,56.731],[-2.593,56.562],[-2.775,56.483],[-3.124,56.425],[-3.31,56.363],[-3.087,56.389],[-2.653,56.318],[-2.768,56.202],[-3.178,56.08],[-3.362,56.028],[-3.695,56.063],[-3.704,56.043],[-3.049,55.952],[-2.837,56.026],[-2.147,55.903],[-1.83,55.672],[-1.655,55.57],[-1.523,55.26],[-1.292,54.774],[-1.154,54.654],[-0.671,54.504],[-0.37,54.279],[-0.084,54.118],[-0.206,54.022],[-0.108,53.865],[0.115,53.609],[0.036,53.641],[-0.074,53.644],[-0.27,53.737],[-0.568,53.725],[-0.485,53.694],[0.128,53.468],[0.356,53.16],[0.208,53.03],[0.046,52.906],[0.33,52.812],[0.432,52.858],[0.559,52.967],[0.827,52.971],[1.056,52.959],[1.382,52.894],[1.716,52.677],[1.747,52.469],[1.647,52.279],[1.591,52.12],[1.413,51.995],[1.276,51.974],[1.228,51.949],[1.274,51.845],[1.101,51.785],[0.752,51.73],[0.927,51.647],[0.799,51.538],[0.593,51.519],[0.425,51.466],[0.6,51.468],[0.687,51.387],[1.015,51.36],[1.373,51.375],[1.416,51.311],[1.366,51.155],[0.979,50.972],[0.772,50.934],[0.532,50.853],[0.3,50.776],[-0.204,50.814],[-0.785,50.765],[-1.001,50.816],[-1.285,50.857],[-1.334,50.821],[-1.601,50.733],[-1.866,50.715],[-2.006,50.673],[-1.998,50.608],[-2.35,50.637],[-2.433,50.599],[-2.659,50.67],[-2.901,50.722],[-3.405,50.632],[-3.526,50.428],[-3.68,50.24],[-3.9,50.286],[-4.173,50.391],[-4.217,50.378],[-4.379,50.358],[-4.728,50.29],[-5.01,50.161],[-5.119,50.038],[-5.323,50.083],[-5.551,50.083],[-5.655,50.077],[-5.571,50.197],[-5.142,50.374],[-5.004,50.495],[-4.894,50.534],[-4.583,50.776],[-4.546,50.901],[-4.296,51.027],[-4.158,51.201],[-3.608,51.229],[-3.256,51.194],[-3.042,51.249],[-2.791,51.475],[-2.59,51.609],[-2.539,51.695],[-2.668,51.623]]],[[[-4.197,53.321],[-4.049,53.306],[-4.2,53.218],[-4.373,53.134],[-4.472,53.176],[-4.568,53.386],[-4.315,53.417],[-4.197,53.321]]],[[[-2.549,59.231],[-2.662,59.23],[-2.604,59.289],[-2.536,59.304],[-2.407,59.298],[-2.43,59.271],[-2.549,59.231]]],[[[-1.043,60.514],[-1.166,60.604],[-1.006,60.717],[-1.0,60.658],[-1.049,60.647],[-1.034,60.53],[-1.043,60.514]]],[[[-1.308,60.538],[-1.236,60.485],[-1.118,60.418],[-1.066,60.382],[-1.153,60.177],[-1.179,60.114],[-1.245,59.971],[-1.299,59.879],[-1.3,60.04],[-1.291,60.153],[-1.409,60.19],[-1.497,60.194],[-1.517,60.231],[-1.641,60.237],[-1.664,60.283],[-1.494,60.292],[-1.45,60.469],[-1.572,60.494],[-1.498,60.53],[-1.364,60.61],[-1.308,60.538]]],[[[-0.774,60.812],[-0.826,60.716],[-0.909,60.687],[-0.938,60.746],[-0.916,60.81],[-0.865,60.806],[-0.802,60.831],[-0.774,60.812]]],[[[-3.165,58.794],[-3.279,58.782],[-3.401,58.882],[-3.357,58.919],[-3.228,58.857],[-3.212,58.814],[-3.165,58.794]]],[[[-2.929,58.742],[-2.939,58.739],[-2.975,58.757],[-3.035,58.823],[-2.941,58.836],[-2.896,58.828],[-2.913,58.8],[-2.929,58.742]]],[[[-3.057,59.03],[-2.995,59.006],[-2.818,58.982],[-2.793,58.907],[-2.864,58.891],[-3.167,58.919],[-3.223,58.939],[-3.233,58.99],[-3.304,58.967],[-3.347,58.987],[-3.347,59.065],[-3.249,59.144],[-3.051,59.099],[-3.02,59.058],[-3.057,59.03]]],[[[-2.729,59.187],[-2.852,59.182],[-2.964,59.274],[-3.052,59.324],[-2.976,59.347],[-2.815,59.241],[-2.72,59.219],[-2.729,59.187]]],[[[-6.608,56.585],[-6.664,56.579],[-6.669,56.594],[-6.57,56.661],[-6.506,56.672],[-6.484,56.666],[-6.53,56.627],[-6.608,56.585]]],[[[-5.105,55.449],[-5.277,55.457],[-5.393,55.618],[-5.346,55.691],[-5.252,55.717],[-5.16,55.667],[-5.095,55.494],[-5.105,55.449]]],[[[-5.778,56.344],[-6.313,56.294],[-6.298,56.339],[-6.139,56.491],[-6.32,56.569],[-6.286,56.612],[-6.138,56.65],[-6.03,56.61],[-5.836,56.523],[-5.778,56.344]]],[[[-6.129,55.931],[-6.058,55.723],[-6.088,55.658],[-6.305,55.607],[-6.27,55.67],[-6.286,55.773],[-6.334,55.774],[-6.491,55.697],[-6.466,55.769],[-6.445,55.832],[-6.375,55.871],[-6.311,55.856],[-6.129,55.931]]],[[[-5.97,55.815],[-6.042,55.807],[-6.071,55.848],[-6.041,55.926],[-5.97,55.992],[-5.939,56.045],[-5.762,56.12],[-5.797,56.006],[-5.97,55.815]]],[[[-6.199,58.363],[-6.376,58.185],[-6.555,58.093],[-6.403,58.076],[-6.425,58.021],[-6.683,57.911],[-6.854,57.827],[-6.957,57.75],[-7.013,57.762],[-6.956,57.865],[-6.857,57.924],[-7.003,57.975],[-7.052,58.018],[-7.017,58.055],[-7.077,58.079],[-7.096,58.138],[-7.045,58.202],[-7.012,58.229],[-6.886,58.183],[-6.726,58.189],[-6.788,58.284],[-6.742,58.322],[-6.297,58.487],[-6.219,58.489],[-6.199,58.363]]],[[[-6.279,56.965],[-6.346,56.954],[-6.433,57.018],[-6.278,57.031],[-6.261,56.985],[-6.279,56.965]]],[[[-6.145,57.505],[-6.164,57.409],[-6.136,57.314],[-6.068,57.284],[-5.706,57.269],[-5.669,57.227],[-5.795,57.147],[-5.949,57.045],[-6.015,57.052],[-6.163,57.182],[-6.323,57.202],[-6.442,57.327],[-6.741,57.412],[-6.753,57.459],[-6.643,57.483],[-6.583,57.507],[-6.615,57.553],[-6.379,57.603],[-6.306,57.672],[-6.166,57.585],[-6.145,57.505]]],[[[-7.206,57.683],[-7.183,57.533],[-7.515,57.602],[-7.499,57.636],[-7.44,57.656],[-7.325,57.663],[-7.206,57.683]]],[[[-7.25,57.115],[-7.347,57.115],[-7.416,57.192],[-7.407,57.298],[-7.296,57.384],[-7.248,57.126],[-7.25,57.115]]],[[[-7.417,56.965],[-7.537,56.96],[-7.523,57.007],[-7.407,57.0],[-7.417,56.965]]],[[[-6.218,54.089],[-6.364,54.077],[-6.44,54.064],[-6.65,54.059],[-6.647,54.163],[-6.767,54.196],[-6.858,54.269],[-6.877,54.329],[-7.008,54.407],[-7.133,54.355],[-7.178,54.275],[-7.193,54.214],[-7.325,54.133],[-7.409,54.137],[-7.607,54.144],[-7.855,54.215],[-7.918,54.297],[-8.145,54.454],[-8.044,54.512],[-7.754,54.595],[-7.82,54.64],[-7.909,54.683],[-7.873,54.718],[-7.737,54.71],[-7.606,54.746],[-7.502,54.825],[-7.446,54.905],[-7.377,55.028],[-7.179,55.057],[-7.031,55.081],[-6.889,55.189],[-6.699,55.193],[-6.375,55.242],[-6.129,55.217],[-5.986,55.03],[-5.717,54.817],[-5.765,54.725],[-5.879,54.641],[-5.739,54.673],[-5.528,54.62],[-5.47,54.5],[-5.526,54.46],[-5.616,54.537],[-5.646,54.478],[-5.632,54.373],[-5.607,54.273],[-5.826,54.236],[-5.876,54.156],[-6.019,54.051],[-6.218,54.089]]],[[[-1.066,50.69],[-1.176,50.615],[-1.251,50.589],[-1.515,50.67],[-1.516,50.703],[-1.313,50.773],[-1.066,50.69]]]]}},{"type":"Feature","properties":{"iso_a2":"AE"},"geometry":{"type":"MultiPolygon","coordinates":[[[[56.298,25.651],[56.373,25.018],[56.353,24.973],[56.268,24.867],[56.154,24.796],[56.064,24.739],[55.97,24.859],[56.006,24.876],[56.001,24.953],[55.916,24.972],[55.823,24.911],[55.792,24.781],[55.804,24.636],[55.768,24.491],[55.804,24.384],[55.761,24.243],[55.929,24.215],[55.992,24.093],[55.894,24.041],[55.697,24.024],[55.468,23.941],[55.519,23.885],[55.508,23.725],[55.414,23.519],[55.27,23.19],[55.192,22.923],[55.186,22.704],[55.104,22.621],[54.998,22.634],[54.805,22.658],[54.472,22.699],[54.055,22.75],[53.61,22.804],[53.192,22.855],[52.859,22.896],[52.666,22.919],[52.555,22.933],[52.455,23.052],[52.345,23.183],[52.235,23.314],[52.125,23.445],[52.014,23.576],[51.904,23.708],[51.794,23.838],[51.684,23.97],[51.593,24.079],[51.568,24.258],[51.605,24.338],[51.665,24.25],[51.768,24.254],[51.843,24.011],[52.119,23.971],[52.511,24.113],[53.026,24.147],[53.802,24.069],[54.148,24.171],[54.397,24.278],[54.499,24.463],[54.58,24.564],[54.659,24.716],[55.098,25.042],[55.322,25.3],[55.523,25.498],[56.025,25.916],[56.08,26.063],[56.167,26.047],[56.154,25.848],[56.145,25.691],[56.25,25.625],[56.298,25.651]],[[56.282,25.236],[56.288,25.279],[56.277,25.301],[56.234,25.304],[56.217,25.267],[56.211,25.213],[56.24,25.209],[56.282,25.236]]],[[[53.332,24.259],[53.191,24.291],[53.371,24.364],[53.445,24.371],[53.383,24.281],[53.332,24.259]]],[[[52.617,24.289],[52.6,24.281],[52.582,24.335],[52.584,24.352],[52.629,24.377],[52.658,24.333],[52.617,24.289]]],[[[53.928,24.177],[53.826,24.153],[53.716,24.145],[53.69,24.211],[53.894,24.215],[53.928,24.177]]],[[[54.465,24.443],[54.428,24.425],[54.335,24.471],[54.398,24.506],[54.465,24.443]]]]}},{"type":"Feature","properties":{"iso_a2":"TR"},"geometry":{"type":"MultiPolygon","coordinates":[[[[25.97,40.136],[25.74,40.105],[25.669,40.136],[25.741,40.196],[25.875,40.234],[25.918,40.238],[25.977,40.178],[25.97,40.136]]],[[[41.51,41.517],[41.702,41.472],[41.824,41.432],[42.078,41.494],[42.28,41.475],[42.466,41.44],[42.567,41.559],[42.607,41.579],[42.754,41.579],[42.822,41.492],[43.057,41.353],[43.171,41.288],[43.153,41.236],[43.279,41.185],[43.402,41.177],[43.442,41.126],[43.455,41.065],[43.592,40.968],[43.696,40.794],[43.713,40.648],[43.569,40.482],[43.616,40.393],[43.678,40.239],[43.683,40.15],[43.792,40.07],[44.005,40.014],[44.289,40.04],[44.56,39.888],[44.768,39.704],[44.817,39.65],[44.725,39.682],[44.517,39.731],[44.389,39.422],[44.24,39.397],[44.044,39.393],[44.034,39.351],[44.074,39.26],[44.121,39.181],[44.181,39.108],[44.159,39.017],[44.171,38.934],[44.272,38.836],[44.28,38.641],[44.291,38.42],[44.32,38.375],[44.431,38.357],[44.45,38.318],[44.373,38.21],[44.329,38.109],[44.229,37.967],[44.223,37.88],[44.398,37.829],[44.59,37.71],[44.546,37.636],[44.577,37.56],[44.574,37.435],[44.715,37.357],[44.797,37.27],[44.767,37.156],[44.731,37.165],[44.606,37.176],[44.496,37.111],[44.326,37.011],[44.246,36.983],[44.202,37.052],[44.192,37.25],[44.114,37.302],[44.013,37.314],[43.836,37.224],[43.568,37.236],[43.307,37.315],[43.185,37.345],[42.937,37.325],[42.775,37.372],[42.635,37.249],[42.359,37.109],[42.269,37.277],[42.203,37.297],[42.06,37.206],[41.744,37.126],[41.34,37.071],[41.102,37.086],[40.816,37.108],[40.45,37.009],[39.687,36.739],[39.357,36.682],[38.906,36.695],[38.689,36.715],[38.444,36.862],[38.306,36.893],[37.907,36.795],[37.72,36.744],[37.436,36.643],[37.187,36.656],[36.985,36.702],[36.777,36.793],[36.628,36.778],[36.547,36.506],[36.641,36.264],[36.562,36.224],[36.421,36.203],[36.348,36.004],[36.202,35.938],[36.127,35.831],[35.893,35.917],[35.887,36.159],[35.883,36.406],[36.188,36.659],[36.18,36.807],[36.049,36.911],[35.802,36.778],[35.661,36.724],[35.537,36.597],[35.176,36.635],[34.811,36.799],[34.601,36.784],[34.023,36.341],[33.695,36.182],[33.442,36.153],[32.929,36.096],[32.534,36.101],[32.284,36.268],[32.022,36.535],[31.353,36.801],[30.95,36.849],[30.582,36.797],[30.506,36.451],[30.446,36.27],[30.295,36.288],[30.083,36.249],[29.689,36.157],[29.224,36.324],[29.116,36.52],[29.058,36.638],[28.97,36.715],[28.817,36.675],[28.484,36.804],[28.196,36.686],[28.019,36.634],[28.084,36.751],[27.656,36.675],[27.454,36.712],[27.555,36.759],[27.934,36.809],[28.083,36.92],[28.242,37.029],[27.668,37.007],[27.311,36.982],[27.25,37.079],[27.368,37.122],[27.52,37.249],[27.376,37.341],[27.219,37.389],[27.148,37.604],[27.078,37.688],[27.255,37.882],[27.159,37.987],[26.879,38.055],[26.683,38.198],[26.582,38.149],[26.428,38.214],[26.291,38.277],[26.416,38.368],[26.372,38.562],[26.441,38.641],[26.587,38.557],[26.595,38.419],[26.674,38.336],[26.727,38.419],[26.861,38.373],[27.144,38.452],[26.907,38.482],[26.795,38.626],[26.764,38.71],[26.909,38.776],[26.97,38.919],[26.866,38.923],[26.808,39.014],[26.854,39.116],[26.682,39.292],[26.813,39.419],[26.899,39.55],[26.484,39.521],[26.113,39.467],[26.101,39.569],[26.15,39.873],[26.313,40.025],[26.738,40.4],[27.122,40.452],[27.314,40.415],[27.476,40.32],[27.789,40.351],[27.732,40.481],[27.875,40.513],[27.995,40.467],[27.929,40.38],[28.289,40.403],[28.739,40.391],[29.055,40.424],[28.895,40.482],[28.788,40.534],[29.054,40.649],[29.845,40.738],[29.801,40.76],[29.26,40.847],[29.082,40.963],[29.067,41.102],[29.148,41.221],[29.919,41.151],[30.81,41.085],[31.347,41.158],[32.086,41.589],[32.542,41.806],[33.285,42.005],[34.193,41.964],[35.006,42.063],[35.141,41.99],[35.122,41.891],[35.298,41.729],[35.92,41.714],[36.052,41.683],[36.278,41.336],[36.51,41.263],[36.647,41.353],[36.992,41.275],[37.431,41.114],[37.91,41.002],[38.557,40.937],[39.426,41.106],[39.911,40.966],[40.128,40.943],[40.688,41.107],[40.959,41.212],[41.414,41.424],[41.51,41.517]]],[[[28.014,41.969],[28.05,41.729],[28.346,41.466],[29.057,41.23],[28.996,41.061],[28.78,40.974],[28.172,41.081],[27.925,40.991],[27.499,40.973],[27.258,40.687],[26.772,40.498],[26.33,40.123],[26.203,40.075],[26.26,40.202],[26.254,40.315],[26.447,40.445],[26.792,40.627],[26.361,40.606],[26.105,40.611],[26.039,40.727],[26.109,40.75],[26.241,40.883],[26.354,40.997],[26.333,41.064],[26.326,41.143],[26.536,41.343],[26.625,41.402],[26.581,41.601],[26.495,41.633],[26.411,41.696],[26.318,41.745],[26.36,41.802],[26.529,41.847],[26.58,41.948],[26.679,41.963],[26.885,41.992],[27.012,42.059],[27.244,42.093],[27.363,42.025],[27.535,41.921],[27.661,41.961],[27.802,41.957],[27.879,41.987],[28.014,41.969]]]]}},{"type":"Feature","properties":{"iso_a2":"TH"},"geometry":{"type":"MultiPolygon","coordinates":[[[[102.606,11.677],[102.59,11.572],[102.533,11.615],[102.546,11.668],[102.569,11.692],[102.606,11.677]]],[[[102.427,11.989],[102.378,11.983],[102.302,11.981],[102.277,12.152],[102.378,12.073],[102.427,11.989]]],[[[98.409,7.902],[98.357,7.829],[98.296,7.776],[98.301,8.136],[98.351,8.111],[98.399,7.965],[98.409,7.902]]],[[[100.122,20.317],[100.14,20.245],[100.218,20.34],[100.318,20.386],[100.432,20.241],[100.52,20.178],[100.543,20.089],[100.466,19.889],[100.42,19.644],[100.625,19.5],[100.807,19.542],[100.906,19.605],[101.155,19.579],[101.221,19.487],[101.227,19.212],[101.286,18.977],[101.166,18.618],[101.06,18.479],[101.051,18.407],[101.138,18.287],[101.144,18.143],[100.999,17.797],[100.956,17.541],[101.105,17.48],[101.3,17.625],[101.555,17.812],[101.688,17.889],[101.775,18.033],[101.875,18.046],[102.035,18.17],[102.148,18.204],[102.352,18.046],[102.553,17.965],[102.596,17.87],[102.661,17.818],[102.675,17.852],[102.807,17.946],[102.991,17.986],[103.091,18.138],[103.2,18.259],[103.28,18.305],[103.252,18.373],[103.367,18.423],[103.63,18.383],[103.899,18.295],[104.049,18.217],[104.323,17.816],[104.539,17.609],[104.74,17.462],[104.759,17.077],[104.751,16.648],[104.95,16.34],[105.047,16.16],[105.331,16.038],[105.376,15.942],[105.399,15.83],[105.562,15.741],[105.641,15.657],[105.616,15.488],[105.513,15.361],[105.49,15.257],[105.533,15.042],[105.523,14.843],[105.497,14.591],[105.423,14.472],[105.244,14.368],[105.169,14.336],[105.074,14.227],[105.003,14.254],[104.97,14.366],[104.779,14.428],[104.412,14.37],[104.054,14.363],[103.899,14.363],[103.742,14.374],[103.546,14.417],[103.313,14.351],[103.031,14.253],[102.873,14.055],[102.729,13.842],[102.545,13.66],[102.547,13.586],[102.336,13.56],[102.331,13.288],[102.423,13.078],[102.491,12.828],[102.63,12.57],[102.756,12.426],[102.706,12.256],[102.918,11.732],[102.912,11.704],[102.792,11.889],[102.655,12.149],[102.575,12.158],[102.434,12.179],[102.259,12.394],[102.23,12.332],[102.034,12.532],[101.889,12.593],[101.724,12.689],[101.09,12.674],[100.898,12.654],[100.896,12.818],[100.946,13.187],[100.947,13.358],[100.907,13.462],[100.603,13.568],[100.236,13.484],[100.017,13.353],[100.051,13.171],[99.982,12.771],[100.006,12.355],[99.93,12.047],[99.799,11.749],[99.627,11.463],[99.514,11.101],[99.285,10.569],[99.165,10.32],[99.195,10.175],[99.161,9.734],[99.288,9.415],[99.254,9.265],[99.394,9.214],[99.836,9.288],[99.905,9.113],[99.99,8.589],[100.129,8.428],[100.159,8.474],[100.229,8.425],[100.454,7.442],[100.545,7.227],[100.411,7.464],[100.343,7.553],[100.28,7.584],[100.317,7.716],[100.158,7.728],[100.205,7.501],[100.424,7.188],[100.586,7.176],[100.793,6.995],[101.154,6.875],[101.401,6.9],[101.614,6.754],[102.101,6.242],[102.055,6.097],[101.917,5.911],[101.791,5.779],[101.678,5.779],[101.601,5.877],[101.556,5.908],[101.257,5.789],[101.191,5.669],[101.114,5.637],[101.025,5.725],[100.993,5.846],[101.087,6.034],[101.054,6.243],[100.989,6.258],[100.817,6.332],[100.754,6.46],[100.629,6.448],[100.345,6.55],[100.217,6.687],[100.161,6.642],[100.119,6.442],[99.696,6.877],[99.668,7.151],[99.553,7.219],[99.529,7.329],[99.359,7.372],[99.264,7.619],[99.078,7.718],[99.051,7.888],[98.872,8.024],[98.704,8.257],[98.579,8.344],[98.474,8.247],[98.361,8.187],[98.238,8.423],[98.242,8.768],[98.371,9.291],[98.493,9.561],[98.703,10.19],[98.747,10.351],[98.775,10.557],[98.757,10.661],[98.887,10.788],[99.19,11.105],[99.443,11.554],[99.515,11.631],[99.612,11.75],[99.523,12.09],[99.432,12.309],[99.394,12.474],[99.372,12.594],[99.22,12.74],[99.174,12.961],[99.107,13.104],[99.176,13.233],[99.156,13.576],[99.086,13.823],[98.934,14.05],[98.57,14.36],[98.4,14.603],[98.246,14.815],[98.178,15.147],[98.232,15.241],[98.329,15.279],[98.537,15.351],[98.565,15.404],[98.558,15.769],[98.592,16.051],[98.866,16.237],[98.888,16.352],[98.835,16.418],[98.661,16.33],[98.565,16.571],[98.478,16.732],[98.439,16.976],[98.175,17.24],[97.929,17.533],[97.729,17.776],[97.699,17.834],[97.72,18.037],[97.622,18.258],[97.599,18.303],[97.451,18.36],[97.374,18.518],[97.485,18.494],[97.577,18.529],[97.728,18.572],[97.754,18.621],[97.714,18.996],[97.794,19.266],[97.916,19.593],[98.015,19.75],[98.111,19.762],[98.294,19.687],[98.455,19.694],[98.761,19.771],[98.876,19.77],[98.958,19.805],[99.021,20.042],[99.074,20.099],[99.197,20.115],[99.338,20.079],[99.452,20.118],[99.502,20.188],[99.448,20.352],[99.532,20.343],[99.72,20.325],[99.825,20.384],[99.954,20.415],[100.122,20.317]]],[[[100.074,9.697],[100.064,9.68],[100.026,9.712],[99.998,9.748],[99.983,9.794],[100.043,9.792],[100.073,9.749],[100.074,9.697]]],[[[100.071,9.586],[100.054,9.461],[99.931,9.476],[99.954,9.581],[100.071,9.586]]],[[[99.663,6.522],[99.644,6.516],[99.607,6.597],[99.654,6.714],[99.701,6.571],[99.663,6.522]]],[[[98.592,7.934],[98.58,7.917],[98.529,8.109],[98.604,8.057],[98.592,7.934]]],[[[98.308,9.051],[98.251,9.041],[98.258,9.095],[98.274,9.13],[98.301,9.139],[98.312,9.08],[98.308,9.051]]],[[[99.078,7.592],[99.104,7.471],[99.068,7.496],[99.038,7.548],[99.038,7.626],[99.045,7.637],[99.078,7.592]]]]}},{"type":"Feature","properties":{"iso_a2":"TZ"},"geometry":{"type":"MultiPolygon","coordinates":[[[[39.496,-6.175],[39.563,-6.427],[39.481,-6.454],[39.424,-6.348],[39.313,-6.279],[39.182,-6.173],[39.192,-5.931],[39.309,-5.722],[39.368,-5.951],[39.488,-6.166],[39.496,-6.175]]],[[[39.865,-4.906],[39.856,-5.004],[39.853,-5.255],[39.749,-5.444],[39.673,-5.407],[39.701,-5.114],[39.781,-4.945],[39.865,-4.906]]],[[[32.92,-9.407],[32.757,-9.322],[32.487,-9.213],[32.319,-9.135],[32.13,-9.073],[31.943,-9.054],[31.919,-8.942],[31.818,-8.902],[31.7,-8.914],[31.613,-8.863],[31.535,-8.713],[31.351,-8.607],[31.033,-8.598],[30.892,-8.474],[30.777,-8.266],[30.721,-8.104],[30.559,-7.782],[30.407,-7.461],[30.313,-7.204],[30.162,-6.973],[29.962,-6.803],[29.71,-6.617],[29.541,-6.314],[29.48,-6.025],[29.596,-5.776],[29.594,-5.651],[29.504,-5.401],[29.42,-5.176],[29.323,-4.899],[29.368,-4.669],[29.403,-4.449],[29.77,-4.418],[30.147,-4.085],[30.269,-3.85],[30.379,-3.731],[30.425,-3.589],[30.632,-3.419],[30.611,-3.366],[30.682,-3.309],[30.811,-3.201],[30.794,-3.069],[30.78,-2.985],[30.604,-2.935],[30.456,-2.893],[30.424,-2.824],[30.45,-2.753],[30.434,-2.659],[30.442,-2.613],[30.554,-2.4],[30.657,-2.374],[30.762,-2.372],[30.829,-2.338],[30.877,-2.143],[30.819,-1.967],[30.828,-1.694],[30.762,-1.459],[30.632,-1.367],[30.47,-1.131],[30.51,-1.067],[30.599,-1.07],[30.742,-1.008],[30.824,-0.999],[30.95,-1.002],[31.305,-1.002],[31.661,-1.002],[32.016,-1.002],[32.372,-1.002],[32.727,-1.002],[33.083,-1.002],[33.438,-1.002],[33.794,-1.002],[33.979,-1.002],[34.132,-1.085],[34.558,-1.323],[34.984,-1.561],[35.411,-1.799],[35.837,-2.037],[36.263,-2.275],[36.689,-2.513],[37.116,-2.751],[37.542,-2.989],[37.659,-3.07],[37.688,-3.246],[37.625,-3.407],[37.608,-3.497],[37.67,-3.517],[37.726,-3.56],[37.797,-3.674],[38.041,-3.85],[38.348,-4.071],[38.655,-4.292],[38.962,-4.513],[39.19,-4.677],[39.202,-4.776],[39.119,-5.065],[39.058,-5.232],[38.911,-5.626],[38.805,-6.07],[38.874,-6.331],[39.067,-6.499],[39.228,-6.685],[39.472,-6.879],[39.519,-7.124],[39.353,-7.341],[39.287,-7.788],[39.428,-7.813],[39.34,-8.243],[39.304,-8.444],[39.488,-8.862],[39.451,-8.943],[39.625,-9.409],[39.728,-9.725],[39.784,-9.915],[39.864,-10.022],[39.984,-10.16],[40.138,-10.203],[40.389,-10.354],[40.453,-10.443],[40.347,-10.552],[39.989,-10.821],[39.694,-10.955],[39.439,-11.035],[39.171,-11.167],[38.795,-11.229],[38.492,-11.413],[38.177,-11.279],[37.92,-11.295],[37.855,-11.379],[37.725,-11.581],[37.373,-11.71],[37.114,-11.647],[36.979,-11.567],[36.771,-11.61],[36.519,-11.716],[36.191,-11.671],[36.082,-11.537],[35.785,-11.453],[35.631,-11.582],[35.504,-11.605],[35.418,-11.583],[34.959,-11.578],[34.937,-11.463],[34.851,-11.352],[34.774,-11.342],[34.726,-11.238],[34.638,-11.127],[34.598,-11.037],[34.652,-10.873],[34.662,-10.71],[34.584,-10.525],[34.572,-10.428],[34.58,-10.32],[34.524,-10.073],[34.476,-9.949],[34.321,-9.732],[33.996,-9.495],[33.95,-9.565],[33.954,-9.658],[33.889,-9.67],[33.766,-9.611],[33.528,-9.608],[33.421,-9.608],[33.225,-9.5],[32.974,-9.395],[32.92,-9.407]]],[[[39.711,-7.977],[39.636,-7.978],[39.661,-7.901],[39.847,-7.73],[39.907,-7.649],[39.824,-7.901],[39.711,-7.977]]]]}},{"type":"Feature","properties":{"iso_a2":"TW"},"geometry":{"type":"MultiPolygon","coordinates":[[[[121.009,22.62],[120.897,22.379],[120.878,22.142],[120.84,21.925],[120.69,22.033],[120.608,22.313],[120.48,22.442],[120.316,22.548],[120.273,22.627],[120.15,22.975],[120.083,23.094],[120.086,23.212],[120.143,23.399],[120.132,23.653],[120.63,24.479],[120.836,24.723],[120.964,24.928],[121.095,25.065],[121.45,25.249],[121.594,25.275],[121.687,25.182],[121.853,25.104],[121.929,24.974],[121.82,24.825],[121.826,24.641],[121.737,24.285],[121.613,24.053],[121.526,23.668],[121.397,23.173],[121.296,22.967],[121.009,22.62]]],[[[118.407,24.522],[118.451,24.456],[118.433,24.414],[118.295,24.436],[118.287,24.477],[118.339,24.469],[118.407,24.522]]]]}},{"type":"Feature","properties":{"iso_a2":"CH"},"geometry":{"type":"Polygon","coordinates":[[[9.524,47.524],[9.626,47.467],[9.528,47.271],[9.479,47.098],[9.502,47.063],[9.62,47.057],[9.845,47.007],[9.878,46.938],[10.133,46.852],[10.349,46.985],[10.455,46.899],[10.406,46.735],[10.438,46.619],[10.431,46.55],[10.272,46.565],[10.137,46.614],[10.061,46.547],[10.046,46.448],[10.11,46.363],[10.145,46.254],[10.081,46.228],[9.972,46.328],[9.884,46.368],[9.639,46.296],[9.529,46.306],[9.441,46.431],[9.399,46.481],[9.26,46.475],[9.251,46.287],[9.071,46.102],[9.003,46.015],[9.019,45.928],[9.024,45.846],[8.904,45.862],[8.778,45.996],[8.819,46.077],[8.565,46.16],[8.438,46.283],[8.437,46.432],[8.371,46.445],[8.232,46.341],[8.082,46.256],[8.125,46.161],[7.993,46.016],[7.788,45.922],[7.539,45.978],[7.328,45.912],[7.056,45.904],[7.004,45.959],[6.897,46.052],[6.806,46.131],[6.817,46.275],[6.767,46.369],[6.758,46.416],[6.429,46.431],[6.235,46.333],[6.23,46.308],[6.199,46.193],[6.007,46.142],[5.97,46.215],[6.096,46.279],[6.123,46.379],[6.068,46.459],[6.13,46.567],[6.285,46.683],[6.429,46.832],[6.456,46.948],[6.667,47.027],[6.821,47.163],[6.979,47.302],[7.001,47.339],[6.921,47.361],[6.968,47.453],[7.136,47.49],[7.167,47.454],[7.266,47.426],[7.42,47.455],[7.495,47.547],[7.698,47.57],[8.094,47.576],[8.328,47.607],[8.43,47.592],[8.478,47.613],[8.571,47.638],[8.552,47.659],[8.413,47.663],[8.436,47.731],[8.573,47.776],[8.728,47.7],[8.77,47.71],[8.831,47.704],[8.881,47.656],[9.183,47.671],[9.524,47.524]]]}},{"type":"Feature","properties":{"iso_a2":"SE"},"geometry":{"type":"MultiPolygon","coordinates":[[[[19.076,57.836],[18.945,57.742],[18.814,57.706],[18.908,57.398],[18.785,57.361],[18.7,57.243],[18.477,57.163],[18.34,56.978],[18.146,56.921],[18.285,57.083],[18.164,57.212],[18.152,57.339],[18.137,57.557],[18.283,57.655],[18.537,57.831],[18.805,57.833],[18.901,57.915],[19.076,57.836]]],[[[16.529,56.291],[16.432,56.244],[16.394,56.484],[16.63,56.877],[16.865,57.091],[16.961,57.25],[17.025,57.345],[17.118,57.32],[17.058,57.229],[16.884,56.985],[16.778,56.805],[16.529,56.291]]],[[[11.388,59.037],[11.544,58.893],[11.712,59.019],[11.798,59.29],[11.685,59.556],[11.834,59.697],[11.932,59.864],[12.072,59.898],[12.292,59.967],[12.486,60.107],[12.516,60.305],[12.589,60.451],[12.445,60.69],[12.294,61.003],[12.468,61.042],[12.706,61.06],[12.776,61.174],[12.864,61.29],[12.758,61.446],[12.487,61.573],[12.155,61.721],[12.292,62.167],[12.304,62.286],[12.122,62.66],[12.12,62.826],[12.141,62.948],[12.145,63.083],[12.0,63.292],[12.175,63.596],[12.533,63.844],[12.69,63.957],[12.988,64.05],[13.3,64.075],[13.961,64.014],[14.063,64.096],[14.148,64.26],[14.078,64.464],[13.65,64.582],[14.115,64.946],[14.426,65.264],[14.55,65.646],[14.635,65.793],[14.61,65.932],[14.918,66.154],[15.153,66.191],[15.484,66.306],[15.557,66.552],[16.238,66.976],[16.421,67.093],[16.361,67.252],[16.127,67.426],[16.307,67.521],[16.574,67.62],[16.784,67.895],[17.325,68.104],[17.917,67.965],[18.125,68.133],[18.156,68.317],[18.163,68.528],[18.379,68.562],[18.868,68.501],[19.259,68.465],[19.87,68.362],[20.056,68.39],[19.969,68.542],[20.24,68.673],[20.348,68.849],[20.282,68.934],[20.492,69.033],[20.895,68.98],[20.909,68.938],[21.183,68.829],[21.422,68.725],[21.616,68.651],[21.85,68.574],[22.195,68.478],[22.782,68.391],[22.975,68.316],[23.183,68.137],[23.355,68.089],[23.639,67.954],[23.502,67.875],[23.5,67.696],[23.537,67.59],[23.465,67.518],[23.455,67.46],[23.537,67.449],[23.734,67.423],[23.761,67.31],[23.626,67.234],[23.642,67.129],[23.759,67.003],[23.942,66.878],[23.989,66.811],[23.894,66.707],[23.866,66.577],[23.701,66.481],[23.674,66.381],[23.7,66.253],[23.751,66.191],[23.995,66.06],[24.155,65.805],[23.691,65.829],[23.418,65.804],[23.155,65.75],[22.919,65.786],[22.62,65.807],[22.465,65.853],[22.366,65.843],[22.288,65.751],[22.267,65.622],[22.086,65.611],[22.133,65.57],[22.087,65.53],[21.903,65.508],[21.913,65.437],[21.681,65.403],[21.533,65.387],[21.545,65.331],[21.613,65.299],[21.567,65.255],[21.41,65.317],[21.506,65.245],[21.581,65.161],[21.425,65.013],[21.196,64.877],[21.205,64.774],[21.332,64.629],[21.52,64.463],[21.465,64.38],[21.018,64.178],[20.678,63.826],[20.371,63.723],[19.914,63.611],[19.722,63.463],[19.59,63.487],[19.491,63.46],[19.354,63.477],[19.236,63.347],[18.817,63.257],[18.85,63.224],[18.819,63.197],[18.667,63.177],[18.578,63.126],[18.408,63.038],[18.313,62.996],[18.487,62.959],[18.463,62.896],[18.215,62.812],[18.074,62.791],[18.094,62.836],[17.907,62.887],[17.896,62.831],[17.974,62.721],[17.903,62.659],[18.007,62.626],[17.947,62.578],[17.718,62.501],[17.571,62.451],[17.41,62.508],[17.373,62.427],[17.535,62.264],[17.563,62.212],[17.447,62.023],[17.375,61.866],[17.417,61.741],[17.335,61.692],[17.216,61.656],[17.147,61.505],[17.138,61.382],[17.2,61.312],[17.18,61.249],[17.213,60.986],[17.279,60.812],[17.251,60.701],[17.457,60.642],[17.593,60.628],[17.661,60.535],[17.872,60.58],[18.011,60.511],[18.25,60.362],[18.558,60.254],[18.601,60.119],[18.853,60.026],[18.933,59.942],[18.971,59.757],[18.719,59.657],[18.578,59.566],[18.338,59.477],[18.217,59.421],[17.964,59.359],[18.133,59.316],[18.271,59.367],[18.396,59.369],[18.509,59.408],[18.618,59.327],[18.414,59.29],[18.322,59.132],[18.098,59.062],[17.829,58.955],[17.67,58.916],[17.348,58.781],[16.978,58.654],[16.316,58.664],[16.318,58.628],[16.478,58.613],[16.788,58.585],[16.824,58.46],[16.717,58.303],[16.7,58.161],[16.597,57.913],[16.586,57.761],[16.604,57.568],[16.631,57.43],[16.479,57.188],[16.528,57.068],[16.408,56.809],[16.217,56.59],[15.997,56.223],[15.827,56.125],[15.627,56.186],[15.327,56.151],[14.782,56.162],[14.755,56.033],[14.559,56.049],[14.402,55.977],[14.215,55.833],[14.276,55.636],[14.174,55.397],[13.806,55.429],[12.886,55.411],[12.939,55.533],[12.978,55.694],[12.942,55.806],[12.593,56.138],[12.471,56.291],[12.706,56.235],[12.802,56.264],[12.691,56.384],[12.773,56.456],[12.92,56.516],[12.793,56.649],[12.573,56.823],[12.152,57.227],[11.962,57.426],[11.885,57.613],[11.735,57.718],[11.703,57.973],[11.449,58.118],[11.33,58.38],[11.252,58.424],[11.224,58.68],[11.169,58.923],[11.167,59.046],[11.295,59.087],[11.388,59.037]]],[[[19.156,57.923],[19.138,57.86],[19.087,57.865],[19.039,57.911],[19.135,57.981],[19.281,57.978],[19.331,57.963],[19.156,57.923]]],[[[18.416,59.029],[18.372,59.02],[18.35,59.023],[18.377,59.069],[18.398,59.089],[18.465,59.108],[18.486,59.105],[18.416,59.029]]],[[[18.595,59.47],[18.545,59.478],[18.572,59.526],[18.698,59.535],[18.624,59.492],[18.595,59.47]]]]}},{"type":"Feature","properties":{"iso_a2":"LK"},"geometry":{"type":"MultiPolygon","coordinates":[[[[79.97,9.631],[79.857,9.686],[79.859,9.734],[79.888,9.741],[79.97,9.631]]],[[[79.875,9.051],[79.904,8.975],[79.821,9.027],[79.767,9.07],[79.748,9.105],[79.86,9.066],[79.875,9.051]]],[[[79.982,9.813],[80.181,9.81],[80.376,9.642],[80.893,9.086],[80.935,8.971],[81.016,8.933],[81.219,8.608],[81.227,8.506],[81.334,8.472],[81.422,8.215],[81.436,8.119],[81.679,7.742],[81.683,7.684],[81.797,7.465],[81.874,7.288],[81.861,6.901],[81.768,6.614],[81.637,6.425],[81.306,6.204],[80.724,5.979],[80.267,6.01],[80.007,6.364],[79.859,6.829],[79.76,7.796],[79.713,8.182],[79.75,8.049],[79.809,8.05],[79.851,8.412],[79.944,8.741],[79.929,8.899],[80.1,9.21],[80.111,9.453],[80.196,9.538],[80.318,9.465],[80.428,9.481],[80.258,9.611],[79.979,9.699],[79.967,9.793],[79.982,9.813]]]]}},{"type":"Feature","properties":{"iso_a2":"ES"},"geometry":{"type":"MultiPolygon","coordinates":[[[[1.594,38.672],[1.505,38.671],[1.402,38.711],[1.436,38.768],[1.593,38.701],[1.594,38.672]]],[[[3.145,39.79],[3.342,39.787],[3.449,39.761],[3.415,39.627],[3.293,39.477],[3.155,39.333],[2.9,39.368],[2.77,39.41],[2.701,39.542],[2.576,39.531],[2.459,39.53],[2.37,39.572],[2.785,39.855],[3.159,39.971],[3.164,39.924],[3.199,39.89],[3.159,39.837],[3.145,39.79]]],[[[4.294,39.842],[3.968,39.946],[3.843,39.976],[3.853,40.063],[4.226,40.032],[4.322,39.898],[4.294,39.842]]],[[[1.445,38.919],[1.257,38.879],[1.256,38.973],[1.303,39.031],[1.564,39.121],[1.624,39.039],[1.445,38.919]]],[[[-1.794,43.407],[-1.753,43.325],[-1.627,43.282],[-1.472,43.268],[-1.407,43.197],[-1.459,43.105],[-1.461,43.052],[-1.394,43.033],[-1.353,43.064],[-1.3,43.101],[-1.285,43.06],[-0.934,42.95],[-0.763,42.94],[-0.586,42.799],[-0.481,42.799],[-0.339,42.829],[-0.256,42.804],[-0.14,42.749],[-0.041,42.689],[0.255,42.693],[0.377,42.7],[0.632,42.69],[0.652,42.8],[0.697,42.845],[1.01,42.779],[1.208,42.713],[1.349,42.691],[1.415,42.548],[1.43,42.498],[1.449,42.437],[1.534,42.442],[1.679,42.497],[1.86,42.457],[1.951,42.393],[2.033,42.354],[2.2,42.421],[2.568,42.346],[2.655,42.362],[2.702,42.408],[2.816,42.429],[2.97,42.467],[3.152,42.431],[3.24,42.368],[3.307,42.289],[3.166,42.256],[3.175,42.136],[3.238,42.082],[3.147,41.861],[2.311,41.467],[2.083,41.287],[1.206,41.098],[0.817,40.892],[0.796,40.804],[0.859,40.686],[0.66,40.613],[0.596,40.615],[0.158,40.107],[-0.075,39.876],[-0.329,39.417],[-0.134,38.969],[0.155,38.825],[0.136,38.697],[-0.381,38.436],[-0.551,38.203],[-0.683,37.992],[-0.753,37.85],[-0.823,37.712],[-0.772,37.596],[-0.938,37.571],[-1.641,37.387],[-1.939,36.946],[-2.188,36.745],[-2.453,36.831],[-2.671,36.748],[-2.902,36.743],[-3.259,36.756],[-3.579,36.74],[-4.367,36.718],[-4.502,36.629],[-4.935,36.502],[-5.231,36.374],[-5.361,36.135],[-5.407,36.159],[-5.463,36.074],[-5.625,36.026],[-5.961,36.182],[-6.17,36.334],[-6.266,36.527],[-6.269,36.597],[-6.412,36.729],[-6.259,36.899],[-6.321,36.908],[-6.492,36.955],[-6.859,37.249],[-6.929,37.215],[-7.175,37.209],[-7.467,37.428],[-7.504,37.585],[-7.379,37.786],[-7.185,38.006],[-7.023,38.045],[-6.958,38.188],[-7.106,38.181],[-7.336,38.501],[-7.286,38.649],[-7.22,38.771],[-7.046,38.907],[-6.998,39.056],[-7.172,39.135],[-7.335,39.465],[-7.445,39.536],[-7.536,39.662],[-7.118,39.682],[-7.037,39.714],[-6.911,39.937],[-6.916,40.057],[-7.033,40.168],[-6.948,40.252],[-6.81,40.343],[-6.848,40.411],[-6.836,40.483],[-6.818,40.654],[-6.858,40.878],[-6.916,41.038],[-6.776,41.108],[-6.566,41.304],[-6.289,41.455],[-6.213,41.532],[-6.243,41.602],[-6.392,41.665],[-6.542,41.673],[-6.553,41.79],[-6.575,41.913],[-6.704,41.935],[-6.833,41.964],[-7.03,41.951],[-7.147,41.981],[-7.195,41.955],[-7.21,41.895],[-7.404,41.834],[-7.613,41.858],[-7.693,41.888],[-7.921,41.884],[-8.094,41.814],[-8.174,41.82],[-8.225,41.896],[-8.13,42.018],[-8.174,42.069],[-8.213,42.134],[-8.323,42.115],[-8.59,42.053],[-8.777,41.941],[-8.878,41.947],[-8.772,42.211],[-8.729,42.287],[-8.81,42.334],[-8.73,42.412],[-8.812,42.47],[-8.8,42.6],[-8.988,42.586],[-9.035,42.662],[-8.927,42.799],[-9.127,42.865],[-9.235,42.977],[-9.178,43.174],[-9.025,43.239],[-8.666,43.317],[-8.422,43.386],[-8.249,43.439],[-8.289,43.54],[-8.137,43.629],[-7.853,43.707],[-7.595,43.727],[-7.399,43.696],[-7.061,43.554],[-6.617,43.592],[-6.224,43.604],[-5.847,43.645],[-5.316,43.553],[-4.523,43.416],[-4.015,43.463],[-3.774,43.478],[-3.524,43.511],[-3.046,43.372],[-2.875,43.454],[-2.337,43.328],[-1.991,43.345],[-1.794,43.407]]],[[[-16.334,28.38],[-16.496,28.062],[-16.658,28.007],[-16.866,28.293],[-16.843,28.376],[-16.557,28.4],[-16.319,28.558],[-16.119,28.528],[-16.334,28.38]]],[[[-13.716,28.911],[-13.86,28.869],[-13.788,29.056],[-13.535,29.144],[-13.464,29.237],[-13.454,29.151],[-13.555,28.96],[-13.716,28.911]]],[[[-14.197,28.169],[-14.469,28.082],[-14.356,28.13],[-14.153,28.407],[-14.003,28.707],[-13.886,28.745],[-13.827,28.691],[-13.863,28.409],[-14.197,28.169]]],[[[-15.401,28.147],[-15.383,27.993],[-15.437,27.811],[-15.656,27.758],[-15.807,27.888],[-15.721,28.064],[-15.453,28.137],[-15.415,28.159],[-15.401,28.147]]],[[[-17.185,28.022],[-17.274,28.038],[-17.29,28.176],[-17.214,28.199],[-17.104,28.111],[-17.185,28.022]]],[[[-17.888,27.81],[-17.985,27.646],[-18.107,27.707],[-18.136,27.728],[-18.161,27.761],[-18.043,27.768],[-17.925,27.85],[-17.888,27.81]]],[[[-17.834,28.493],[-17.882,28.565],[-17.929,28.845],[-17.745,28.787],[-17.752,28.689],[-17.758,28.569],[-17.834,28.493]]]]}},{"type":"Feature","properties":{"iso_a2":"KR"},"geometry":{"type":"MultiPolygon","coordinates":[[[[126.634,37.782],[126.667,37.828],[126.754,37.979],[126.94,38.176],[127.09,38.284],[127.294,38.313],[127.579,38.312],[127.785,38.308],[128.039,38.309],[128.169,38.359],[128.279,38.524],[128.375,38.623],[128.852,37.887],[129.335,37.275],[129.426,36.926],[129.433,36.637],[129.427,36.385],[129.391,36.202],[129.404,36.052],[129.458,36.006],[129.573,36.051],[129.485,35.687],[129.329,35.333],[129.077,35.123],[128.796,35.094],[128.511,35.101],[128.419,35.016],[128.444,34.87],[128.276,34.911],[128.095,34.934],[127.977,35.019],[127.715,34.955],[127.639,34.89],[127.742,34.783],[127.632,34.69],[127.524,34.84],[127.404,34.823],[127.423,34.688],[127.401,34.553],[127.325,34.463],[127.195,34.605],[127.269,34.72],[127.031,34.607],[126.826,34.451],[126.755,34.512],[126.584,34.318],[126.508,34.351],[126.482,34.494],[126.264,34.673],[126.426,34.695],[126.505,34.738],[126.539,34.779],[126.548,34.837],[126.421,34.823],[126.327,35.045],[126.361,35.217],[126.46,35.456],[126.582,35.534],[126.565,35.59],[126.488,35.647],[126.602,35.714],[126.753,35.872],[126.647,35.922],[126.693,36.014],[126.597,36.105],[126.557,36.236],[126.552,36.43],[126.507,36.586],[126.433,36.678],[126.231,36.689],[126.161,36.772],[126.352,36.958],[126.487,37.007],[126.687,36.96],[126.839,36.846],[126.879,36.862],[126.977,36.939],[126.869,36.976],[126.776,37.158],[126.791,37.295],[126.65,37.447],[126.608,37.617],[126.563,37.717],[126.621,37.755],[126.634,37.782]]],[[[128.741,34.799],[128.647,34.737],[128.52,34.82],[128.489,34.865],[128.586,34.932],[128.668,35.009],[128.722,35.014],[128.741,34.799]]],[[[128.066,34.806],[127.984,34.703],[127.897,34.735],[127.838,34.813],[127.915,34.921],[128.038,34.879],[128.066,34.806]]],[[[126.234,34.371],[126.134,34.39],[126.123,34.444],[126.247,34.563],[126.38,34.498],[126.234,34.371]]],[[[126.521,37.737],[126.461,37.61],[126.407,37.649],[126.412,37.823],[126.521,37.737]]],[[[126.753,34.344],[126.77,34.296],[126.689,34.305],[126.646,34.351],[126.652,34.39],[126.7,34.396],[126.753,34.344]]],[[[127.799,34.615],[127.788,34.584],[127.737,34.631],[127.787,34.682],[127.799,34.615]]],[[[126.418,36.493],[126.404,36.428],[126.338,36.471],[126.319,36.613],[126.387,36.571],[126.418,36.493]]],[[[126.172,34.731],[126.115,34.714],[126.052,34.838],[126.078,34.915],[126.172,34.731]]],[[[130.916,37.478],[130.871,37.449],[130.817,37.478],[130.81,37.51],[130.838,37.537],[130.904,37.554],[130.934,37.53],[130.916,37.478]]],[[[126.327,33.224],[126.24,33.215],[126.179,33.283],[126.199,33.368],[126.696,33.549],[126.901,33.515],[126.905,33.382],[126.709,33.272],[126.327,33.224]]]]}},{"type":"Feature","properties":{"iso_a2":"ZA"},"geometry":{"type":"MultiPolygon","coordinates":[[[[29.365,-22.194],[29.663,-22.146],[30.19,-22.291],[30.712,-22.298],[31.073,-22.308],[31.288,-22.402],[31.3,-22.479],[31.419,-22.825],[31.532,-23.279],[31.546,-23.482],[31.676,-23.674],[31.724,-23.795],[31.858,-24.04],[31.951,-24.33],[31.986,-24.461],[31.984,-24.844],[31.987,-25.263],[31.985,-25.632],[31.928,-25.885],[31.922,-25.969],[31.64,-25.867],[31.383,-25.743],[31.207,-25.843],[31.033,-26.098],[30.803,-26.413],[30.788,-26.614],[30.807,-26.785],[30.938,-26.916],[31.274,-27.238],[31.743,-27.31],[31.946,-27.174],[31.995,-26.817],[32.082,-26.825],[32.2,-26.833],[32.478,-26.858],[32.777,-26.851],[32.849,-27.08],[32.657,-27.607],[32.375,-28.498],[32.027,-28.84],[31.892,-28.912],[31.335,-29.378],[31.023,-29.901],[30.664,-30.434],[30.289,-30.97],[29.83,-31.424],[29.483,-31.675],[28.856,-32.294],[28.214,-32.769],[27.762,-33.096],[27.077,-33.521],[26.429,-33.76],[25.806,-33.737],[25.638,-34.011],[25.477,-34.028],[25.003,-33.974],[24.827,-34.169],[24.183,-34.062],[23.586,-33.985],[23.268,-34.081],[22.736,-34.01],[22.414,-34.054],[21.789,-34.373],[21.35,-34.408],[21.06,-34.365],[20.882,-34.387],[20.53,-34.463],[20.021,-34.786],[19.85,-34.757],[19.392,-34.606],[19.323,-34.571],[19.279,-34.437],[19.149,-34.417],[18.952,-34.344],[18.831,-34.364],[18.831,-34.254],[18.809,-34.108],[18.709,-34.072],[18.534,-34.086],[18.462,-34.168],[18.41,-34.296],[18.333,-34.074],[18.465,-33.888],[18.433,-33.717],[18.261,-33.422],[18.075,-33.207],[17.958,-33.046],[17.851,-32.827],[17.965,-32.709],[18.125,-32.749],[18.325,-32.505],[18.311,-32.122],[18.164,-31.655],[17.677,-31.019],[17.189,-30.1],[16.739,-29.009],[16.448,-28.618],[16.626,-28.488],[16.723,-28.475],[16.788,-28.395],[16.81,-28.265],[16.875,-28.128],[17.056,-28.031],[17.188,-28.133],[17.246,-28.231],[17.359,-28.269],[17.38,-28.414],[17.348,-28.501],[17.416,-28.621],[17.617,-28.743],[17.842,-28.777],[18.103,-28.872],[18.6,-28.855],[19.026,-28.928],[19.246,-28.902],[19.271,-28.778],[19.407,-28.714],[19.54,-28.575],[19.878,-28.449],[19.98,-28.31],[19.98,-27.421],[19.98,-26.531],[19.98,-25.642],[19.98,-24.777],[20.345,-25.03],[20.473,-25.221],[20.711,-25.733],[20.799,-25.999],[20.823,-26.121],[20.757,-26.264],[20.627,-26.444],[20.641,-26.742],[20.74,-26.849],[20.954,-26.821],[21.455,-26.833],[21.646,-26.854],[21.738,-26.807],[21.833,-26.678],[22.011,-26.636],[22.218,-26.389],[22.549,-26.178],[22.64,-26.071],[22.796,-25.679],[22.879,-25.458],[23.022,-25.324],[23.149,-25.289],[23.389,-25.291],[23.671,-25.434],[23.894,-25.601],[24.104,-25.635],[24.331,-25.743],[24.556,-25.783],[24.869,-25.813],[25.092,-25.751],[25.346,-25.74],[25.518,-25.663],[25.659,-25.438],[25.77,-25.146],[25.882,-24.788],[26.032,-24.702],[26.397,-24.614],[26.502,-24.513],[26.761,-24.297],[26.971,-23.763],[27.086,-23.578],[27.186,-23.523],[27.313,-23.424],[27.499,-23.368],[27.593,-23.253],[27.717,-23.22],[27.769,-23.149],[27.891,-23.074],[27.935,-22.987],[28.21,-22.694],[28.543,-22.573],[28.84,-22.481],[29.013,-22.278],[29.365,-22.194]],[[28.737,-30.102],[28.975,-29.999],[29.098,-29.919],[29.142,-29.701],[29.249,-29.619],[29.349,-29.442],[29.391,-29.27],[29.336,-29.164],[29.26,-29.078],[29.058,-28.954],[28.856,-28.776],[28.722,-28.688],[28.653,-28.598],[28.583,-28.594],[28.233,-28.701],[27.96,-28.873],[27.736,-28.94],[27.59,-29.146],[27.491,-29.277],[27.425,-29.36],[27.295,-29.519],[27.095,-29.599],[27.052,-29.664],[27.13,-29.84],[27.24,-30.015],[27.355,-30.159],[27.364,-30.279],[27.409,-30.325],[27.492,-30.364],[27.549,-30.411],[27.667,-30.542],[27.902,-30.624],[28.057,-30.631],[28.129,-30.525],[28.176,-30.41],[28.392,-30.148],[28.5,-30.129],[28.634,-30.129],[28.737,-30.102]]],[[[37.857,-46.944],[37.612,-46.946],[37.65,-46.849],[37.79,-46.837],[37.888,-46.902],[37.857,-46.944]]]]}},{"type":"Feature","properties":{"iso_a2":"SG"},"geometry":{"type":"Polygon","coordinates":[[[103.97,1.331],[103.65,1.326],[103.818,1.447],[103.961,1.392],[103.97,1.331]]]}},{"type":"Feature","properties":{"iso_a2":"SA"},"geometry":{"type":"MultiPolygon","coordinates":[[[[36.902,25.383],[36.805,25.451],[36.722,25.534],[36.504,25.645],[36.554,25.645],[36.748,25.559],[36.955,25.415],[36.902,25.383]]],[[[41.988,16.716],[42.033,16.742],[42.06,16.804],[42.167,16.596],[42.128,16.595],[42.102,16.644],[41.964,16.653],[41.802,16.779],[41.816,16.86],[41.885,16.947],[41.917,16.994],[41.954,16.806],[41.947,16.749],[41.988,16.716]]],[[[51.978,18.996],[51.515,18.934],[50.95,18.858],[50.355,18.778],[49.742,18.695],[49.192,18.621],[48.865,18.495],[48.316,18.227],[48.022,17.977],[47.808,17.721],[47.58,17.448],[47.442,17.112],[47.251,16.994],[46.976,16.953],[46.779,17.212],[46.682,17.269],[46.31,17.231],[45.794,17.278],[45.407,17.32],[45.193,17.423],[44.946,17.43],[44.546,17.404],[44.156,17.399],[44.008,17.367],[43.917,17.325],[43.804,17.344],[43.653,17.422],[43.539,17.499],[43.418,17.516],[43.302,17.457],[43.186,17.325],[43.221,17.239],[43.136,17.113],[43.117,16.942],[43.184,16.812],[43.165,16.689],[43.061,16.587],[42.986,16.509],[42.79,16.452],[42.726,16.653],[42.647,16.801],[42.544,16.96],[42.383,17.122],[42.294,17.435],[41.75,17.886],[41.508,18.256],[41.229,18.678],[41.191,18.871],[41.116,19.082],[40.848,19.555],[40.777,19.717],[40.616,19.822],[40.081,20.266],[39.728,20.39],[39.491,20.737],[39.094,21.31],[39.147,21.519],[39.03,21.776],[39.021,22.033],[39.07,22.294],[39.062,22.592],[39.007,22.77],[38.883,22.882],[38.836,22.989],[38.757,23.194],[38.542,23.558],[38.289,23.911],[37.978,24.125],[37.821,24.188],[37.638,24.278],[37.431,24.459],[37.181,24.82],[37.266,24.96],[37.218,25.151],[36.921,25.641],[36.763,25.751],[36.675,26.039],[36.25,26.595],[36.032,26.881],[35.763,27.259],[35.424,27.734],[35.078,28.087],[34.722,28.131],[34.616,28.148],[34.78,28.507],[34.951,29.354],[35.339,29.294],[35.86,29.214],[36.068,29.201],[36.476,29.495],[36.704,29.832],[36.927,29.897],[37.469,29.995],[37.554,30.145],[37.65,30.331],[37.863,30.443],[37.813,30.669],[37.479,31.008],[37.105,31.355],[37.216,31.556],[37.774,31.696],[38.375,31.847],[38.962,31.995],[39.145,32.125],[39.704,32.043],[40.369,31.939],[40.808,31.725],[41.272,31.489],[41.8,31.22],[42.289,30.92],[42.858,30.495],[43.441,30.084],[44.1,29.619],[44.691,29.202],[45.05,29.167],[45.95,29.096],[46.531,29.096],[46.982,29.046],[47.433,28.99],[47.553,28.732],[47.671,28.533],[48.05,28.538],[48.442,28.543],[48.523,28.355],[48.774,27.959],[48.833,27.801],[48.797,27.724],[49.087,27.549],[49.237,27.493],[49.282,27.31],[49.538,27.152],[49.986,26.829],[50.135,26.66],[50.026,26.699],[50.011,26.609],[50.111,26.456],[50.214,26.308],[50.135,26.101],[50.054,26.123],[50.081,25.961],[50.19,25.756],[50.281,25.566],[50.508,25.307],[50.667,24.964],[50.804,24.789],[50.928,24.595],[51.023,24.565],[51.178,24.587],[51.338,24.564],[51.418,24.531],[51.31,24.34],[51.477,24.308],[51.568,24.286],[51.572,24.128],[51.629,24.035],[51.739,23.904],[51.849,23.773],[51.959,23.642],[52.069,23.511],[52.179,23.38],[52.29,23.249],[52.4,23.118],[52.51,22.987],[52.639,22.923],[52.742,22.91],[53.012,22.877],[53.394,22.83],[53.832,22.777],[54.27,22.723],[54.652,22.677],[54.922,22.644],[55.025,22.631],[55.119,22.624],[55.259,22.591],[55.404,22.368],[55.578,22.1],[55.607,21.9],[55.534,21.679],[55.461,21.458],[55.388,21.236],[55.314,21.015],[55.241,20.793],[55.168,20.572],[55.095,20.351],[55.021,20.129],[54.871,19.96],[54.527,19.846],[54.183,19.731],[53.839,19.617],[53.495,19.502],[53.151,19.387],[52.807,19.272],[52.463,19.158],[52.119,19.043],[51.978,18.996]]],[[[36.596,25.713],[36.586,25.699],[36.544,25.734],[36.546,25.812],[36.583,25.856],[36.58,25.795],[36.596,25.735],[36.596,25.713]]]]}},{"type":"Feature","properties":{"iso_a2":"RU"},"geometry":{"type":"MultiPolygon","coordinates":[[[[145.882,43.46],[145.914,43.455],[145.941,43.445],[145.931,43.426],[145.894,43.42],[145.882,43.444],[145.869,43.458],[145.882,43.46]]],[[[146.359,43.625],[146.288,43.625],[146.284,43.639],[146.333,43.647],[146.359,43.625]]],[[[146.046,43.409],[146.028,43.42],[146.089,43.449],[146.086,43.429],[146.046,43.409]]],[[[137.179,55.1],[136.969,54.924],[136.765,54.946],[136.795,55.009],[137.078,55.092],[137.179,55.1]]],[[[150.59,59.019],[150.472,59.035],[150.592,59.097],[150.713,59.122],[150.59,59.019]]],[[[120.261,73.09],[119.792,73.045],[119.762,73.155],[120.079,73.157],[120.261,73.09]]],[[[124.543,73.85],[124.366,73.875],[124.337,73.928],[124.548,73.934],[124.653,73.888],[124.543,73.85]]],[[[106.27,78.206],[106.024,78.22],[106.351,78.273],[106.64,78.336],[106.72,78.294],[106.679,78.265],[106.472,78.245],[106.27,78.206]]],[[[107.415,77.243],[107.27,77.289],[107.486,77.347],[107.629,77.32],[107.679,77.268],[107.415,77.243]]],[[[97.588,76.599],[97.535,76.584],[97.43,76.591],[97.342,76.629],[97.31,76.69],[97.382,76.707],[97.588,76.599]]],[[[96.854,76.199],[96.754,76.196],[96.74,76.258],[96.835,76.345],[96.99,76.343],[97.053,76.303],[96.854,76.199]]],[[[100.136,79.614],[99.915,79.602],[99.942,79.671],[99.956,79.69],[100.068,79.701],[100.142,79.684],[100.3,79.67],[100.136,79.614]]],[[[76.756,73.446],[76.659,73.44],[76.234,73.476],[76.083,73.523],[76.14,73.554],[76.251,73.555],[76.756,73.446]]],[[[82.71,74.091],[82.478,74.076],[82.329,74.131],[82.526,74.161],[82.689,74.111],[82.71,74.091]]],[[[84.759,74.459],[84.71,74.4],[84.429,74.43],[84.389,74.454],[84.54,74.49],[84.68,74.512],[84.873,74.516],[84.759,74.459]]],[[[86.653,74.981],[87.001,74.992],[87.124,74.94],[86.927,74.831],[86.391,74.851],[86.331,74.939],[86.605,74.993],[86.653,74.981]]],[[[59.313,81.305],[58.719,81.314],[58.634,81.36],[59.075,81.398],[59.375,81.325],[59.313,81.305]]],[[[-179.799,68.94],[-179.515,68.917],[-179.356,68.853],[-178.874,68.754],[-178.539,68.586],[-178.751,68.66],[-178.693,68.546],[-178.244,68.467],[-178.049,68.388],[-178.056,68.265],[-177.797,68.338],[-178.285,68.519],[-178.25,68.541],[-177.527,68.294],[-177.639,68.241],[-177.521,68.237],[-177.297,68.223],[-176.907,68.119],[-175.31,67.602],[-175.24,67.521],[-175.375,67.357],[-175.123,67.377],[-175.003,67.438],[-174.85,67.349],[-174.93,67.203],[-174.885,67.0],[-174.784,66.917],[-174.87,66.725],[-174.864,66.613],[-174.612,66.585],[-174.478,66.492],[-174.419,66.372],[-174.366,66.348],[-174.206,66.452],[-174.018,66.383],[-174.025,66.23],[-173.955,66.287],[-173.832,66.366],[-173.843,66.488],[-174.102,66.541],[-174.232,66.632],[-174.061,66.69],[-174.019,66.827],[-174.086,66.943],[-174.284,67.002],[-174.431,67.038],[-174.554,67.063],[-174.448,67.103],[-173.68,67.145],[-173.494,67.105],[-173.168,67.052],[-173.324,66.955],[-173.347,66.851],[-173.175,66.865],[-173.228,66.969],[-173.147,66.999],[-172.963,66.942],[-172.549,66.931],[-172.583,66.978],[-173.008,67.065],[-172.447,66.992],[-172.031,66.973],[-171.57,66.819],[-171.149,66.593],[-170.556,66.357],[-170.473,66.32],[-170.604,66.249],[-170.361,66.298],[-170.247,66.272],[-170.192,66.201],[-169.889,66.163],[-169.729,66.058],[-169.892,66.006],[-170.004,66.033],[-170.401,65.929],[-170.563,65.824],[-170.561,65.656],[-170.897,65.643],[-171.119,65.695],[-171.377,65.804],[-171.451,65.794],[-171.303,65.698],[-171.054,65.55],[-171.17,65.502],[-171.364,65.527],[-171.79,65.51],[-171.947,65.508],[-172.131,65.567],[-172.282,65.582],[-172.436,65.67],[-172.719,65.692],[-172.557,65.612],[-172.392,65.475],[-172.306,65.448],[-172.212,65.425],[-172.309,65.276],[-172.573,65.228],[-172.379,65.227],[-172.224,65.129],[-172.304,65.002],[-172.593,64.908],[-172.897,64.889],[-173.066,64.847],[-172.998,64.837],[-172.801,64.791],[-172.903,64.729],[-172.889,64.664],[-172.854,64.61],[-172.616,64.578],[-172.437,64.515],[-172.379,64.432],[-172.695,64.407],[-172.756,64.46],[-172.903,64.526],[-172.916,64.369],[-173.009,64.297],[-173.275,64.29],[-173.376,64.41],[-173.309,64.487],[-173.396,64.479],[-173.604,64.365],[-173.73,64.365],[-174.001,64.449],[-174.318,64.638],[-174.83,64.776],[-175.146,64.809],[-175.395,64.802],[-175.483,64.849],[-175.716,64.946],[-175.859,65.054],[-175.856,65.233],[-176.093,65.471],[-176.922,65.601],[-177.175,65.602],[-177.699,65.49],[-178.412,65.496],[-178.526,65.593],[-178.502,65.74],[-178.559,65.754],[-178.791,65.865],[-178.939,66.033],[-178.747,66.014],[-178.694,66.124],[-178.587,66.198],[-178.527,66.402],[-178.753,66.237],[-178.868,66.187],[-179.026,66.204],[-179.107,66.346],[-179.178,66.353],[-179.293,66.305],[-179.316,66.22],[-179.423,66.141],[-179.683,66.184],[-179.784,66.018],[-179.728,65.804],[-179.449,65.688],[-179.344,65.575],[-179.452,65.445],[-179.635,65.244],[-180.0,65.067],[-180.0,65.557],[-180.0,66.046],[-180.0,66.536],[-180.0,67.025],[-180.0,67.515],[-180.0,68.004],[-180.0,68.494],[-180.0,68.983],[-179.799,68.94]]],[[[130.687,42.303],[130.652,42.373],[130.554,42.475],[130.584,42.567],[130.521,42.674],[130.42,42.7],[130.453,42.755],[130.577,42.812],[130.803,42.857],[130.943,42.852],[131.069,42.902],[131.086,43.038],[131.136,43.098],[131.212,43.258],[131.257,43.378],[131.244,43.469],[131.182,43.506],[131.184,43.651],[131.213,44.003],[131.126,44.469],[131.061,44.66],[130.968,44.8],[131.033,44.889],[131.228,44.92],[131.447,44.984],[131.579,45.084],[131.654,45.205],[131.795,45.305],[131.909,45.274],[132.067,45.226],[132.363,45.16],[132.666,45.094],[132.839,45.061],[132.936,45.03],[133.113,45.131],[133.113,45.321],[133.267,45.545],[133.355,45.572],[133.466,45.651],[133.476,45.758],[133.513,45.879],[133.608,45.92],[133.686,46.009],[133.701,46.14],[133.833,46.224],[133.875,46.309],[133.903,46.367],[133.867,46.499],[134.023,46.713],[134.046,46.882],[134.086,46.978],[134.202,47.128],[134.163,47.259],[134.225,47.353],[134.291,47.414],[134.383,47.438],[134.542,47.485],[134.696,47.625],[134.752,47.715],[134.65,47.874],[134.566,48.023],[134.647,48.12],[134.681,48.21],[134.564,48.322],[134.335,48.369],[134.206,48.36],[133.672,48.208],[133.468,48.097],[133.144,48.106],[132.877,47.979],[132.707,47.947],[132.562,47.769],[132.38,47.729],[131.785,47.681],[131.464,47.723],[131.122,47.698],[130.962,47.709],[130.915,47.843],[130.733,48.019],[130.787,48.255],[130.763,48.388],[130.659,48.483],[130.552,48.602],[130.617,48.773],[130.355,48.866],[130.037,48.972],[129.671,49.279],[129.534,49.323],[129.441,49.389],[129.35,49.362],[129.248,49.379],[129.12,49.362],[129.02,49.419],[128.819,49.464],[128.791,49.542],[128.704,49.6],[128.237,49.559],[127.814,49.622],[127.69,49.717],[127.551,49.802],[127.492,49.975],[127.59,50.209],[127.337,50.35],[127.341,50.428],[127.308,50.494],[127.347,50.621],[127.198,50.829],[126.925,51.1],[126.888,51.23],[126.834,51.315],[126.827,51.412],[126.805,51.506],[126.709,51.566],[126.701,51.703],[126.511,51.926],[126.456,52.126],[126.392,52.215],[126.346,52.306],[126.342,52.362],[126.238,52.445],[126.194,52.519],[126.046,52.573],[126.023,52.643],[126.06,52.692],[126.048,52.739],[125.942,52.801],[125.783,52.891],[125.681,52.931],[125.692,53.004],[125.596,53.057],[125.422,53.084],[125.075,53.204],[124.907,53.173],[124.812,53.134],[124.466,53.23],[124.291,53.341],[124.154,53.359],[123.741,53.511],[123.56,53.527],[123.489,53.529],[123.31,53.556],[122.958,53.498],[122.516,53.457],[122.338,53.485],[121.744,53.384],[120.985,53.285],[120.421,52.968],[120.095,52.787],[120.068,52.633],[120.36,52.627],[120.656,52.567],[120.65,52.396],[120.745,52.205],[120.681,51.973],[120.237,51.723],[119.967,51.422],[119.757,51.179],[119.685,51.03],[119.512,50.863],[119.446,50.703],[119.281,50.561],[119.217,50.433],[119.192,50.38],[119.346,50.279],[119.26,50.066],[118.979,49.979],[118.452,49.844],[117.873,49.513],[117.698,49.536],[117.246,49.625],[116.889,49.738],[116.632,49.877],[116.351,49.978],[116.135,50.011],[115.795,49.906],[115.588,49.886],[115.365,49.912],[115.098,50.059],[114.88,50.183],[114.675,50.246],[114.386,50.255],[114.222,50.257],[113.881,50.101],[113.574,50.007],[113.319,49.874],[113.092,49.693],[112.915,49.569],[112.697,49.507],[112.375,49.515],[111.934,49.416],[111.736,49.398],[111.512,49.361],[111.337,49.356],[110.828,49.166],[110.631,49.138],[110.428,49.22],[110.2,49.17],[109.75,49.239],[109.454,49.296],[108.92,49.335],[108.614,49.323],[108.407,49.396],[108.098,49.563],[108.01,49.647],[107.937,49.691],[107.935,49.849],[107.917,49.948],[107.631,49.983],[107.233,49.989],[107.04,50.086],[106.854,50.248],[106.574,50.329],[106.218,50.305],[105.996,50.368],[105.693,50.414],[105.384,50.474],[105.186,50.43],[104.977,50.383],[104.596,50.317],[104.354,50.275],[104.18,50.169],[103.958,50.157],[103.803,50.176],[103.633,50.139],[103.421,50.187],[103.234,50.264],[103.039,50.301],[102.765,50.367],[102.546,50.461],[102.407,50.536],[102.288,50.585],[102.303,50.666],[102.277,50.769],[102.215,50.829],[102.21,50.974],[102.152,51.108],[102.16,51.261],[102.112,51.353],[101.821,51.421],[101.464,51.471],[101.304,51.475],[101.085,51.553],[100.711,51.662],[100.469,51.726],[100.035,51.737],[99.788,51.828],[99.613,51.893],[99.407,51.924],[99.091,52.035],[98.958,52.102],[98.849,52.07],[98.76,51.905],[98.353,51.718],[98.277,51.635],[98.22,51.506],[98.103,51.484],[97.989,51.377],[97.923,51.28],[97.918,51.218],[97.836,51.052],[97.856,50.943],[97.953,50.855],[97.962,50.769],[98.03,50.645],[98.145,50.569],[98.279,50.533],[98.277,50.423],[98.2,50.228],[98.122,50.107],[98.004,50.014],[97.854,49.947],[97.721,49.945],[97.589,49.911],[97.418,49.773],[97.209,49.731],[97.098,49.805],[96.986,49.883],[96.64,49.898],[96.543,49.893],[96.466,49.912],[96.315,49.901],[96.112,49.982],[96.019,49.999],[95.936,49.96],[95.852,50.013],[95.708,49.966],[95.523,49.911],[95.386,49.941],[95.166,49.944],[95.044,49.962],[94.93,50.044],[94.718,50.043],[94.615,50.024],[94.497,50.133],[94.4,50.18],[94.347,50.303],[94.287,50.511],[94.076,50.573],[93.795,50.578],[93.626,50.586],[93.387,50.608],[93.223,50.607],[93.01,50.655],[92.964,50.745],[92.856,50.789],[92.739,50.711],[92.627,50.688],[92.486,50.765],[92.355,50.864],[92.279,50.812],[92.192,50.701],[91.957,50.698],[91.706,50.666],[91.597,50.576],[91.446,50.522],[91.341,50.47],[91.234,50.452],[91.022,50.415],[90.838,50.324],[90.714,50.259],[90.517,50.213],[90.311,50.151],[90.104,50.103],[90.005,50.069],[89.878,49.954],[89.644,49.903],[89.67,49.75],[89.579,49.7],[89.396,49.612],[89.244,49.627],[89.18,49.532],[89.008,49.473],[88.945,49.508],[88.864,49.528],[88.832,49.448],[88.683,49.465],[88.544,49.483],[88.393,49.483],[88.193,49.452],[88.134,49.298],[88.029,49.22],[87.935,49.165],[87.814,49.162],[87.668,49.147],[87.516,49.122],[87.417,49.077],[87.297,49.148],[87.148,49.24],[87.001,49.287],[86.812,49.488],[86.626,49.563],[86.665,49.657],[86.729,49.749],[86.61,49.769],[86.418,49.638],[86.242,49.546],[86.093,49.505],[85.974,49.499],[85.88,49.557],[85.372,49.624],[85.233,49.616],[85.137,49.751],[85.001,49.894],[85.0,50.01],[84.924,50.088],[84.607,50.202],[84.401,50.239],[84.258,50.288],[84.176,50.521],[84.002,50.677],[83.86,50.818],[83.581,50.936],[83.274,50.995],[83.093,50.961],[82.919,50.893],[82.719,50.869],[82.612,50.771],[82.326,50.742],[82.098,50.711],[81.752,50.764],[81.466,50.74],[81.452,50.824],[81.41,50.91],[81.319,50.966],[81.071,50.969],[81.112,51.072],[81.127,51.191],[80.966,51.19],[80.877,51.281],[80.735,51.293],[80.605,51.224],[80.491,51.202],[80.421,51.136],[80.452,50.998],[80.345,50.919],[80.22,50.912],[80.086,50.84],[80.066,50.758],[79.86,50.955],[79.554,51.378],[79.149,51.868],[78.721,52.357],[78.198,52.93],[77.86,53.269],[77.704,53.379],[77.132,53.67],[76.576,53.943],[76.485,54.023],[76.422,54.114],[76.655,54.145],[76.789,54.322],[76.759,54.437],[76.539,54.351],[76.267,54.312],[75.881,54.168],[75.657,54.106],[75.398,54.069],[75.377,53.97],[75.052,53.827],[74.887,53.834],[74.681,53.754],[74.43,53.604],[74.403,53.504],[74.277,53.528],[74.069,53.611],[73.731,53.603],[73.47,53.469],[73.372,53.454],[73.327,53.543],[73.306,53.707],[73.554,53.868],[73.716,53.996],[73.666,54.063],[73.59,54.045],[73.381,53.963],[73.23,53.958],[72.914,54.107],[72.622,54.134],[72.564,54.09],[72.599,54.023],[72.53,53.976],[72.404,53.964],[72.387,54.123],[72.269,54.272],[72.105,54.308],[72.004,54.206],[71.677,54.178],[71.093,54.212],[71.152,54.364],[71.159,54.539],[71.126,54.715],[70.91,55.128],[70.738,55.305],[70.417,55.253],[70.293,55.184],[70.087,55.177],[69.87,55.246],[69.493,55.357],[68.977,55.39],[68.713,55.308],[68.438,55.194],[68.206,55.161],[68.244,55.052],[68.156,54.977],[67.94,54.954],[67.693,54.872],[67.257,54.829],[66.754,54.738],[66.223,54.667],[65.914,54.693],[65.477,54.623],[65.378,54.564],[65.237,54.516],[65.158,54.364],[64.995,54.369],[64.809,54.369],[64.525,54.362],[64.199,54.347],[64.037,54.28],[63.847,54.236],[63.701,54.243],[63.414,54.183],[63.191,54.171],[63.074,54.105],[62.588,54.044],[62.04,54.003],[61.986,53.954],[61.598,53.995],[61.231,54.019],[61.113,53.882],[61.113,53.753],[60.986,53.657],[61.099,53.583],[61.336,53.565],[61.474,53.58],[61.535,53.523],[61.499,53.485],[61.312,53.466],[61.186,53.406],[61.199,53.287],[61.437,53.239],[61.66,53.228],[62.015,53.108],[62.083,53.005],[61.974,52.944],[61.719,52.969],[61.401,52.996],[61.047,52.972],[60.945,52.86],[60.802,52.745],[60.821,52.57],[60.995,52.337],[60.828,52.233],[60.499,52.146],[60.234,52.025],[60.03,51.933],[60.28,51.835],[60.418,51.704],[60.63,51.617],[60.993,51.529],[61.363,51.442],[61.555,51.325],[61.512,51.137],[61.389,50.861],[60.942,50.696],[60.508,50.669],[60.288,50.704],[60.112,50.834],[60.005,50.84],[59.888,50.69],[59.751,50.544],[59.498,50.511],[59.495,50.604],[59.171,50.648],[58.985,50.676],[58.814,50.737],[58.547,50.971],[58.188,51.082],[58.045,51.069],[57.829,51.089],[57.717,50.981],[57.558,50.896],[57.312,50.947],[57.012,51.065],[56.79,51.032],[56.567,51.004],[56.326,50.936],[56.104,50.776],[55.929,50.654],[55.686,50.583],[55.361,50.665],[55.015,50.87],[54.727,50.998],[54.573,50.99],[54.566,50.911],[54.638,50.781],[54.636,50.592],[54.555,50.536],[54.471,50.584],[54.421,50.78],[54.191,50.996],[54.042,51.115],[53.776,51.214],[53.535,51.4],[53.338,51.482],[53.227,51.485],[52.903,51.467],[52.735,51.498],[52.635,51.48],[52.571,51.482],[52.423,51.594],[52.219,51.709],[51.775,51.554],[51.473,51.482],[51.345,51.475],[51.291,51.54],[51.163,51.647],[50.882,51.719],[50.756,51.675],[50.516,51.506],[50.309,51.322],[50.105,51.255],[49.822,51.132],[49.498,51.084],[49.379,50.935],[49.059,50.726],[48.808,50.601],[48.655,50.62],[48.666,50.55],[48.749,50.228],[48.818,50.1],[48.81,49.962],[48.6,49.875],[48.335,49.858],[48.181,49.97],[47.85,50.282],[47.6,50.414],[47.429,50.358],[47.326,50.274],[47.298,50.14],[47.248,50.001],[46.992,49.853],[46.823,49.502],[46.853,49.304],[47.018,49.2],[47.014,49.098],[46.853,48.97],[46.609,48.574],[46.853,48.324],[47.065,48.232],[47.112,48.02],[47.131,47.877],[47.292,47.741],[47.482,47.804],[47.935,47.761],[48.167,47.709],[48.413,47.456],[48.601,47.262],[48.832,46.955],[48.95,46.726],[48.776,46.71],[48.647,46.759],[48.558,46.757],[48.502,46.699],[48.541,46.606],[48.61,46.566],[48.959,46.442],[49.232,46.337],[49.125,46.282],[49.08,46.189],[48.743,46.101],[48.687,46.029],[48.75,45.921],[48.69,45.889],[48.589,45.935],[48.487,45.935],[48.159,45.737],[47.83,45.663],[47.701,45.686],[47.633,45.584],[47.508,45.674],[47.463,45.68],[47.529,45.53],[47.489,45.455],[47.413,45.421],[47.351,45.218],[47.221,45.024],[47.115,44.906],[47.039,44.838],[46.984,44.826],[46.841,44.718],[46.716,44.561],[46.721,44.452],[46.916,44.387],[47.123,44.262],[47.307,44.103],[47.429,43.78],[47.563,43.835],[47.628,43.806],[47.509,43.51],[47.512,43.271],[47.463,43.035],[47.529,42.967],[47.709,42.811],[47.77,42.645],[48.08,42.354],[48.303,42.08],[48.426,41.924],[48.573,41.844],[48.431,41.663],[48.298,41.545],[48.056,41.459],[47.861,41.213],[47.592,41.218],[47.318,41.282],[47.205,41.456],[47.064,41.555],[46.988,41.621],[46.826,41.743],[46.69,41.831],[46.571,41.8],[46.538,41.87],[46.412,41.905],[46.213,41.99],[46.048,42.009],[45.91,42.071],[45.727,42.159],[45.634,42.235],[45.728,42.475],[45.656,42.518],[45.344,42.53],[45.16,42.675],[44.943,42.73],[44.85,42.747],[44.692,42.71],[44.576,42.748],[44.329,42.704],[44.103,42.616],[43.957,42.567],[43.76,42.594],[43.75,42.658],[43.799,42.728],[43.623,42.808],[43.348,42.897],[43.0,43.05],[42.89,43.133],[42.66,43.159],[42.419,43.224],[42.122,43.207],[42.05,43.19],[41.461,43.276],[41.083,43.374],[40.802,43.48],[40.519,43.512],[40.15,43.57],[40.024,43.485],[39.874,43.473],[39.329,43.897],[38.636,44.318],[38.181,44.42],[37.705,44.661],[37.495,44.695],[37.352,44.788],[37.205,44.972],[36.651,45.126],[36.619,45.185],[36.941,45.29],[36.762,45.348],[36.794,45.41],[36.978,45.384],[37.214,45.272],[37.647,45.377],[37.672,45.488],[37.61,45.5],[37.669,45.654],[37.933,46.002],[38.074,46.017],[38.08,45.935],[38.184,46.095],[38.4,46.08],[38.315,46.242],[37.978,46.383],[37.81,46.532],[37.867,46.634],[38.159,46.691],[38.343,46.678],[38.488,46.732],[38.631,46.873],[39.127,47.023],[39.289,47.071],[39.245,47.2],[39.024,47.272],[38.668,47.144],[38.644,47.212],[38.762,47.262],[38.485,47.176],[38.206,47.136],[38.221,47.213],[38.281,47.259],[38.241,47.288],[38.201,47.321],[38.243,47.374],[38.259,47.48],[38.369,47.61],[38.641,47.666],[38.822,47.837],[39.058,47.848],[39.391,47.834],[39.736,47.845],[39.776,47.964],[39.885,48.168],[39.958,48.269],[39.866,48.288],[39.85,48.332],[39.883,48.419],[39.836,48.543],[39.645,48.591],[39.705,48.739],[39.793,48.808],[39.984,48.807],[39.989,48.851],[39.753,48.914],[39.687,49.008],[39.89,49.064],[40.07,49.2],[40.128,49.307],[40.058,49.432],[40.095,49.543],[40.031,49.597],[39.877,49.568],[39.627,49.651],[39.368,49.731],[39.246,49.782],[39.175,49.856],[39.028,49.818],[38.777,49.884],[38.552,49.955],[38.259,50.052],[38.178,50.025],[38.147,49.939],[38.047,49.92],[37.704,50.109],[37.582,50.292],[37.423,50.411],[37.255,50.395],[37.131,50.352],[36.759,50.292],[36.619,50.209],[36.5,50.28],[36.306,50.28],[36.189,50.368],[36.008,50.42],[35.796,50.406],[35.591,50.369],[35.488,50.46],[35.392,50.611],[35.44,50.682],[35.417,50.768],[35.346,50.904],[35.309,50.987],[35.312,51.044],[35.198,51.044],[35.115,51.121],[35.064,51.203],[34.869,51.189],[34.712,51.172],[34.491,51.237],[34.214,51.255],[34.281,51.312],[34.23,51.363],[34.209,51.484],[34.147,51.608],[34.121,51.679],[34.379,51.717],[34.398,51.78],[34.015,52.156],[33.819,52.316],[33.613,52.333],[33.287,52.354],[32.9,52.256],[32.645,52.279],[32.435,52.307],[32.363,52.272],[32.217,52.083],[32.042,52.045],[31.876,52.071],[31.763,52.101],[31.691,52.221],[31.602,52.285],[31.577,52.426],[31.616,52.546],[31.519,52.699],[31.565,52.759],[31.443,52.862],[31.295,52.99],[31.303,53.061],[31.388,53.185],[31.563,53.202],[31.747,53.184],[31.85,53.106],[32.142,53.091],[32.426,53.211],[32.578,53.312],[32.704,53.336],[32.706,53.419],[32.47,53.547],[32.425,53.617],[32.45,53.693],[31.992,53.797],[31.754,53.81],[31.825,53.935],[31.826,54.031],[31.628,54.111],[31.299,54.292],[31.185,54.453],[31.082,54.517],[31.152,54.625],[30.984,54.696],[30.791,54.806],[30.83,54.915],[30.978,55.05],[30.959,55.138],[30.814,55.279],[30.821,55.33],[30.901,55.397],[30.907,55.57],[30.856,55.608],[30.722,55.622],[30.626,55.666],[30.475,55.769],[30.234,55.845],[29.937,55.845],[29.824,55.795],[29.685,55.77],[29.482,55.685],[29.353,55.784],[29.398,55.881],[29.375,55.939],[29.087,56.021],[28.947,56.002],[28.741,55.955],[28.637,56.062],[28.407,56.089],[28.316,56.053],[28.148,56.143],[28.202,56.26],[28.169,56.387],[28.103,56.546],[27.992,56.645],[27.892,56.741],[27.849,56.853],[27.656,56.843],[27.711,56.978],[27.763,57.135],[27.83,57.194],[27.829,57.293],[27.673,57.368],[27.511,57.508],[27.352,57.528],[27.372,57.613],[27.492,57.725],[27.542,57.799],[27.777,57.857],[27.769,57.884],[27.673,57.935],[27.571,58.138],[27.488,58.27],[27.53,58.381],[27.427,58.733],[27.464,58.841],[27.622,58.945],[27.85,59.193],[27.938,59.297],[28.046,59.328],[28.128,59.358],[28.133,59.403],[28.012,59.484],[28.046,59.647],[28.058,59.782],[28.212,59.725],[28.424,59.734],[28.518,59.85],[28.748,59.807],[28.947,59.829],[29.013,59.902],[29.147,60.0],[30.123,59.874],[30.173,59.957],[29.977,60.026],[29.721,60.195],[29.37,60.176],[28.813,60.332],[28.522,60.483],[28.622,60.492],[28.651,60.611],[28.513,60.677],[27.798,60.536],[28.407,60.897],[28.568,60.96],[28.739,61.059],[29.252,61.288],[29.579,61.493],[29.933,61.712],[30.306,61.965],[30.566,62.128],[31.187,62.481],[31.382,62.692],[31.534,62.885],[31.509,62.955],[31.337,63.068],[31.181,63.208],[30.655,63.417],[30.055,63.689],[30.004,63.747],[30.415,63.948],[30.526,64.077],[30.514,64.2],[30.391,64.282],[30.042,64.443],[29.986,64.558],[30.126,64.688],[30.073,64.765],[29.702,64.846],[29.604,64.968],[29.622,65.04],[29.811,65.108],[29.826,65.185],[29.63,65.224],[29.608,65.249],[29.715,65.337],[29.819,65.569],[29.724,65.634],[30.029,65.671],[30.103,65.726],[29.937,66.023],[29.804,66.177],[29.671,66.276],[29.544,66.44],[29.371,66.617],[29.093,66.849],[29.069,66.93],[29.243,67.097],[29.572,67.324],[29.941,67.547],[29.979,67.689],[29.524,67.929],[29.063,68.118],[28.56,68.351],[28.479,68.538],[28.778,68.814],[28.745,68.856],[28.454,68.872],[28.566,68.928],[28.899,69.01],[29.119,69.05],[29.21,69.097],[29.388,69.298],[29.994,69.392],[30.132,69.464],[30.187,69.543],[30.16,69.63],[30.228,69.634],[30.615,69.533],[30.861,69.538],[30.922,69.606],[30.87,69.783],[31.453,69.69],[31.666,69.721],[31.879,69.832],[32.031,69.835],[31.985,69.954],[32.565,69.806],[33.008,69.722],[32.995,69.626],[32.754,69.606],[32.092,69.633],[32.331,69.554],[32.637,69.489],[33.0,69.47],[32.942,69.383],[33.256,69.428],[33.454,69.428],[33.418,69.315],[33.328,69.152],[33.141,69.069],[33.436,69.13],[33.684,69.31],[34.353,69.303],[35.01,69.221],[35.233,69.266],[35.858,69.192],[37.731,68.692],[38.43,68.356],[38.706,68.345],[39.569,68.072],[39.79,68.112],[39.809,68.151],[40.036,68.015],[40.381,67.832],[40.657,67.774],[40.966,67.713],[41.134,67.386],[41.262,67.218],[41.354,67.121],[41.189,66.826],[40.103,66.3],[38.654,66.069],[37.901,66.096],[37.295,66.225],[36.77,66.294],[35.513,66.396],[34.825,66.611],[34.483,66.55],[34.431,66.63],[34.146,66.703],[33.76,66.751],[33.523,66.764],[33.15,66.844],[32.848,67.022],[32.93,67.087],[31.895,67.161],[32.202,67.113],[32.501,67.004],[32.686,66.83],[32.862,66.721],[33.181,66.68],[33.183,66.574],[33.405,66.484],[33.656,66.443],[33.477,66.347],[33.416,66.316],[34.113,66.225],[34.692,65.952],[34.793,65.816],[34.735,65.716],[34.616,65.51],[34.406,65.396],[34.671,65.168],[34.827,64.913],[34.952,64.756],[34.858,64.707],[35.035,64.44],[35.432,64.347],[35.802,64.335],[36.302,64.034],[36.714,63.945],[37.373,63.817],[37.635,63.893],[38.071,64.026],[37.977,64.207],[37.844,64.366],[37.43,64.374],[37.184,64.408],[36.769,64.685],[36.579,64.791],[36.535,64.939],[36.786,64.987],[37.05,65.196],[37.528,65.108],[38.116,64.855],[38.412,64.857],[38.541,64.791],[39.054,64.714],[39.758,64.577],[39.849,64.691],[40.204,64.784],[40.445,64.779],[40.281,64.998],[39.896,65.255],[39.749,65.448],[39.817,65.598],[40.513,65.844],[40.774,65.988],[41.476,66.123],[42.084,66.466],[42.314,66.515],[42.602,66.423],[43.006,66.421],[43.551,66.321],[43.653,66.251],[43.542,66.123],[43.737,66.158],[43.944,66.099],[44.104,66.009],[44.145,66.113],[44.221,66.407],[44.489,66.672],[44.429,66.938],[44.292,67.1],[43.855,67.189],[43.796,67.33],[44.036,67.671],[44.232,68.071],[44.226,68.154],[44.169,68.327],[43.358,68.636],[43.413,68.682],[44.048,68.549],[45.078,68.578],[45.892,68.48],[46.43,68.119],[46.69,67.849],[46.174,67.818],[45.374,67.689],[44.902,67.413],[45.139,67.285],[45.753,66.989],[45.986,66.853],[46.298,66.843],[46.492,66.8],[46.691,66.826],[47.656,66.976],[47.768,67.276],[47.908,67.455],[47.875,67.584],[48.654,67.695],[48.878,67.731],[48.696,67.874],[48.841,67.87],[49.155,67.87],[50.233,68.175],[50.699,68.318],[51.079,68.363],[51.617,68.476],[52.056,68.541],[52.285,68.459],[52.183,68.374],[52.322,68.34],[52.475,68.382],[52.723,68.484],[52.55,68.592],[52.344,68.608],[53.413,68.913],[54.186,69.003],[54.376,68.965],[53.798,68.907],[53.92,68.871],[53.929,68.812],[53.834,68.709],[53.918,68.537],[53.829,68.383],[53.567,68.367],[53.293,68.312],[53.403,68.257],[53.914,68.231],[54.099,68.259],[54.394,68.275],[54.561,68.273],[54.861,68.202],[55.151,68.48],[55.675,68.576],[56.044,68.649],[56.62,68.619],[57.127,68.554],[58.173,68.89],[58.354,68.916],[59.057,69.006],[59.11,68.896],[59.371,68.738],[59.223,68.691],[59.099,68.444],[59.604,68.351],[59.828,68.38],[59.897,68.422],[59.941,68.51],[59.896,68.706],[60.489,68.729],[60.815,68.895],[60.859,69.146],[60.337,69.457],[60.276,69.653],[60.813,69.821],[61.016,69.851],[62.631,69.743],[64.19,69.535],[64.929,69.325],[65.032,69.27],[65.528,69.173],[65.813,69.077],[66.366,68.961],[66.756,68.892],[67.149,68.754],[67.731,68.514],[68.371,68.314],[68.829,68.567],[69.141,68.951],[68.763,68.917],[68.543,68.967],[68.117,69.236],[68.006,69.48],[67.624,69.584],[66.964,69.656],[66.897,69.554],[66.804,69.659],[66.832,69.842],[67.069,70.006],[67.239,70.108],[67.146,70.22],[67.247,70.5],[67.212,70.798],[66.822,70.797],[66.675,70.865],[66.759,70.962],[66.693,71.042],[66.768,71.14],[67.274,71.348],[67.959,71.548],[68.469,71.853],[68.83,72.392],[69.391,72.956],[69.694,72.978],[69.659,72.932],[69.738,72.885],[70.172,72.901],[71.5,72.914],[71.93,72.82],[72.446,72.79],[72.812,72.691],[72.753,72.343],[72.574,72.013],[72.279,71.696],[71.912,71.548],[71.867,71.457],[72.581,71.151],[72.732,70.823],[72.653,70.403],[72.469,70.275],[72.599,69.793],[72.557,69.378],[72.527,69.081],[72.678,68.875],[73.191,68.707],[73.573,68.533],[73.465,68.431],[73.139,68.181],[73.173,67.973],[73.067,67.767],[72.594,67.587],[71.668,66.94],[71.449,66.879],[71.54,66.683],[71.066,66.604],[70.725,66.519],[70.383,66.602],[70.443,66.668],[70.691,66.745],[70.579,66.754],[70.283,66.686],[69.949,66.83],[69.74,66.815],[69.079,66.816],[69.051,66.766],[69.144,66.641],[69.412,66.511],[69.982,66.401],[71.146,66.367],[71.566,66.334],[72.068,66.253],[72.384,66.507],[73.342,66.807],[73.792,66.995],[73.986,67.328],[74.676,67.695],[74.787,67.898],[74.743,68.074],[74.511,68.303],[74.481,68.659],[75.125,68.862],[76.108,68.976],[76.459,68.978],[76.735,68.777],[77.238,68.47],[77.248,67.941],[77.325,67.736],[77.579,67.644],[77.772,67.57],[78.59,67.578],[78.888,67.613],[78.559,67.639],[77.588,67.752],[77.536,68.008],[77.757,68.222],[77.995,68.259],[77.907,68.482],[77.651,68.903],[77.328,68.959],[76.001,69.235],[75.42,69.239],[74.815,69.091],[73.977,69.115],[73.776,69.198],[73.833,69.504],[73.56,69.707],[73.83,70.176],[74.207,70.445],[74.311,70.654],[73.577,71.217],[73.365,71.32],[73.086,71.445],[73.939,71.915],[74.489,71.997],[74.992,72.145],[75.09,72.263],[75.06,72.549],[74.897,72.71],[74.865,72.838],[75.152,72.853],[75.475,72.685],[75.603,72.512],[75.644,72.382],[75.741,72.296],[75.644,72.232],[75.395,71.983],[75.247,71.813],[75.469,71.534],[75.28,71.43],[75.332,71.342],[76.11,71.219],[76.929,71.128],[77.59,71.168],[78.321,70.93],[78.942,70.934],[79.084,71.002],[78.804,70.974],[78.588,70.994],[78.387,71.087],[77.908,71.324],[77.481,71.312],[76.871,71.447],[76.312,71.595],[76.104,71.829],[76.124,71.927],[76.871,72.033],[77.551,71.842],[78.187,71.907],[78.141,72.045],[77.781,72.114],[77.411,72.108],[77.472,72.192],[77.733,72.229],[78.225,72.377],[79.422,72.381],[80.474,72.153],[80.763,72.089],[80.856,71.97],[81.662,71.716],[82.547,71.759],[82.986,71.749],[83.234,71.668],[83.106,71.562],[82.918,71.42],[82.323,71.26],[82.254,71.056],[82.316,70.879],[82.271,70.707],[82.182,70.511],[82.236,70.43],[82.258,70.544],[82.592,70.89],[82.869,70.955],[83.051,70.815],[83.03,70.581],[82.742,70.286],[82.767,70.154],[82.961,70.088],[83.11,70.11],[83.094,70.221],[83.293,70.321],[83.66,70.418],[83.736,70.546],[83.579,70.766],[83.151,71.104],[83.458,71.468],[83.55,71.544],[83.554,71.65],[83.34,71.828],[82.755,71.903],[82.319,72.072],[82.209,72.211],[82.094,72.265],[81.586,72.352],[81.098,72.39],[80.798,72.52],[80.656,72.712],[80.774,72.861],[80.757,73.025],[80.51,73.086],[80.425,73.231],[80.398,73.357],[80.596,73.474],[80.583,73.568],[81.817,73.659],[83.667,73.686],[84.738,73.763],[85.201,73.722],[85.611,73.822],[86.591,73.894],[86.961,73.861],[86.698,73.717],[86.094,73.578],[85.8,73.459],[85.802,73.372],[86.098,73.273],[86.514,73.14],[86.715,73.126],[85.971,73.347],[85.939,73.456],[86.092,73.519],[86.376,73.569],[87.294,73.705],[87.571,73.811],[87.338,73.846],[86.697,74.195],[86.178,74.279],[86.183,74.423],[86.538,74.444],[86.898,74.325],[87.106,74.404],[86.7,74.522],[86.116,74.629],[85.881,74.74],[86.12,74.757],[86.651,74.682],[87.042,74.779],[87.468,75.013],[87.141,75.072],[86.922,75.113],[87.171,75.192],[88.504,75.29],[89.31,75.47],[90.185,75.591],[91.479,75.65],[92.408,75.75],[93.55,75.854],[94.156,75.959],[93.574,75.956],[93.406,75.901],[93.116,75.945],[92.987,75.903],[92.859,75.979],[93.105,76.026],[93.36,76.101],[93.843,76.101],[94.388,76.103],[94.576,76.152],[95.359,76.14],[95.92,76.113],[95.986,76.01],[95.744,75.872],[96.509,76.006],[96.538,75.922],[96.879,75.931],[97.351,76.033],[97.638,76.029],[97.918,76.089],[98.195,76.166],[98.662,76.243],[98.985,76.208],[99.563,76.109],[99.663,76.078],[99.689,75.956],[99.442,75.803],[99.609,75.811],[99.851,75.93],[99.617,76.24],[99.094,76.384],[98.806,76.481],[99.576,76.471],[100.322,76.479],[101.061,76.477],[101.598,76.439],[101.213,76.536],[100.928,76.557],[101.099,76.704],[100.92,76.823],[100.99,76.99],[101.293,77.102],[102.61,77.509],[103.331,77.641],[104.015,77.73],[104.814,77.652],[105.309,77.549],[105.895,77.489],[106.06,77.391],[105.385,77.238],[104.324,77.133],[105.32,77.092],[105.712,77.001],[106.145,77.045],[106.705,77.014],[106.942,77.034],[107.43,76.927],[106.941,76.73],[106.546,76.586],[106.414,76.512],[106.825,76.48],[107.624,76.51],[107.902,76.57],[108.028,76.718],[108.352,76.72],[109.369,76.749],[110.471,76.758],[111.392,76.687],[111.786,76.604],[112.094,76.48],[111.943,76.38],[112.297,76.435],[112.62,76.384],[112.743,76.187],[112.722,76.077],[112.819,76.059],[113.094,76.133],[113.066,76.215],[113.086,76.258],[113.366,76.179],[113.564,75.892],[113.871,75.856],[113.62,75.593],[113.486,75.564],[113.469,75.657],[113.126,75.699],[112.497,75.85],[112.453,75.83],[112.956,75.572],[113.243,75.611],[113.559,75.502],[113.614,75.293],[112.192,74.853],[111.299,74.658],[110.374,74.466],[109.84,74.322],[109.911,74.261],[109.81,74.169],[109.075,74.032],[107.765,73.625],[107.167,73.589],[106.679,73.331],[105.677,72.959],[105.144,72.777],[105.708,72.837],[106.16,73.002],[106.315,73.106],[107.109,73.177],[107.75,73.173],[108.151,73.258],[108.351,73.31],[109.09,73.378],[109.331,73.487],[109.855,73.472],[110.773,73.689],[110.799,73.76],[110.388,73.726],[109.753,73.723],[109.666,73.8],[109.869,73.931],[110.261,74.017],[111.056,73.939],[111.341,74.047],[111.46,74.005],[111.3,73.885],[111.804,73.745],[112.4,73.711],[112.856,73.771],[112.836,73.962],[113.033,73.914],[113.327,73.707],[113.364,73.583],[113.277,73.392],[113.488,73.145],[113.369,72.942],[113.128,72.831],[113.186,72.73],[113.665,72.635],[113.63,72.677],[113.298,72.739],[113.312,72.878],[113.543,73.054],[113.559,73.233],[113.765,73.318],[113.886,73.346],[113.711,73.379],[113.51,73.505],[114.061,73.585],[115.338,73.703],[117.309,73.599],[118.871,73.538],[118.936,73.481],[118.457,73.464],[118.43,73.247],[119.425,73.064],[119.922,72.971],[120.997,72.937],[121.748,72.97],[122.03,72.897],[122.537,72.878],[122.752,72.906],[122.502,72.971],[122.615,73.028],[123.16,72.955],[123.405,73.086],[123.522,73.173],[123.622,73.193],[123.384,73.347],[123.323,73.431],[123.416,73.637],[123.797,73.627],[124.019,73.712],[124.541,73.751],[125.617,73.521],[125.794,73.468],[126.107,73.517],[126.296,73.537],[126.309,73.464],[126.292,73.394],[126.553,73.335],[126.955,73.528],[127.74,73.482],[127.997,73.426],[128.142,73.352],[128.264,73.301],[128.587,73.262],[128.889,73.19],[128.913,73.111],[129.101,73.112],[128.854,72.973],[128.599,72.895],[129.017,72.872],[129.25,72.705],[128.815,72.586],[128.508,72.547],[128.549,72.496],[129.281,72.438],[129.411,72.166],[128.935,72.079],[128.197,72.31],[127.726,72.413],[128.027,72.25],[128.911,71.755],[129.117,71.825],[129.122,71.953],[129.292,71.85],[129.234,71.745],[128.843,71.663],[129.134,71.593],[129.39,71.405],[130.026,71.065],[130.537,70.893],[130.757,70.962],[130.898,70.804],[131.157,70.742],[131.432,70.828],[131.769,71.101],[132.035,71.244],[132.004,71.35],[132.228,71.643],[132.562,71.895],[132.716,71.871],[132.804,71.768],[133.131,71.607],[133.689,71.434],[134.703,71.387],[135.022,71.515],[135.559,71.61],[136.09,71.62],[137.116,71.416],[137.417,71.299],[137.798,71.164],[137.992,71.143],[137.902,71.194],[138.013,71.261],[138.091,71.307],[138.097,71.359],[137.918,71.384],[137.996,71.464],[138.118,71.566],[138.318,71.603],[138.67,71.635],[139.005,71.556],[139.32,71.445],[139.984,71.492],[139.695,71.7],[139.552,71.927],[139.64,71.998],[140.014,72.162],[140.134,72.21],[139.505,72.208],[139.176,72.163],[139.141,72.33],[139.601,72.496],[140.705,72.519],[140.983,72.63],[140.652,72.843],[140.708,72.89],[141.31,72.858],[142.061,72.721],[143.681,72.673],[144.569,72.61],[145.486,72.542],[146.083,72.471],[146.235,72.35],[145.213,72.393],[144.776,72.382],[144.361,72.265],[144.295,72.193],[145.039,72.26],[146.832,72.295],[146.599,72.124],[146.113,71.945],[146.23,72.138],[146.051,72.142],[145.759,72.226],[145.71,72.178],[145.757,72.021],[145.407,71.89],[145.126,71.927],[145.047,71.901],[145.074,71.831],[144.99,71.753],[145.189,71.696],[146.073,71.808],[146.895,72.198],[147.262,72.328],[148.402,72.312],[149.502,72.164],[149.963,71.992],[150.017,71.896],[149.28,71.826],[148.965,71.763],[148.923,71.715],[149.238,71.688],[149.857,71.601],[150.026,71.521],[150.6,71.52],[150.668,71.455],[150.385,71.339],[150.243,71.267],[150.968,71.38],[151.582,71.287],[152.093,71.023],[151.762,70.982],[152.798,70.836],[153.794,70.88],[155.029,71.034],[155.895,71.096],[157.447,71.075],[158.702,70.935],[159.728,70.65],[159.912,70.506],[160.006,70.31],[159.89,70.159],[159.839,69.99],[159.833,69.785],[160.739,69.655],[160.929,69.459],[161.036,69.098],[161.31,68.982],[161.129,68.654],[160.856,68.538],[161.23,68.654],[161.495,68.85],[161.566,69.064],[161.48,69.3],[161.945,69.545],[162.376,69.649],[163.201,69.715],[163.705,69.702],[164.16,69.719],[165.761,69.584],[166.82,69.5],[167.073,69.554],[167.857,69.728],[168.048,69.626],[168.23,69.447],[168.423,69.24],[168.946,69.163],[169.415,68.92],[170.066,68.799],[170.995,69.045],[170.884,69.264],[170.582,69.583],[170.201,69.683],[170.503,69.857],[170.487,70.108],[171.247,70.076],[172.56,69.968],[173.056,69.865],[173.353,69.924],[173.733,69.891],[174.319,69.882],[175.296,69.86],[175.921,69.895],[176.41,69.769],[177.395,69.612],[178.443,69.453],[178.907,69.362],[178.951,69.296],[179.868,69.013],[180.0,65.067],[179.651,64.921],[179.15,64.782],[178.52,64.603],[177.749,64.717],[177.337,64.931],[177.179,65.014],[176.625,65.038],[176.341,65.047],[176.646,65.007],[177.037,65.0],[177.223,64.862],[177.069,64.787],[176.557,64.84],[176.061,64.961],[175.396,64.784],[174.549,64.684],[175.097,64.747],[175.678,64.782],[175.946,64.865],[176.169,64.885],[176.301,64.784],[176.283,64.664],[176.141,64.586],[176.731,64.625],[177.05,64.719],[177.427,64.763],[177.41,64.573],[177.688,64.305],[178.045,64.22],[178.164,64.309],[178.313,64.314],[178.477,64.128],[178.451,64.011],[178.65,63.965],[178.731,63.667],[178.626,63.651],[178.466,63.574],[178.706,63.522],[178.679,63.402],[178.787,63.442],[178.793,63.54],[178.921,63.345],[179.332,63.19],[179.405,63.078],[179.26,63.008],[179.381,62.884],[179.571,62.773],[179.477,62.613],[179.177,62.469],[179.121,62.32],[178.964,62.355],[177.663,62.583],[177.293,62.599],[177.316,62.685],[177.339,62.781],[177.259,62.75],[177.091,62.79],[176.99,62.722],[176.965,62.659],[177.19,62.592],[176.907,62.536],[176.437,62.411],[175.614,62.184],[175.366,62.121],[175.192,62.034],[174.715,61.948],[174.514,61.824],[174.139,61.795],[173.623,61.716],[173.132,61.407],[172.857,61.469],[172.838,61.376],[172.868,61.293],[172.731,61.314],[172.697,61.249],[172.497,61.186],[172.362,61.117],[172.213,60.998],[171.998,60.901],[171.831,60.837],[171.49,60.726],[170.799,60.496],[170.59,60.394],[170.512,60.26],[170.396,60.01],[170.154,59.986],[169.927,60.104],[169.887,60.218],[169.815,60.265],[169.276,60.557],[168.788,60.564],[168.463,60.592],[167.746,60.509],[167.227,60.406],[166.453,59.947],[166.273,59.856],[166.149,59.922],[166.168,60.089],[166.292,60.346],[166.352,60.485],[165.942,60.357],[165.416,60.205],[165.193,60.125],[165.074,59.946],[164.954,59.844],[164.779,59.874],[164.525,60.061],[164.377,60.058],[164.113,59.898],[164.018,60.017],[163.78,60.041],[163.69,59.978],[163.494,59.887],[163.365,59.781],[163.269,59.52],[163.085,59.131],[162.975,59.137],[163.004,59.02],[162.935,58.964],[162.643,58.8],[162.142,58.447],[161.96,58.077],[162.04,57.918],[162.197,57.829],[162.392,57.745],[162.467,57.766],[162.654,57.948],[163.145,57.837],[163.214,57.687],[163.109,57.565],[162.779,57.358],[162.762,57.244],[162.815,57.023],[162.803,56.811],[162.922,56.723],[163.165,56.725],[163.243,56.565],[163.336,56.233],[163.189,56.137],[162.972,56.034],[162.628,56.232],[162.893,56.399],[163.038,56.522],[162.878,56.476],[162.589,56.455],[162.528,56.261],[162.334,56.188],[162.085,56.09],[161.776,55.655],[161.729,55.358],[161.824,55.139],[162.08,54.886],[161.967,54.689],[161.625,54.516],[161.13,54.598],[160.773,54.541],[160.289,54.288],[160.01,54.131],[159.844,53.784],[159.914,53.621],[159.899,53.448],[160.002,53.275],[159.947,53.125],[159.586,53.238],[158.952,53.048],[158.684,52.935],[158.565,53.05],[158.432,52.957],[158.609,52.874],[158.481,52.627],[158.493,52.383],[158.332,52.091],[157.823,51.605],[157.531,51.48],[157.202,51.213],[156.748,50.969],[156.713,51.124],[156.543,51.312],[156.5,51.475],[156.377,52.367],[156.229,52.626],[156.11,52.866],[155.95,53.744],[155.706,54.521],[155.564,55.199],[155.643,55.794],[155.983,56.695],[156.067,56.782],[156.728,57.152],[156.977,57.466],[156.948,57.616],[156.792,57.748],[156.872,57.804],[157.217,57.777],[157.666,58.02],[158.21,58.025],[158.321,58.083],[158.687,58.281],[159.211,58.519],[159.453,58.696],[159.847,59.127],[160.547,59.547],[160.855,59.627],[161.449,60.027],[161.846,60.232],[162.068,60.466],[162.713,60.659],[163.352,60.8],[163.585,60.877],[163.554,61.026],[163.62,61.111],[164.005,61.344],[163.973,61.42],[163.837,61.558],[164.02,61.711],[164.074,62.045],[164.287,62.347],[164.671,62.474],[165.124,62.412],[165.226,62.406],[165.28,62.463],[165.397,62.494],[164.792,62.571],[164.418,62.705],[163.332,62.551],[163.244,62.455],[163.258,62.337],[163.163,62.26],[163.131,62.05],[163.009,61.792],[163.258,61.699],[163.139,61.611],[163.047,61.554],[162.922,61.598],[162.752,61.711],[162.699,61.653],[162.506,61.67],[162.188,61.541],[160.915,60.893],[160.482,60.74],[160.287,60.667],[160.177,60.691],[160.226,60.832],[160.281,61.045],[160.004,61.007],[159.79,60.957],[159.949,61.129],[159.883,61.292],[160.163,61.538],[160.317,61.793],[160.309,61.894],[160.183,61.903],[159.552,61.719],[159.423,61.808],[159.189,61.929],[158.824,61.85],[158.334,61.826],[158.07,61.754],[157.469,61.799],[157.084,61.676],[156.791,61.53],[156.63,61.272],[156.344,61.155],[155.853,60.777],[155.428,60.55],[154.578,60.095],[154.39,59.877],[154.267,59.73],[154.209,59.6],[154.213,59.483],[154.358,59.481],[154.971,59.45],[155.153,59.27],[155.017,59.196],[154.704,59.141],[154.376,59.188],[154.011,59.076],[153.695,59.225],[153.273,59.091],[153.078,59.082],[152.818,58.926],[152.401,59.026],[152.165,58.997],[151.705,58.867],[151.121,59.083],[151.733,59.147],[152.261,59.224],[152.104,59.291],[151.798,59.323],[151.348,59.561],[151.034,59.586],[150.912,59.523],[150.823,59.461],[150.615,59.507],[150.54,59.525],[150.457,59.591],[150.203,59.651],[149.425,59.761],[149.065,59.631],[149.175,59.527],[149.133,59.481],[148.797,59.532],[148.744,59.374],[148.965,59.369],[148.727,59.258],[148.257,59.414],[147.688,59.291],[147.04,59.366],[146.537,59.457],[146.273,59.221],[145.932,59.198],[145.756,59.374],[144.483,59.376],[143.869,59.411],[143.192,59.37],[142.33,59.153],[141.755,58.745],[141.347,58.528],[140.79,58.303],[140.495,57.865],[140.002,57.688],[139.803,57.514],[139.507,57.358],[139.182,57.262],[138.662,56.966],[138.18,56.589],[138.074,56.433],[137.573,56.112],[137.19,55.892],[136.794,55.694],[136.351,55.51],[135.751,55.161],[135.262,54.943],[135.212,54.841],[135.325,54.707],[135.852,54.584],[136.58,54.614],[136.797,54.621],[136.82,54.452],[136.729,54.061],[136.719,53.804],[136.886,53.839],[137.155,53.822],[137.172,54.057],[137.142,54.182],[137.525,54.291],[137.513,54.156],[137.403,54.124],[137.476,54.028],[137.835,53.947],[137.645,53.866],[137.314,53.632],[137.254,53.546],[137.738,53.56],[138.253,53.726],[138.494,53.96],[138.568,53.947],[138.407,53.674],[138.25,53.524],[138.451,53.537],[138.661,53.745],[138.722,54.044],[138.716,54.223],[138.696,54.32],[139.32,54.193],[139.796,54.256],[140.179,54.052],[140.347,53.813],[141.006,53.495],[141.218,53.334],[141.402,53.184],[141.181,53.015],[140.84,53.088],[141.087,52.898],[141.266,52.653],[141.132,52.436],[141.33,52.271],[141.485,52.179],[141.367,51.921],[141.129,51.728],[140.839,51.414],[140.671,51.051],[140.521,50.8],[140.535,50.131],[140.625,50.082],[140.585,50.033],[140.465,49.826],[140.517,49.596],[140.399,49.29],[140.349,49.159],[140.309,49.054],[140.378,48.964],[140.171,48.524],[139.998,48.324],[139.676,48.09],[139.373,47.887],[139.001,47.383],[138.53,46.976],[138.392,46.745],[138.21,46.463],[137.769,45.929],[137.425,45.64],[136.804,45.171],[136.604,44.978],[136.251,44.667],[136.142,44.489],[135.875,44.374],[135.489,43.899],[135.26,43.685],[134.917,43.427],[134.156,43.042],[133.709,42.83],[133.329,42.764],[133.059,42.723],[132.924,42.805],[132.709,42.876],[132.481,42.91],[132.334,43.239],[132.233,43.245],[131.947,43.095],[131.898,43.171],[131.976,43.296],[131.795,43.255],[131.516,42.996],[131.292,42.772],[131.158,42.626],[130.946,42.634],[130.709,42.656],[130.73,42.326],[130.687,42.303]]],[[[47.442,80.854],[48.243,80.823],[48.446,80.806],[48.687,80.718],[48.625,80.629],[47.777,80.756],[47.6,80.742],[47.414,80.675],[47.198,80.615],[47.011,80.562],[46.624,80.541],[46.378,80.457],[46.06,80.484],[45.969,80.569],[45.389,80.56],[44.905,80.611],[46.327,80.735],[47.021,80.814],[47.442,80.854]]],[[[50.278,80.927],[50.801,80.914],[51.455,80.745],[51.704,80.688],[50.961,80.54],[49.846,80.498],[49.794,80.425],[48.896,80.369],[48.677,80.3],[48.922,80.277],[48.991,80.242],[48.978,80.163],[48.797,80.161],[48.555,80.183],[48.467,80.11],[48.167,80.133],[48.026,80.099],[47.737,80.082],[47.723,80.151],[47.893,80.239],[47.444,80.23],[47.249,80.18],[46.846,80.237],[46.644,80.3],[47.656,80.501],[48.208,80.544],[48.403,80.569],[48.625,80.508],[49.185,80.559],[49.147,80.712],[49.508,80.865],[50.278,80.927]]],[[[67.765,76.238],[67.127,76.108],[66.657,76.047],[65.619,75.905],[64.745,75.788],[63.779,75.673],[63.317,75.603],[62.066,75.428],[61.487,75.311],[61.249,75.281],[60.936,75.164],[60.719,75.069],[60.534,75.059],[60.277,75.008],[60.455,74.946],[60.439,74.875],[60.222,74.797],[59.982,74.745],[59.735,74.695],[59.753,74.637],[59.596,74.614],[59.182,74.666],[59.146,74.552],[59.04,74.486],[58.535,74.499],[58.562,74.422],[58.665,74.289],[58.441,74.129],[57.778,73.974],[57.872,73.85],[57.756,73.769],[57.604,73.775],[57.313,73.838],[57.464,73.746],[57.46,73.61],[56.964,73.367],[56.43,73.297],[56.035,73.346],[55.28,73.392],[54.769,73.449],[54.3,73.351],[54.205,73.542],[53.763,73.766],[53.963,73.822],[54.386,73.936],[54.643,73.96],[54.831,74.096],[55.023,74.187],[55.416,74.436],[56.137,74.496],[55.752,74.541],[55.61,74.591],[55.66,74.656],[56.218,74.898],[56.429,74.973],[55.998,75.003],[55.821,75.091],[55.921,75.168],[56.162,75.187],[56.389,75.138],[56.57,75.098],[56.829,75.278],[56.844,75.351],[57.087,75.384],[57.607,75.341],[57.708,75.454],[58.094,75.593],[58.058,75.663],[58.653,75.777],[58.995,75.872],[59.347,75.907],[60.036,75.984],[60.279,76.096],[60.731,76.104],[60.942,76.071],[61.054,76.12],[61.034,76.233],[61.202,76.282],[61.787,76.291],[62.471,76.23],[62.971,76.237],[64.463,76.378],[64.95,76.484],[65.197,76.5],[65.528,76.568],[65.755,76.579],[65.959,76.688],[66.345,76.821],[67.264,76.964],[67.652,77.012],[68.486,76.934],[68.873,76.79],[68.942,76.708],[68.858,76.61],[68.559,76.449],[68.165,76.285],[67.765,76.238]]],[[[55.32,73.308],[56.138,73.256],[56.43,73.201],[56.335,73.114],[56.167,72.983],[56.171,72.848],[56.084,72.789],[55.723,72.766],[55.701,72.672],[55.441,72.575],[55.417,72.501],[55.36,72.409],[55.399,72.314],[55.495,72.182],[55.375,72.015],[55.471,71.869],[55.614,71.69],[56.043,71.346],[56.895,70.927],[57.484,70.792],[57.625,70.729],[57.264,70.636],[57.146,70.589],[56.622,70.655],[56.51,70.729],[56.26,70.715],[56.417,70.665],[56.5,70.566],[56.142,70.658],[56.087,70.618],[55.907,70.626],[55.707,70.642],[55.687,70.692],[55.052,70.667],[54.645,70.742],[54.601,70.68],[54.333,70.745],[53.722,70.814],[53.468,70.901],[53.616,70.951],[53.588,71.052],[53.857,71.07],[53.922,71.138],[54.156,71.125],[53.591,71.297],[53.515,71.343],[53.319,71.399],[53.412,71.53],[52.909,71.495],[52.419,71.537],[51.938,71.475],[51.692,71.525],[51.511,71.648],[51.429,71.826],[51.482,71.98],[51.653,72.099],[51.885,72.153],[52.252,72.13],[52.407,72.197],[52.586,72.284],[52.662,72.337],[52.714,72.437],[52.864,72.55],[52.839,72.619],[52.683,72.682],[52.529,72.737],[52.579,72.791],[52.913,72.9],[53.135,72.913],[53.37,72.917],[53.237,73.011],[53.198,73.148],[53.358,73.225],[53.634,73.26],[53.866,73.299],[54.202,73.281],[54.676,73.37],[54.941,73.383],[55.32,73.308]]],[[[96.527,81.076],[96.693,80.994],[97.414,80.842],[97.832,80.798],[97.856,80.698],[97.665,80.678],[97.113,80.614],[97.073,80.52],[97.25,80.363],[97.417,80.323],[97.175,80.241],[94.961,80.15],[94.565,80.126],[93.872,80.01],[93.002,80.102],[92.092,80.223],[91.637,80.27],[91.688,80.419],[92.247,80.499],[92.827,80.619],[93.263,80.791],[92.593,80.781],[92.71,80.872],[92.939,80.926],[93.359,81.032],[93.637,81.038],[94.14,81.089],[94.612,81.115],[95.061,81.188],[95.801,81.28],[95.984,81.211],[96.187,81.184],[96.527,81.076]]],[[[97.675,80.158],[98.018,80.023],[97.808,79.956],[97.627,79.85],[97.652,79.761],[97.871,79.853],[98.273,79.874],[98.499,79.953],[98.532,80.044],[98.866,80.045],[99.371,79.986],[99.536,79.941],[99.818,79.898],[100.061,79.777],[99.839,79.669],[99.782,79.628],[99.749,79.515],[99.706,79.463],[99.681,79.323],[99.388,79.275],[99.104,79.305],[99.317,79.227],[99.751,79.108],[99.9,79.006],[99.541,78.853],[98.82,78.818],[98.283,78.795],[97.905,78.81],[97.555,78.827],[96.933,78.934],[96.808,78.985],[96.347,79.016],[95.703,79.012],[95.437,79.099],[95.02,79.053],[94.652,79.127],[94.62,79.192],[94.314,79.308],[93.759,79.451],[93.272,79.458],[93.405,79.632],[94.038,79.756],[94.347,79.942],[94.815,80.035],[94.987,80.097],[95.338,80.042],[95.498,80.106],[96.162,80.097],[96.417,80.104],[97.587,80.168],[97.675,80.158]]],[[[102.885,79.254],[102.746,79.106],[102.412,78.835],[102.748,78.95],[102.95,79.056],[103.199,79.071],[103.673,79.15],[103.926,79.123],[104.091,79.013],[104.449,78.964],[104.452,78.88],[104.881,78.855],[105.146,78.819],[105.256,78.733],[105.343,78.594],[104.833,78.353],[104.519,78.349],[103.719,78.258],[102.797,78.188],[102.673,78.202],[102.18,78.205],[101.204,78.192],[100.541,78.048],[99.845,77.957],[99.392,78.001],[99.439,78.084],[99.678,78.233],[100.058,78.38],[100.163,78.504],[100.257,78.574],[100.284,78.679],[100.516,78.788],[100.876,78.784],[100.898,78.812],[100.865,78.926],[100.965,79.007],[101.068,79.096],[101.149,79.157],[101.31,79.233],[101.555,79.313],[101.643,79.361],[101.824,79.37],[102.005,79.264],[102.251,79.256],[102.181,79.373],[102.282,79.43],[102.79,79.392],[103.098,79.299],[102.94,79.271],[102.885,79.254]]],[[[140.049,75.829],[140.274,75.822],[140.496,75.69],[140.602,75.644],[140.816,75.631],[140.944,75.7],[140.927,75.799],[140.95,75.927],[141.033,75.989],[141.485,76.137],[142.001,76.044],[142.67,75.863],[143.185,75.814],[143.56,75.86],[145.255,75.586],[145.36,75.53],[144.803,75.416],[144.814,75.325],[144.408,75.102],[144.02,75.045],[143.396,75.083],[142.922,75.217],[142.729,75.338],[142.734,75.545],[142.986,75.633],[142.942,75.713],[142.308,75.692],[142.151,75.458],[142.265,75.346],[142.697,75.103],[143.128,74.97],[142.626,74.837],[142.378,74.829],[142.184,74.9],[141.987,74.991],[141.53,74.947],[140.661,74.882],[140.268,74.847],[139.758,74.964],[139.606,74.946],[139.512,74.838],[139.326,74.687],[139.099,74.657],[138.866,74.701],[138.001,74.827],[137.683,75.009],[137.447,75.054],[137.006,75.235],[136.948,75.326],[137.166,75.347],[137.215,75.554],[137.358,75.782],[137.594,75.823],[137.561,75.955],[137.774,76.016],[138.039,76.047],[138.208,76.115],[138.814,76.2],[139.018,76.16],[139.211,76.081],[139.743,75.953],[140.049,75.829]]],[[[146.795,75.371],[147.444,75.438],[148.432,75.414],[148.519,75.336],[148.475,75.272],[148.892,75.228],[149.645,75.245],[150.281,75.164],[150.531,75.1],[150.69,75.155],[150.822,75.157],[150.58,74.919],[149.838,74.795],[149.05,74.772],[148.092,74.826],[147.741,74.932],[147.257,74.984],[146.925,75.062],[146.149,75.198],[146.258,75.394],[146.438,75.558],[146.751,75.51],[146.795,75.371]]],[[[178.862,70.826],[178.648,71.001],[178.684,71.106],[178.891,71.231],[179.548,71.448],[179.886,71.523],[180.0,70.993],[179.648,70.899],[178.862,70.826]]],[[[142.761,54.394],[142.986,54.086],[142.927,53.956],[142.936,53.811],[143.096,53.489],[143.26,53.217],[143.325,52.963],[143.324,52.614],[143.264,52.479],[143.172,52.349],[143.191,51.944],[143.295,51.744],[143.321,51.583],[143.455,51.471],[143.473,51.299],[143.534,51.246],[143.816,50.283],[144.141,49.661],[144.24,49.432],[144.341,49.181],[144.607,48.936],[144.707,48.82],[144.673,48.679],[144.536,48.894],[144.284,49.07],[144.049,49.249],[143.819,49.309],[143.382,49.291],[143.105,49.199],[142.972,48.918],[142.574,48.072],[142.557,47.738],[142.67,47.537],[142.801,47.416],[142.905,47.362],[143.006,47.223],[143.178,46.844],[143.319,46.807],[143.447,46.792],[143.54,46.575],[143.581,46.361],[143.491,46.175],[143.463,46.069],[143.419,46.222],[143.352,46.476],[143.048,46.593],[142.796,46.62],[142.692,46.711],[142.578,46.701],[142.406,46.555],[142.304,46.358],[142.15,45.999],[142.016,45.962],[141.93,46.088],[141.83,46.451],[142.011,47.03],[142.017,47.245],[141.963,47.544],[142.016,47.701],[142.149,47.902],[142.135,48.29],[141.897,48.655],[141.866,48.75],[142.02,49.078],[142.109,49.44],[142.153,50.217],[142.071,50.515],[142.1,50.776],[142.208,50.998],[142.091,51.429],[141.873,51.63],[141.722,51.736],[141.808,51.789],[141.668,51.933],[141.682,52.359],[141.803,52.556],[141.874,53.039],[141.824,53.34],[141.964,53.456],[142.18,53.484],[142.371,53.403],[142.526,53.447],[142.509,53.588],[142.68,53.674],[142.643,53.737],[142.706,53.896],[142.467,54.149],[142.552,54.279],[142.666,54.358],[142.761,54.394]]],[[[-178.876,71.577],[-178.354,71.529],[-178.134,71.465],[-177.975,71.391],[-177.584,71.282],[-177.498,71.219],[-177.822,71.068],[-178.528,71.015],[-179.416,70.919],[-179.734,70.972],[-180.0,71.184],[-180.0,71.538],[-179.691,71.578],[-179.402,71.567],[-179.112,71.596],[-178.876,71.577]]],[[[35.816,65.182],[35.858,65.078],[35.842,65.001],[35.68,65.058],[35.559,65.094],[35.586,65.167],[35.729,65.198],[35.816,65.182]]],[[[42.714,66.702],[42.477,66.735],[42.469,66.786],[42.631,66.782],[42.714,66.702]]],[[[52.903,71.365],[53.074,71.238],[53.193,71.215],[53.071,71.065],[53.106,70.999],[53.023,70.969],[52.95,71.054],[52.789,71.115],[52.547,71.25],[52.289,71.27],[52.24,71.325],[52.513,71.385],[52.73,71.355],[52.732,71.404],[52.903,71.365]]],[[[168.039,54.565],[167.677,54.698],[167.442,54.856],[167.592,54.798],[167.883,54.69],[168.039,54.565]]],[[[160.719,70.823],[160.505,70.82],[160.44,70.923],[160.566,70.924],[160.719,70.823]]],[[[161.467,68.901],[161.456,68.966],[161.364,69.044],[161.137,69.11],[161.165,69.334],[161.111,69.47],[161.41,69.596],[161.521,69.634],[161.609,69.501],[161.374,69.414],[161.373,69.293],[161.394,69.106],[161.517,68.97],[161.467,68.901]]],[[[152.886,76.122],[152.786,76.086],[152.559,76.144],[152.643,76.175],[152.799,76.195],[152.835,76.185],[152.864,76.163],[152.886,76.122]]],[[[149.15,76.66],[148.399,76.648],[148.448,76.677],[148.72,76.747],[149.406,76.782],[149.268,76.747],[149.205,76.677],[149.15,76.66]]],[[[137.96,71.508],[137.613,71.434],[137.458,71.483],[137.344,71.461],[137.079,71.502],[137.082,71.543],[137.168,71.557],[137.817,71.588],[137.934,71.543],[137.96,71.508]]],[[[107.696,78.131],[107.482,78.058],[107.002,78.096],[106.583,78.168],[107.573,78.186],[107.696,78.131]]],[[[112.478,76.621],[112.661,76.51],[112.587,76.483],[112.532,76.45],[112.297,76.538],[112.003,76.603],[112.011,76.633],[112.394,76.644],[112.478,76.621]]],[[[96.532,76.278],[96.59,76.221],[96.351,76.212],[96.301,76.122],[95.845,76.16],[95.311,76.215],[95.38,76.289],[95.786,76.294],[96.271,76.305],[96.532,76.278]]],[[[96.285,77.027],[96.21,76.992],[95.855,76.975],[95.681,77.021],[95.27,77.019],[95.854,77.098],[96.562,77.154],[96.424,77.071],[96.285,77.027]]],[[[89.514,77.189],[89.179,77.21],[89.2,77.272],[89.616,77.311],[89.666,77.254],[89.514,77.189]]],[[[74.661,72.873],[74.588,72.881],[74.181,72.975],[74.142,73.074],[74.409,73.13],[74.725,73.108],[74.743,73.033],[74.66,72.929],[74.661,72.873]]],[[[75.504,73.457],[75.375,73.477],[75.93,73.574],[76.052,73.549],[75.827,73.459],[75.504,73.457]]],[[[83.549,74.072],[83.45,74.052],[83.159,74.075],[82.903,74.129],[83.513,74.122],[83.549,74.072]]],[[[67.345,69.53],[67.264,69.443],[67.098,69.447],[67.047,69.467],[67.026,69.483],[67.216,69.575],[67.329,69.572],[67.345,69.53]]],[[[66.561,70.542],[66.516,70.515],[66.408,70.616],[66.418,70.757],[66.463,70.769],[66.561,70.542]]],[[[70.021,66.502],[69.651,66.565],[69.503,66.751],[69.8,66.736],[70.077,66.696],[70.057,66.599],[70.059,66.518],[70.021,66.502]]],[[[50.052,80.074],[49.588,80.136],[49.884,80.23],[50.31,80.186],[50.072,80.109],[50.052,80.074]]],[[[51.409,79.944],[51.431,79.921],[50.454,79.924],[50.473,80.035],[50.936,80.094],[51.238,80.01],[51.327,79.972],[51.409,79.944]]],[[[50.754,81.047],[50.518,81.046],[50.377,81.103],[50.465,81.126],[50.522,81.158],[50.716,81.171],[50.946,81.108],[50.754,81.047]]],[[[55.48,80.274],[55.048,80.228],[55.092,80.296],[55.353,80.318],[55.48,80.274]]],[[[54.415,80.473],[53.812,80.476],[53.9,80.515],[53.859,80.563],[54.177,80.574],[54.407,80.54],[54.415,80.473]]],[[[59.689,79.956],[59.203,79.933],[59.1,79.964],[58.946,80.042],[59.545,80.119],[59.911,79.994],[59.689,79.956]]],[[[58.622,81.042],[58.815,80.934],[58.931,80.832],[58.642,80.768],[57.938,80.793],[57.405,80.915],[57.41,81.047],[58.05,81.118],[58.19,81.095],[58.622,81.042]]],[[[47.983,45.488],[47.968,45.47],[47.92,45.562],[47.918,45.618],[47.947,45.647],[47.987,45.554],[47.983,45.488]]],[[[50.265,69.186],[50.221,69.049],[50.141,69.098],[49.921,69.053],[49.626,68.86],[48.91,68.743],[48.439,68.805],[48.294,68.984],[48.28,69.097],[48.32,69.269],[48.631,69.436],[48.953,69.509],[49.996,69.309],[50.265,69.186]]],[[[63.374,80.7],[63.002,80.713],[62.52,80.822],[62.819,80.894],[63.615,80.981],[64.096,80.998],[64.21,81.106],[64.31,81.175],[64.802,81.197],[65.172,81.144],[65.382,81.057],[65.372,80.968],[64.997,80.819],[63.374,80.7]]],[[[57.956,80.123],[57.392,80.139],[57.281,80.194],[57.212,80.368],[57.083,80.445],[57.075,80.494],[58.48,80.465],[59.116,80.388],[58.398,80.319],[58.286,80.248],[58.163,80.197],[57.956,80.123]]],[[[62.168,80.835],[62.192,80.73],[62.076,80.617],[61.681,80.586],[61.285,80.505],[60.722,80.435],[59.9,80.446],[59.346,80.505],[59.288,80.573],[59.387,80.713],[59.549,80.784],[59.716,80.836],[60.235,80.838],[60.482,80.804],[61.313,80.863],[61.851,80.886],[62.168,80.835]]],[[[61.141,80.95],[60.321,80.956],[60.078,80.999],[60.587,81.088],[61.567,81.05],[61.141,80.95]]],[[[53.521,80.185],[52.636,80.179],[52.55,80.202],[52.213,80.264],[52.577,80.297],[52.716,80.348],[53.186,80.413],[53.346,80.366],[53.852,80.268],[53.653,80.223],[53.521,80.185]]],[[[57.079,80.351],[57.119,80.194],[57.08,80.095],[56.201,80.076],[55.724,80.105],[56.012,80.204],[56.024,80.341],[56.707,80.363],[57.079,80.351]]],[[[57.81,81.546],[58.017,81.484],[58.564,81.418],[57.859,81.368],[58.015,81.255],[57.77,81.17],[57.159,81.178],[56.669,81.198],[56.364,81.179],[55.717,81.188],[55.466,81.311],[56.157,81.303],[56.719,81.423],[57.092,81.541],[57.456,81.543],[57.81,81.546]]],[[[54.719,81.116],[56.17,81.029],[56.91,80.913],[57.694,80.792],[56.815,80.664],[55.883,80.628],[55.541,80.703],[54.668,80.739],[54.533,80.783],[54.067,80.814],[54.241,80.902],[54.417,80.987],[54.719,81.116]]],[[[63.651,81.609],[62.885,81.609],[62.531,81.647],[62.106,81.679],[62.795,81.719],[63.767,81.664],[63.651,81.609]]],[[[58.295,81.715],[57.921,81.71],[57.945,81.748],[58.135,81.828],[59.408,81.825],[59.356,81.759],[58.295,81.715]]],[[[92.683,79.685],[92.154,79.685],[91.376,79.835],[91.07,79.981],[91.426,80.049],[92.173,80.045],[93.482,79.941],[93.604,79.817],[93.155,79.738],[92.683,79.685]]],[[[91.567,81.141],[89.976,81.113],[89.901,81.171],[91.109,81.199],[91.567,81.141]]],[[[141.01,73.999],[140.409,73.922],[140.102,74.184],[140.3,74.257],[140.849,74.274],[141.039,74.243],[141.097,74.168],[141.01,73.999]]],[[[142.185,73.896],[142.639,73.803],[143.411,73.521],[143.491,73.246],[143.193,73.221],[142.587,73.253],[142.126,73.282],[141.183,73.389],[140.663,73.452],[140.027,73.361],[139.786,73.355],[139.92,73.449],[140.381,73.483],[140.697,73.629],[140.984,73.832],[141.19,73.876],[141.682,73.904],[142.185,73.896]]],[[[135.949,75.41],[135.452,75.39],[135.523,75.496],[135.561,75.636],[135.614,75.766],[135.788,75.798],[135.905,75.694],[136.169,75.606],[135.965,75.486],[135.949,75.41]]],[[[136.197,73.914],[136.051,73.929],[135.633,74.121],[135.402,74.202],[135.628,74.22],[136.259,73.985],[136.197,73.914]]],[[[137.941,55.093],[138.172,55.06],[138.096,54.991],[137.991,54.821],[137.87,54.75],[137.721,54.663],[137.526,54.826],[137.276,54.792],[137.275,54.891],[137.436,55.016],[137.577,55.197],[137.941,55.093]]],[[[169.201,69.58],[168.348,69.664],[167.993,69.776],[167.789,69.837],[167.865,69.901],[168.196,70.008],[169.375,69.883],[169.434,69.832],[169.332,69.77],[169.263,69.629],[169.201,69.58]]],[[[163.635,58.603],[163.447,58.525],[163.427,58.579],[163.727,58.799],[163.767,58.972],[164.202,59.096],[164.573,59.221],[164.662,58.971],[164.279,58.838],[163.635,58.603]]],[[[166.65,54.839],[166.521,54.768],[166.382,54.838],[166.23,54.937],[166.082,55.077],[165.992,55.19],[165.83,55.307],[166.212,55.324],[166.23,55.242],[166.404,55.006],[166.577,54.908],[166.65,54.839]]],[[[154.81,49.312],[154.611,49.294],[154.825,49.647],[154.883,49.566],[154.83,49.348],[154.81,49.312]]],[[[156.405,50.658],[156.326,50.639],[156.168,50.732],[156.376,50.862],[156.488,50.843],[156.405,50.658]]],[[[155.921,50.302],[155.608,50.177],[155.449,50.078],[155.289,50.061],[155.243,50.213],[155.218,50.298],[155.434,50.369],[155.773,50.482],[156.002,50.757],[156.123,50.671],[156.044,50.452],[155.921,50.302]]],[[[154.081,48.79],[154.001,48.756],[154.092,48.832],[154.199,48.905],[154.205,48.857],[154.081,48.79]]],[[[155.645,50.822],[155.513,50.837],[155.467,50.914],[155.64,50.91],[155.645,50.822]]],[[[153.101,47.763],[153.054,47.706],[153.004,47.713],[152.984,47.728],[153.049,47.797],[153.079,47.809],[153.101,47.763]]],[[[152.002,46.897],[151.754,46.788],[151.715,46.853],[152.04,47.015],[152.235,47.143],[152.002,46.897]]],[[[149.688,45.642],[149.447,45.593],[149.796,45.876],[150.309,46.2],[150.553,46.209],[150.195,45.933],[149.954,45.822],[149.688,45.642]]],[[[148.6,45.318],[148.262,45.217],[147.914,44.99],[147.658,44.977],[147.61,44.887],[147.31,44.678],[147.098,44.531],[146.933,44.513],[147.141,44.663],[147.247,44.856],[147.558,45.062],[147.769,45.191],[147.873,45.3],[147.965,45.378],[148.13,45.258],[148.612,45.485],[148.773,45.526],[148.826,45.486],[148.803,45.414],[148.791,45.324],[148.6,45.318]]],[[[146.714,43.744],[146.609,43.74],[146.622,43.813],[146.884,43.829],[146.714,43.744]]],[[[146.208,44.498],[146.568,44.44],[146.437,44.376],[146.173,44.269],[145.914,44.104],[145.767,43.941],[145.556,43.665],[145.426,43.81],[145.666,43.999],[145.773,44.129],[145.89,44.249],[146.112,44.5],[146.208,44.498]]],[[[113.387,74.4],[113.299,74.317],[113.19,74.239],[112.811,74.103],[112.196,74.146],[111.912,74.219],[111.503,74.353],[111.638,74.374],[111.949,74.389],[111.989,74.496],[112.084,74.549],[113.286,74.441],[113.387,74.4]]],[[[76.249,79.651],[76.467,79.643],[77.549,79.524],[76.81,79.49],[76.637,79.544],[76.154,79.579],[76.052,79.645],[76.249,79.651]]],[[[80.027,80.848],[79.007,80.835],[79.11,80.924],[79.807,80.975],[80.428,80.928],[80.345,80.868],[80.027,80.848]]],[[[70.674,73.095],[70.298,73.044],[70.041,73.037],[69.93,73.127],[70.019,73.224],[70.15,73.445],[70.94,73.514],[71.141,73.478],[71.351,73.372],[71.59,73.283],[71.626,73.174],[70.887,73.12],[70.674,73.095]]],[[[77.633,72.291],[76.906,72.298],[76.903,72.366],[77.26,72.486],[77.579,72.631],[78.279,72.553],[78.365,72.482],[78.007,72.392],[77.633,72.291]]],[[[79.501,72.722],[78.881,72.752],[78.633,72.851],[79.164,73.094],[79.412,72.983],[79.538,72.769],[79.501,72.722]]],[[[82.172,75.419],[82.222,75.351],[82.05,75.341],[81.905,75.263],[81.698,75.281],[81.579,75.331],[81.501,75.368],[81.842,75.407],[81.91,75.46],[82.022,75.513],[82.172,75.419]]],[[[60.45,69.935],[60.477,69.794],[60.327,69.715],[60.026,69.717],[59.813,69.696],[59.637,69.721],[59.581,69.791],[59.382,69.89],[59.144,69.922],[59.004,69.883],[58.68,70.051],[58.606,70.129],[58.473,70.267],[58.615,70.351],[58.794,70.433],[59.048,70.46],[59.31,70.362],[59.529,70.249],[59.956,70.108],[60.393,69.962],[60.45,69.935]]],[[[20.958,55.279],[20.595,54.982],[20.774,54.947],[20.996,54.903],[21.223,55.108],[21.298,55.264],[21.447,55.234],[21.683,55.16],[22.072,55.064],[22.346,55.064],[22.627,54.971],[22.825,54.871],[22.71,54.633],[22.68,54.493],[22.766,54.357],[22.168,54.36],[21.141,54.392],[20.208,54.421],[19.644,54.447],[19.758,54.545],[19.944,54.75],[19.975,54.921],[20.397,54.951],[20.679,55.103],[20.9,55.287],[20.958,55.279]]],[[[33.594,46.096],[33.66,46.22],[34.027,46.107],[34.224,46.101],[34.45,45.966],[34.687,45.977],[34.8,45.791],[35.002,45.733],[35.26,45.447],[35.458,45.316],[35.751,45.389],[36.013,45.372],[36.171,45.453],[36.427,45.433],[36.514,45.304],[36.428,45.153],[36.23,45.026],[35.87,45.005],[35.759,45.071],[35.57,45.119],[35.358,44.978],[35.088,44.803],[34.717,44.807],[34.282,44.538],[33.91,44.388],[33.656,44.433],[33.463,44.597],[33.53,44.681],[33.601,44.981],[33.392,45.188],[33.187,45.195],[32.773,45.359],[32.552,45.35],[32.828,45.593],[33.28,45.765],[33.665,45.947],[33.594,46.096]]]]}},{"type":"Feature","properties":{"iso_a2":"PT"},"geometry":{"type":"MultiPolygon","coordinates":[[[[-17.191,32.869],[-16.929,32.841],[-16.693,32.758],[-16.837,32.648],[-17.171,32.722],[-17.241,32.807],[-17.191,32.869]]],[[[-8.777,41.941],[-8.59,42.053],[-8.323,42.115],[-8.213,42.134],[-8.174,42.069],[-8.13,42.018],[-8.225,41.896],[-8.174,41.82],[-8.094,41.814],[-7.921,41.884],[-7.693,41.888],[-7.613,41.858],[-7.404,41.834],[-7.21,41.895],[-7.195,41.955],[-7.147,41.981],[-7.03,41.951],[-6.833,41.964],[-6.704,41.935],[-6.575,41.913],[-6.553,41.79],[-6.542,41.673],[-6.392,41.665],[-6.243,41.602],[-6.213,41.532],[-6.289,41.455],[-6.566,41.304],[-6.776,41.108],[-6.916,41.038],[-6.858,40.878],[-6.818,40.654],[-6.836,40.483],[-6.848,40.411],[-6.81,40.343],[-6.948,40.252],[-7.033,40.168],[-6.916,40.057],[-6.911,39.937],[-7.037,39.714],[-7.118,39.682],[-7.536,39.662],[-7.445,39.536],[-7.335,39.465],[-7.172,39.135],[-6.998,39.056],[-7.046,38.907],[-7.22,38.771],[-7.286,38.649],[-7.336,38.501],[-7.106,38.181],[-6.958,38.188],[-7.023,38.045],[-7.185,38.006],[-7.379,37.786],[-7.504,37.585],[-7.467,37.428],[-7.494,37.168],[-7.94,37.005],[-8.484,37.1],[-8.739,37.075],[-8.935,37.016],[-8.926,37.166],[-8.819,37.592],[-8.823,37.872],[-8.802,38.184],[-8.881,38.447],[-8.734,38.482],[-8.862,38.51],[-9.096,38.455],[-9.213,38.448],[-9.25,38.657],[-9.093,38.697],[-8.977,38.803],[-8.938,38.998],[-8.867,39.066],[-9.091,38.835],[-9.252,38.713],[-9.41,38.708],[-9.48,38.799],[-9.431,38.96],[-9.353,39.248],[-9.375,39.338],[-9.251,39.426],[-9.004,39.821],[-8.851,40.152],[-8.873,40.259],[-8.732,40.651],[-8.674,40.917],[-8.66,41.086],[-8.738,41.285],[-8.811,41.652],[-8.846,41.705],[-8.878,41.832],[-8.777,41.941]]],[[[-25.027,36.96],[-25.088,36.949],[-25.198,36.997],[-25.083,37.024],[-25.027,36.96]]],[[[-31.137,39.407],[-31.181,39.359],[-31.258,39.376],[-31.283,39.394],[-31.261,39.497],[-31.2,39.521],[-31.139,39.479],[-31.137,39.407]]],[[[-27.075,38.643],[-27.303,38.661],[-27.386,38.766],[-27.26,38.803],[-27.042,38.741],[-27.075,38.643]]],[[[-27.778,38.556],[-27.826,38.544],[-28.092,38.621],[-28.187,38.655],[-28.311,38.744],[-27.963,38.636],[-27.778,38.556]]],[[[-28.641,38.525],[-28.744,38.522],[-28.842,38.598],[-28.698,38.638],[-28.655,38.614],[-28.624,38.586],[-28.606,38.551],[-28.641,38.525]]],[[[-28.147,38.453],[-28.19,38.404],[-28.332,38.413],[-28.531,38.463],[-28.51,38.553],[-28.147,38.453]]],[[[-25.649,37.841],[-25.267,37.849],[-25.191,37.764],[-25.439,37.715],[-25.834,37.826],[-25.846,37.894],[-25.649,37.841]]]]}},{"type":"Feature","properties":{"iso_a2":"PL"},"geometry":{"type":"Polygon","coordinates":[[[23.605,51.518],[23.68,51.395],[23.664,51.31],[23.863,51.126],[23.986,50.94],[24.106,50.845],[24.026,50.816],[23.978,50.786],[24.046,50.723],[24.09,50.53],[24.005,50.457],[23.712,50.377],[23.506,50.23],[23.264,50.073],[22.952,49.826],[22.706,49.606],[22.661,49.484],[22.732,49.295],[22.702,49.193],[22.76,49.136],[22.852,49.063],[22.81,49.021],[22.58,49.077],[22.473,49.081],[22.02,49.21],[21.968,49.299],[21.712,49.382],[21.35,49.429],[21.136,49.417],[21.001,49.34],[20.868,49.315],[20.729,49.37],[20.535,49.381],[20.423,49.392],[20.363,49.385],[20.237,49.338],[20.108,49.271],[19.916,49.221],[19.802,49.192],[19.767,49.235],[19.787,49.319],[19.73,49.39],[19.63,49.407],[19.593,49.447],[19.48,49.576],[19.386,49.564],[19.25,49.511],[18.968,49.396],[18.938,49.498],[18.829,49.54],[18.595,49.758],[18.577,49.841],[18.516,49.902],[18.305,49.914],[18.205,49.965],[18.088,50.007],[18.028,50.035],[17.984,49.999],[17.831,49.983],[17.747,50.057],[17.627,50.116],[17.589,50.157],[17.735,50.231],[17.702,50.307],[17.555,50.264],[17.415,50.255],[16.981,50.416],[16.869,50.415],[16.993,50.26],[16.895,50.202],[16.779,50.157],[16.679,50.097],[16.597,50.122],[16.35,50.345],[16.291,50.372],[16.21,50.424],[16.283,50.483],[16.379,50.517],[16.42,50.574],[16.36,50.621],[16.066,50.63],[15.974,50.635],[15.894,50.677],[15.731,50.74],[15.464,50.794],[15.354,50.812],[15.277,50.883],[15.126,50.993],[14.984,51.003],[14.983,50.887],[14.809,50.859],[14.917,51.009],[15.017,51.253],[14.936,51.435],[14.725,51.524],[14.739,51.627],[14.681,51.698],[14.602,51.832],[14.693,51.958],[14.748,52.071],[14.705,52.11],[14.705,52.207],[14.616,52.278],[14.555,52.36],[14.619,52.529],[14.254,52.783],[14.139,52.933],[14.293,53.027],[14.411,53.199],[14.415,53.283],[14.28,53.625],[14.259,53.73],[14.583,53.639],[14.552,53.707],[14.558,53.823],[14.214,53.871],[14.211,53.95],[14.384,53.925],[15.288,54.14],[16.043,54.266],[16.239,54.333],[16.376,54.437],[16.885,54.596],[17.262,54.73],[18.086,54.836],[18.535,54.769],[18.8,54.633],[18.502,54.742],[18.587,54.513],[18.836,54.37],[19.407,54.386],[19.604,54.459],[19.924,54.434],[20.665,54.407],[21.634,54.376],[22.732,54.35],[22.824,54.396],[22.977,54.366],[23.032,54.328],[23.087,54.299],[23.282,54.24],[23.454,54.143],[23.483,54.006],[23.485,53.94],[23.789,53.271],[23.887,53.028],[23.916,52.819],[23.901,52.704],[23.48,52.552],[23.303,52.428],[23.181,52.307],[23.197,52.257],[23.458,52.17],[23.598,52.103],[23.652,52.04],[23.607,51.88],[23.581,51.762],[23.54,51.619],[23.605,51.518]]]}},{"type":"Feature","properties":{"iso_a2":"PH"},"geometry":{"type":"MultiPolygon","coordinates":[[[[121.102,18.615],[121.593,18.376],[121.846,18.295],[122.038,18.328],[122.147,18.487],[122.266,18.459],[122.315,18.32],[122.223,18.157],[122.151,17.756],[122.175,17.576],[122.269,17.395],[122.388,17.307],[122.408,17.178],[122.519,17.125],[122.468,16.99],[122.226,16.435],[122.135,16.185],[121.789,16.077],[121.595,15.933],[121.59,15.778],[121.607,15.67],[121.49,15.51],[121.412,15.375],[121.399,15.267],[121.544,14.999],[121.686,14.765],[121.627,14.682],[121.649,14.481],[121.767,14.168],[121.853,14.063],[122.08,13.947],[122.212,13.93],[122.287,13.996],[122.203,14.112],[122.237,14.175],[122.384,14.264],[122.627,14.318],[122.856,14.251],[123.015,14.08],[123.071,13.903],[123.06,13.789],[123.231,13.747],[123.305,13.937],[123.28,14.025],[123.377,14.029],[123.633,13.898],[123.726,13.884],[123.858,13.8],[123.607,13.704],[123.608,13.528],[123.765,13.354],[123.817,13.192],[123.873,13.117],[124.069,13.032],[124.143,13.036],[124.06,12.567],[123.878,12.69],[123.949,12.916],[123.864,12.931],[123.736,12.897],[123.402,13.033],[123.29,13.099],[123.206,13.354],[123.163,13.442],[122.863,13.617],[122.595,13.908],[122.486,13.93],[122.494,13.82],[122.5,13.703],[122.596,13.562],[122.668,13.395],[122.6,13.194],[122.513,13.314],[122.407,13.493],[122.205,13.648],[121.778,13.938],[121.692,13.935],[121.501,13.842],[121.446,13.712],[121.204,13.64],[121.006,13.758],[120.841,13.885],[120.637,13.804],[120.617,14.188],[120.688,14.291],[120.952,14.558],[120.888,14.716],[120.708,14.777],[120.584,14.881],[120.583,14.595],[120.556,14.441],[120.439,14.453],[120.365,14.608],[120.251,14.793],[120.138,14.8],[120.045,14.978],[120.005,15.229],[119.933,15.431],[119.881,15.875],[119.808,15.952],[119.762,16.055],[119.79,16.303],[119.886,16.287],[119.985,16.215],[120.124,16.066],[120.271,16.051],[120.369,16.11],[120.389,16.222],[120.305,16.529],[120.321,16.762],[120.42,17.09],[120.427,17.377],[120.372,17.535],[120.505,18.163],[120.584,18.369],[120.709,18.546],[120.868,18.599],[121.051,18.614],[121.102,18.615]]],[[[117.311,8.44],[117.229,8.457],[117.35,8.714],[117.53,8.903],[117.745,9.098],[117.932,9.251],[118.024,9.27],[118.344,9.603],[118.728,10.035],[118.845,10.131],[119.08,10.386],[119.186,10.439],[119.287,10.574],[119.297,10.751],[119.306,10.974],[119.465,11.294],[119.553,11.314],[119.535,11.157],[119.562,11.046],[119.616,10.707],[119.687,10.5],[119.541,10.379],[119.369,10.327],[119.232,10.152],[119.192,10.061],[118.835,9.949],[118.755,9.862],[118.57,9.423],[118.435,9.256],[118.229,9.168],[118.069,8.984],[117.889,8.798],[117.68,8.678],[117.54,8.596],[117.469,8.511],[117.311,8.44]]],[[[122.496,11.615],[122.726,11.608],[122.931,11.529],[122.895,11.441],[123.158,11.536],[123.144,11.364],[123.075,11.197],[122.939,11.058],[122.803,10.99],[122.791,10.88],[122.673,10.801],[122.198,10.623],[122.052,10.514],[121.954,10.444],[121.934,10.494],[121.972,10.699],[121.964,10.872],[122.051,11.097],[122.104,11.643],[122.067,11.724],[121.891,11.791],[121.964,11.897],[122.087,11.855],[122.399,11.702],[122.496,11.615]]],[[[123.131,9.064],[122.995,9.059],[122.867,9.32],[122.665,9.41],[122.562,9.483],[122.4,9.823],[122.471,9.962],[122.648,9.982],[122.856,10.087],[122.867,10.284],[122.817,10.504],[122.906,10.603],[122.969,10.766],[122.983,10.887],[123.222,10.989],[123.511,10.923],[123.568,10.781],[123.493,10.582],[123.344,10.325],[123.266,10.059],[123.162,9.864],[123.149,9.659],[123.308,9.357],[123.321,9.273],[123.229,9.121],[123.131,9.064]]],[[[124.575,11.343],[124.724,11.322],[124.93,11.373],[125.027,11.212],[125.04,10.952],[125.034,10.751],[125.128,10.685],[125.188,10.585],[125.26,10.35],[125.253,10.264],[125.14,10.235],[125.105,10.218],[124.987,10.368],[125.024,10.115],[124.929,10.096],[124.781,10.168],[124.79,10.328],[124.799,10.682],[124.787,10.781],[124.663,10.962],[124.503,10.904],[124.412,11.15],[124.331,11.427],[124.331,11.535],[124.436,11.457],[124.548,11.395],[124.575,11.343]]],[[[125.24,12.528],[125.328,12.387],[125.352,12.293],[125.481,12.252],[125.503,12.136],[125.457,11.953],[125.497,11.714],[125.492,11.594],[125.593,11.378],[125.582,11.279],[125.627,11.234],[125.749,11.074],[125.674,11.121],[125.432,11.113],[125.233,11.145],[125.088,11.287],[124.945,11.479],[124.979,11.638],[124.995,11.765],[124.884,11.775],[124.796,11.896],[124.677,12.021],[124.529,12.079],[124.385,12.244],[124.295,12.569],[124.84,12.535],[125.24,12.528]]],[[[120.704,13.479],[120.915,13.501],[121.025,13.429],[121.122,13.381],[121.284,13.374],[121.442,13.188],[121.539,13.089],[121.475,12.932],[121.541,12.638],[121.458,12.508],[121.418,12.389],[121.394,12.301],[121.322,12.304],[121.237,12.219],[121.117,12.253],[121.083,12.339],[120.963,12.447],[120.921,12.581],[120.855,12.704],[120.776,12.791],[120.764,12.97],[120.651,13.169],[120.508,13.26],[120.455,13.394],[120.388,13.402],[120.353,13.473],[120.468,13.522],[120.704,13.479]]],[[[126.006,9.321],[126.193,9.277],[126.209,9.081],[126.32,8.845],[126.22,8.696],[126.14,8.596],[126.282,8.539],[126.38,8.327],[126.457,8.149],[126.435,7.833],[126.544,7.725],[126.593,7.547],[126.582,7.248],[126.439,7.012],[126.217,6.891],[126.24,6.734],[126.189,6.31],[126.11,6.49],[126.043,6.843],[125.962,7.033],[125.824,7.333],[125.689,7.263],[125.66,7.161],[125.542,7.017],[125.401,6.796],[125.433,6.607],[125.565,6.5],[125.671,6.225],[125.608,5.87],[125.346,5.599],[125.241,5.757],[125.265,5.926],[125.232,6.07],[125.174,6.047],[125.035,5.871],[124.927,5.875],[124.399,6.12],[124.078,6.404],[124.048,6.667],[123.981,6.93],[124.045,7.114],[124.158,7.219],[124.213,7.332],[124.182,7.437],[123.968,7.665],[123.717,7.785],[123.609,7.832],[123.493,7.808],[123.482,7.71],[123.391,7.408],[123.178,7.529],[123.139,7.63],[123.097,7.7],[122.99,7.546],[122.843,7.529],[122.792,7.722],[122.616,7.763],[122.474,7.639],[122.32,7.34],[122.176,7.004],[122.098,6.914],[121.964,6.968],[121.925,7.2],[122.047,7.364],[122.12,7.765],[122.243,7.945],[122.387,8.046],[122.673,8.133],[122.911,8.156],[123.003,8.287],[123.018,8.398],[123.096,8.481],[123.293,8.541],[123.38,8.616],[123.499,8.682],[123.68,8.621],[123.849,8.433],[123.877,8.189],[123.753,8.058],[123.931,8.128],[124.159,8.201],[124.226,8.271],[124.325,8.508],[124.405,8.6],[124.622,8.523],[124.762,8.69],[124.806,8.924],[124.944,8.957],[125.141,8.869],[125.21,9.027],[125.376,8.992],[125.533,9.141],[125.414,9.669],[125.521,9.759],[125.877,9.513],[126.006,9.321]]],[[[123.37,9.45],[123.316,9.489],[123.404,9.889],[123.514,10.14],[123.711,10.474],[123.832,10.731],[123.925,11.041],[123.964,11.137],[124.039,11.274],[124.037,11.107],[124.053,11.029],[124.028,10.768],[124.005,10.4],[123.874,10.258],[123.7,10.128],[123.634,9.922],[123.37,9.45]]],[[[121.922,18.895],[121.825,18.843],[121.86,18.937],[121.943,19.01],[121.922,18.895]]],[[[121.521,19.362],[121.531,19.271],[121.472,19.273],[121.383,19.328],[121.375,19.356],[121.376,19.38],[121.392,19.399],[121.521,19.362]]],[[[121.96,20.366],[121.941,20.354],[121.914,20.359],[121.941,20.454],[121.991,20.48],[122.031,20.469],[121.96,20.366]]],[[[121.878,20.782],[121.83,20.7],[121.791,20.701],[121.796,20.747],[121.848,20.841],[121.867,20.839],[121.878,20.782]]],[[[121.159,6.076],[121.283,6.022],[121.415,5.965],[121.294,5.87],[121.083,5.893],[120.931,5.896],[120.898,6.007],[121.159,6.076]]],[[[117.08,7.883],[117.028,7.808],[116.97,7.895],[116.976,8.017],[116.994,8.051],[117.077,8.069],[117.08,7.883]]],[[[119.916,10.486],[119.793,10.455],[119.764,10.552],[119.852,10.64],[119.95,10.605],[120.008,10.57],[119.981,10.539],[119.916,10.486]]],[[[120.1,12.168],[120.194,12.167],[120.261,12.142],[120.315,12.012],[120.174,12.02],[120.011,12.008],[119.896,12.179],[119.87,12.244],[119.88,12.28],[119.897,12.313],[119.964,12.27],[120.1,12.168]]],[[[120.039,11.703],[119.945,11.691],[119.933,11.774],[119.916,11.981],[119.998,11.932],[120.071,11.861],[120.073,11.783],[120.039,11.703]]],[[[122.65,10.473],[122.597,10.461],[122.517,10.493],[122.626,10.695],[122.673,10.739],[122.729,10.706],[122.681,10.498],[122.65,10.473]]],[[[124.594,9.787],[124.506,9.754],[124.403,9.654],[124.122,9.599],[123.872,9.676],[123.817,9.817],[123.909,9.92],[124.094,10.061],[124.336,10.16],[124.373,10.13],[124.486,10.065],[124.555,9.879],[124.594,9.787]]],[[[120.25,5.257],[120.192,5.168],[120.118,5.215],[120.013,5.151],[119.878,5.06],[119.827,5.133],[120.08,5.264],[120.208,5.34],[120.25,5.257]]],[[[122.093,6.428],[121.959,6.416],[121.872,6.563],[121.832,6.664],[122.058,6.741],[122.324,6.602],[122.201,6.483],[122.093,6.428]]],[[[126.059,9.766],[125.991,9.839],[126.074,10.059],[126.129,9.891],[126.173,9.8],[126.059,9.766]]],[[[125.69,9.914],[125.649,9.944],[125.534,10.09],[125.522,10.192],[125.58,10.364],[125.648,10.437],[125.685,10.392],[125.703,10.072],[125.692,9.939],[125.69,9.914]]],[[[120.271,13.751],[120.273,13.683],[120.104,13.782],[120.099,13.817],[120.103,13.843],[120.121,13.858],[120.211,13.821],[120.271,13.751]]],[[[121.915,13.54],[121.996,13.547],[122.107,13.421],[122.055,13.269],[122.005,13.205],[121.829,13.329],[121.866,13.566],[121.915,13.54]]],[[[122.094,12.355],[121.96,12.191],[121.936,12.29],[121.941,12.385],[122.002,12.599],[122.145,12.653],[122.132,12.538],[122.094,12.355]]],[[[122.654,12.309],[122.499,12.384],[122.423,12.455],[122.604,12.492],[122.683,12.382],[122.654,12.309]]],[[[123.282,12.853],[123.274,12.805],[123.054,12.993],[122.949,13.059],[123.017,13.116],[123.206,12.905],[123.282,12.853]]],[[[123.775,12.454],[123.779,12.366],[123.742,12.399],[123.621,12.571],[123.587,12.633],[123.621,12.675],[123.709,12.611],[123.775,12.454]]],[[[123.717,12.287],[124.04,11.967],[124.046,11.752],[123.848,11.914],[123.725,11.952],[123.675,12.05],[123.612,12.09],[123.474,12.217],[123.293,12.036],[123.156,11.968],[123.245,12.328],[123.24,12.495],[123.337,12.542],[123.559,12.445],[123.717,12.287]]],[[[124.354,13.632],[124.295,13.59],[124.175,13.532],[124.039,13.663],[124.123,13.98],[124.186,14.06],[124.308,13.947],[124.417,13.871],[124.404,13.679],[124.354,13.632]]],[[[122.175,14.049],[122.172,14.008],[121.956,14.156],[121.946,14.181],[121.946,14.205],[121.959,14.229],[122.175,14.049]]],[[[122.033,15.005],[122.032,14.972],[121.97,14.893],[121.99,14.662],[121.911,14.667],[121.935,14.737],[121.889,14.84],[121.82,14.964],[121.972,15.046],[122.033,15.005]]],[[[124.316,10.606],[124.288,10.601],[124.335,10.707],[124.371,10.691],[124.382,10.68],[124.381,10.633],[124.316,10.606]]],[[[125.281,9.982],[125.288,9.933],[125.159,10.063],[125.133,10.155],[125.176,10.151],[125.231,10.116],[125.281,9.982]]],[[[122.937,7.409],[122.944,7.361],[122.805,7.316],[122.822,7.428],[122.915,7.433],[122.937,7.409]]],[[[125.785,6.963],[125.769,6.906],[125.708,7.04],[125.683,7.073],[125.714,7.186],[125.783,7.131],[125.785,6.963]]],[[[124.608,11.492],[124.429,11.532],[124.437,11.695],[124.565,11.64],[124.608,11.492]]],[[[124.807,9.143],[124.666,9.132],[124.653,9.226],[124.737,9.243],[124.807,9.143]]],[[[121.252,19.082],[121.247,19.015],[121.196,19.051],[121.185,19.101],[121.19,19.139],[121.213,19.184],[121.245,19.143],[121.252,19.082]]],[[[119.861,11.525],[119.855,11.393],[119.799,11.409],[119.726,11.475],[119.827,11.515],[119.861,11.525]]],[[[123.757,11.283],[123.816,11.151],[123.737,11.151],[123.708,11.248],[123.741,11.279],[123.757,11.283]]],[[[122.311,12.529],[122.28,12.498],[122.261,12.503],[122.248,12.557],[122.278,12.593],[122.287,12.589],[122.311,12.529]]],[[[125.971,9.594],[125.952,9.568],[125.922,9.621],[125.949,9.739],[125.968,9.759],[125.993,9.685],[125.971,9.594]]],[[[124.854,11.595],[124.807,11.558],[124.744,11.659],[124.788,11.683],[124.854,11.595]]],[[[117.355,8.215],[117.287,8.191],[117.272,8.254],[117.281,8.315],[117.33,8.308],[117.354,8.289],[117.355,8.215]]],[[[123.698,9.237],[123.614,9.103],[123.493,9.192],[123.535,9.214],[123.655,9.279],[123.698,9.237]]]]}},{"type":"Feature","properties":{"iso_a2":"PE"},"geometry":{"type":"Polygon","coordinates":[[[-69.966,-4.236],[-70.004,-4.327],[-70.129,-4.287],[-70.239,-4.301],[-70.344,-4.194],[-70.531,-4.168],[-70.722,-4.159],[-70.866,-4.23],[-70.974,-4.35],[-71.235,-4.388],[-71.438,-4.438],[-71.668,-4.487],[-71.943,-4.553],[-72.083,-4.642],[-72.353,-4.786],[-72.608,-5.01],[-72.832,-5.094],[-72.907,-5.158],[-72.918,-5.303],[-72.97,-5.59],[-73.068,-5.79],[-73.209,-6.029],[-73.206,-6.156],[-73.135,-6.344],[-73.137,-6.466],[-73.24,-6.564],[-73.5,-6.679],[-73.758,-6.906],[-73.805,-7.08],[-73.758,-7.173],[-73.72,-7.309],[-73.805,-7.341],[-73.892,-7.373],[-73.964,-7.379],[-73.953,-7.46],[-73.982,-7.536],[-73.982,-7.585],[-73.895,-7.655],[-73.767,-7.754],[-73.715,-7.829],[-73.773,-7.896],[-73.72,-7.986],[-73.645,-8.073],[-73.61,-8.192],[-73.549,-8.299],[-73.488,-8.392],[-73.398,-8.459],[-73.352,-8.514],[-73.302,-8.654],[-73.123,-8.814],[-72.974,-8.993],[-73.09,-9.266],[-73.014,-9.407],[-72.605,-9.452],[-72.379,-9.51],[-72.289,-9.629],[-72.26,-9.774],[-72.179,-9.91],[-72.143,-10.005],[-71.608,-10.006],[-71.238,-9.966],[-71.042,-9.819],[-70.885,-9.669],[-70.758,-9.572],[-70.637,-9.478],[-70.541,-9.438],[-70.592,-9.543],[-70.567,-9.705],[-70.637,-9.824],[-70.639,-10.182],[-70.64,-10.586],[-70.642,-11.01],[-70.533,-10.947],[-70.392,-11.059],[-70.29,-11.064],[-70.066,-10.982],[-69.84,-10.933],[-69.579,-10.952],[-69.362,-11.328],[-69.174,-11.654],[-68.936,-12.067],[-68.685,-12.502],[-68.763,-12.608],[-68.812,-12.73],[-68.934,-12.822],[-68.981,-12.963],[-68.983,-13.496],[-69.053,-13.644],[-69.023,-13.78],[-68.937,-14.015],[-68.871,-14.17],[-68.972,-14.234],[-69.013,-14.377],[-69.12,-14.47],[-69.199,-14.573],[-69.252,-14.671],[-69.359,-14.795],[-69.375,-14.963],[-69.187,-15.199],[-69.254,-15.333],[-69.419,-15.603],[-69.392,-15.737],[-69.188,-16.183],[-69.046,-16.218],[-68.849,-16.313],[-68.858,-16.355],[-69.006,-16.434],[-69.038,-16.543],[-69.055,-16.674],[-69.2,-16.768],[-69.382,-17.001],[-69.438,-17.088],[-69.625,-17.2],[-69.626,-17.294],[-69.522,-17.389],[-69.511,-17.505],[-69.586,-17.573],[-69.806,-17.665],[-69.842,-17.785],[-69.803,-17.99],[-69.926,-18.206],[-70.184,-18.325],[-70.377,-18.334],[-70.492,-18.278],[-70.942,-17.932],[-71.337,-17.683],[-71.399,-17.422],[-71.532,-17.294],[-71.868,-17.151],[-72.111,-17.003],[-72.362,-16.775],[-72.794,-16.615],[-73.264,-16.389],[-73.728,-16.202],[-74.147,-15.912],[-74.555,-15.699],[-75.191,-15.32],[-75.397,-15.094],[-75.738,-14.785],[-76.006,-14.496],[-76.175,-14.227],[-76.297,-13.948],[-76.319,-13.821],[-76.184,-13.515],[-76.427,-13.11],[-76.555,-12.823],[-76.758,-12.527],[-76.994,-12.219],[-77.063,-12.107],[-77.158,-11.923],[-77.31,-11.532],[-77.639,-11.194],[-77.736,-10.837],[-78.186,-10.089],[-78.356,-9.652],[-78.58,-9.157],[-78.755,-8.74],[-78.925,-8.405],[-79.164,-8.047],[-79.377,-7.836],[-79.618,-7.296],[-79.905,-6.902],[-80.11,-6.65],[-81.058,-6.129],[-81.181,-5.942],[-81.092,-5.812],[-80.931,-5.841],[-80.882,-5.635],[-81.168,-5.167],[-81.108,-5.028],[-81.289,-4.761],[-81.283,-4.322],[-80.892,-3.882],[-80.653,-3.638],[-80.325,-3.388],[-80.274,-3.425],[-80.265,-3.492],[-80.244,-3.577],[-80.219,-3.654],[-80.229,-3.739],[-80.179,-3.878],[-80.231,-3.924],[-80.303,-4.005],[-80.437,-3.979],[-80.51,-4.07],[-80.488,-4.166],[-80.353,-4.208],[-80.488,-4.394],[-80.424,-4.461],[-80.293,-4.417],[-80.197,-4.311],[-80.064,-4.328],[-79.845,-4.446],[-79.711,-4.468],[-79.578,-4.501],[-79.502,-4.671],[-79.399,-4.84],[-79.268,-4.958],[-79.076,-4.991],[-78.995,-4.908],[-78.919,-4.858],[-78.926,-4.771],[-78.862,-4.665],[-78.686,-4.562],[-78.653,-4.458],[-78.685,-4.384],[-78.648,-4.248],[-78.565,-4.042],[-78.509,-3.952],[-78.471,-3.843],[-78.421,-3.706],[-78.398,-3.595],[-78.345,-3.397],[-78.284,-3.399],[-78.24,-3.473],[-78.195,-3.486],[-78.161,-3.432],[-78.195,-3.38],[-78.128,-3.284],[-77.938,-3.047],[-77.659,-2.912],[-77.36,-2.81],[-76.881,-2.636],[-76.499,-2.432],[-76.241,-2.244],[-75.885,-1.893],[-75.642,-1.607],[-75.514,-1.316],[-75.42,-0.962],[-75.38,-0.94],[-75.309,-0.968],[-75.25,-0.952],[-75.279,-0.654],[-75.263,-0.555],[-75.425,-0.409],[-75.491,-0.248],[-75.632,-0.158],[-75.584,-0.123],[-75.398,-0.146],[-75.284,-0.107],[-75.184,-0.042],[-75.055,-0.117],[-74.945,-0.188],[-74.838,-0.203],[-74.78,-0.245],[-74.692,-0.335],[-74.555,-0.43],[-74.465,-0.518],[-74.375,-0.691],[-74.329,-0.808],[-74.284,-0.928],[-74.181,-0.998],[-73.987,-1.098],[-73.863,-1.197],[-73.736,-1.214],[-73.61,-1.316],[-73.521,-1.45],[-73.525,-1.639],[-73.44,-1.737],[-73.266,-1.772],[-73.197,-1.83],[-73.145,-2.003],[-73.16,-2.156],[-73.154,-2.278],[-72.99,-2.34],[-72.887,-2.408],[-72.714,-2.392],[-72.625,-2.352],[-72.501,-2.395],[-72.301,-2.409],[-72.137,-2.381],[-71.984,-2.327],[-71.867,-2.228],[-71.753,-2.153],[-71.559,-2.224],[-71.447,-2.294],[-71.3,-2.335],[-71.113,-2.245],[-70.969,-2.207],[-70.705,-2.342],[-70.576,-2.418],[-70.418,-2.491],[-70.295,-2.553],[-70.165,-2.64],[-70.065,-2.702],[-70.074,-2.75],[-70.29,-3.087],[-70.622,-3.605],[-70.706,-3.789],[-70.486,-3.869],[-70.379,-3.819],[-70.298,-3.844],[-70.198,-3.995],[-70.095,-4.092],[-69.966,-4.236]]]}},{"type":"Feature","properties":{"iso_a2":"PK"},"geometry":{"type":"Polygon","coordinates":[[[76.767,35.662],[76.882,35.436],[76.979,35.246],[77.049,35.11],[77.001,34.992],[76.783,34.9],[76.749,34.848],[76.594,34.736],[76.457,34.756],[76.041,34.67],[75.862,34.56],[75.606,34.503],[75.264,34.601],[75.118,34.637],[74.789,34.678],[74.498,34.732],[74.172,34.721],[73.961,34.653],[73.85,34.485],[73.795,34.378],[73.925,34.288],[73.979,34.191],[73.904,34.108],[73.922,34.043],[74.113,34.004],[74.246,33.99],[74.216,33.887],[74.001,33.788],[73.978,33.668],[74.07,33.592],[74.15,33.507],[74.118,33.384],[73.994,33.242],[74.004,33.189],[74.126,33.075],[74.284,33.005],[74.323,32.928],[74.305,32.81],[74.483,32.771],[74.632,32.771],[74.643,32.608],[74.686,32.494],[74.987,32.462],[75.234,32.372],[75.333,32.279],[75.254,32.14],[75.071,32.089],[74.636,31.89],[74.526,31.765],[74.582,31.524],[74.535,31.261],[74.54,31.133],[74.626,31.069],[74.51,30.96],[74.339,30.894],[74.009,30.52],[73.892,30.394],[73.925,30.282],[73.887,30.162],[73.658,30.033],[73.382,29.934],[73.258,29.611],[73.128,29.364],[72.903,29.029],[72.342,28.752],[72.234,28.566],[72.129,28.346],[71.889,28.047],[71.717,27.915],[71.29,27.855],[70.875,27.714],[70.737,27.729],[70.649,27.835],[70.569,27.984],[70.404,28.025],[70.244,27.934],[70.145,27.849],[69.896,27.474],[69.661,27.265],[69.568,27.175],[69.495,26.954],[69.481,26.771],[69.601,26.699],[69.911,26.586],[70.115,26.548],[70.157,26.471],[70.133,26.215],[70.079,25.99],[70.265,25.707],[70.449,25.681],[70.57,25.706],[70.648,25.667],[70.652,25.423],[70.8,25.206],[70.951,24.892],[71.048,24.688],[70.976,24.619],[70.979,24.522],[71.006,24.444],[71.044,24.4],[70.928,24.362],[70.805,24.262],[70.716,24.238],[70.579,24.279],[70.565,24.386],[70.489,24.412],[70.098,24.288],[70.021,24.192],[69.805,24.165],[69.634,24.225],[69.443,24.275],[69.12,24.269],[68.985,24.273],[68.863,24.267],[68.8,24.309],[68.759,24.307],[68.728,24.266],[68.587,23.967],[68.381,23.951],[68.234,23.901],[68.149,23.797],[68.068,23.818],[68.001,23.826],[67.86,23.903],[67.668,23.811],[67.646,23.92],[67.504,23.94],[67.454,24.04],[67.365,24.092],[67.304,24.263],[67.171,24.756],[66.703,24.861],[66.71,25.111],[66.57,25.379],[66.429,25.575],[66.219,25.59],[66.131,25.493],[66.407,25.485],[66.403,25.447],[66.235,25.464],[65.68,25.355],[65.061,25.311],[64.659,25.184],[64.544,25.237],[64.125,25.374],[63.987,25.351],[63.721,25.386],[63.496,25.298],[63.286,25.228],[63.015,25.225],[62.572,25.255],[62.391,25.153],[62.249,25.197],[62.152,25.207],[61.908,25.131],[61.567,25.186],[61.615,25.286],[61.671,25.692],[61.669,25.769],[61.754,25.843],[61.81,26.165],[61.87,26.242],[62.126,26.369],[62.25,26.369],[62.312,26.491],[62.439,26.561],[62.752,26.639],[63.093,26.632],[63.168,26.666],[63.242,26.865],[63.231,26.998],[63.305,27.125],[63.256,27.208],[63.167,27.252],[62.812,27.229],[62.753,27.266],[62.764,27.357],[62.812,27.497],[62.74,28.002],[62.758,28.244],[62.718,28.253],[62.434,28.364],[62.131,28.479],[61.89,28.547],[61.623,28.792],[61.509,29.006],[61.339,29.332],[61.152,29.543],[60.843,29.859],[61.521,29.666],[62.373,29.425],[63.568,29.498],[64.099,29.392],[64.172,29.46],[64.394,29.544],[64.704,29.567],[64.919,29.553],[65.18,29.578],[65.666,29.701],[66.177,29.836],[66.287,29.92],[66.247,30.044],[66.282,30.193],[66.301,30.503],[66.347,30.803],[66.497,30.965],[66.596,31.02],[66.731,31.195],[66.924,31.306],[67.116,31.243],[67.453,31.235],[67.662,31.313],[67.733,31.379],[67.598,31.453],[67.627,31.539],[68.017,31.678],[68.161,31.803],[68.32,31.768],[68.521,31.794],[68.673,31.76],[68.782,31.646],[68.973,31.667],[69.187,31.838],[69.257,32.249],[69.29,32.531],[69.405,32.683],[69.453,32.833],[69.568,33.064],[69.92,33.112],[70.261,33.289],[70.22,33.455],[70.057,33.72],[69.89,34.007],[70.254,33.976],[70.416,33.95],[70.848,33.982],[71.091,34.12],[71.092,34.273],[71.023,34.431],[70.966,34.53],[71.066,34.6],[71.226,34.78],[71.358,34.91],[71.517,35.051],[71.602,35.151],[71.605,35.212],[71.546,35.289],[71.572,35.37],[71.587,35.461],[71.519,35.598],[71.428,35.834],[71.343,35.939],[71.185,36.042],[71.313,36.171],[71.546,36.378],[71.716,36.427],[71.822,36.486],[72.096,36.634],[72.25,36.735],[72.431,36.766],[72.623,36.83],[72.994,36.852],[73.411,36.882],[73.769,36.888],[74.002,36.823],[74.195,36.897],[74.541,37.022],[74.692,37.036],[74.841,36.979],[74.949,36.968],[75.145,36.973],[75.377,36.884],[75.46,36.725],[75.667,36.742],[75.84,36.65],[75.933,36.522],[75.974,36.382],[75.934,36.134],[75.912,36.049],[76.01,35.996],[76.103,35.949],[76.178,35.811],[76.386,35.837],[76.551,35.887],[76.632,35.729],[76.767,35.662]]]}},{"type":"Feature","properties":{"iso_a2":"NO"},"geometry":{"type":"MultiPolygon","coordinates":[[[[20.622,69.037],[20.117,69.021],[20.337,68.9],[20.319,68.754],[20.147,68.607],[20.24,68.478],[19.97,68.356],[19.691,68.392],[19.053,68.493],[18.77,68.5],[18.303,68.555],[18.147,68.468],[18.177,68.201],[18.073,68.088],[17.565,68.048],[17.171,68.03],[16.586,67.628],[16.457,67.552],[16.194,67.505],[16.282,67.312],[16.434,67.155],[16.404,67.055],[15.884,66.769],[15.423,66.49],[15.375,66.252],[15.04,66.168],[14.543,66.129],[14.635,65.845],[14.596,65.743],[14.48,65.301],[14.352,65.171],[13.925,64.797],[13.874,64.514],[14.12,64.388],[14.141,64.174],[14.003,64.041],[13.671,64.041],[13.204,64.075],[12.793,64.0],[12.662,63.94],[12.302,63.671],[12.212,63.492],[12.139,63.089],[12.218,63.001],[12.109,62.919],[12.14,62.721],[12.115,62.592],[12.301,62.214],[12.234,61.977],[12.292,61.653],[12.596,61.541],[12.881,61.352],[12.828,61.222],[12.728,61.108],[12.683,61.047],[12.354,61.023],[12.315,60.892],[12.554,60.546],[12.553,60.354],[12.515,60.239],[12.402,60.04],[12.169,59.913],[11.988,59.891],[11.881,59.782],[11.681,59.592],[11.743,59.431],[11.752,59.158],[11.643,58.926],[11.471,58.91],[11.386,59.066],[11.132,59.143],[10.999,59.164],[10.834,59.184],[10.645,59.389],[10.634,59.602],[10.595,59.765],[10.57,59.587],[10.398,59.519],[10.446,59.444],[10.431,59.28],[10.205,59.039],[10.083,59.029],[9.843,58.958],[9.635,59.118],[9.627,59.068],[9.657,58.971],[9.551,58.933],[9.396,58.806],[9.239,58.739],[9.178,58.675],[8.521,58.301],[8.166,58.145],[7.876,58.08],[7.194,58.048],[6.903,58.071],[6.895,58.121],[6.877,58.151],[6.771,58.132],[6.731,58.068],[6.555,58.123],[6.692,58.224],[6.66,58.263],[6.492,58.259],[6.055,58.375],[5.707,58.524],[5.517,58.727],[5.556,58.975],[5.854,58.959],[6.137,58.875],[6.363,59.001],[6.099,58.952],[5.889,59.06],[5.949,59.135],[5.937,59.234],[6.051,59.368],[6.306,59.506],[6.404,59.561],[6.159,59.49],[5.845,59.353],[5.657,59.31],[5.468,59.204],[5.173,59.163],[5.185,59.454],[5.305,59.643],[5.472,59.713],[5.579,59.687],[5.867,59.734],[6.217,59.818],[6.059,59.816],[5.834,59.795],[5.73,59.863],[5.996,60.031],[6.112,60.132],[6.141,60.233],[6.518,60.408],[6.526,60.214],[6.661,60.367],[6.787,60.454],[6.996,60.512],[6.347,60.419],[6.102,60.29],[5.904,60.151],[5.801,60.026],[5.557,59.908],[5.353,59.76],[5.234,59.692],[5.146,59.639],[5.105,59.732],[5.187,59.907],[5.174,60.046],[5.265,60.086],[5.495,60.07],[5.658,60.154],[5.417,60.154],[5.184,60.308],[5.168,60.485],[5.648,60.688],[5.447,60.617],[5.116,60.636],[5.011,60.859],[5.009,61.038],[5.192,61.054],[5.505,61.056],[6.293,61.081],[6.61,61.137],[6.903,61.102],[6.981,60.994],[7.078,60.966],[7.04,61.091],[7.604,61.211],[7.347,61.301],[7.443,61.435],[7.276,61.284],[7.276,61.181],[6.943,61.161],[6.657,61.207],[6.626,61.279],[6.543,61.245],[6.383,61.134],[5.647,61.148],[5.325,61.108],[5.022,61.251],[5.003,61.434],[5.258,61.455],[5.268,61.505],[5.099,61.62],[4.928,61.711],[4.93,61.878],[5.117,61.885],[5.793,61.827],[6.467,61.807],[6.682,61.887],[6.131,61.852],[5.473,61.946],[5.16,61.957],[5.143,62.16],[5.294,62.154],[5.422,62.207],[5.533,62.311],[5.796,62.385],[5.98,62.407],[6.083,62.35],[6.58,62.407],[6.692,62.468],[6.262,62.416],[6.118,62.447],[6.237,62.52],[6.353,62.611],[6.618,62.621],[6.961,62.627],[7.492,62.543],[7.653,62.564],[7.527,62.61],[7.538,62.672],[8.096,62.732],[7.408,62.712],[7.111,62.752],[6.78,62.701],[6.782,62.79],[6.94,62.93],[7.389,63.023],[7.654,63.109],[7.86,63.113],[8.211,62.996],[8.623,62.846],[8.339,63.042],[8.158,63.162],[8.271,63.287],[8.636,63.342],[8.594,63.426],[8.387,63.445],[8.398,63.535],[8.674,63.623],[9.136,63.594],[9.076,63.5],[9.156,63.459],[9.521,63.586],[9.697,63.625],[9.892,63.492],[9.979,63.395],[10.081,63.433],[10.34,63.469],[10.704,63.464],[10.707,63.536],[10.725,63.625],[10.953,63.698],[11.226,63.764],[11.348,63.838],[11.214,63.878],[11.295,63.948],[11.429,64.025],[11.214,64.031],[10.914,63.921],[11.047,63.845],[10.339,63.571],[9.924,63.522],[9.832,63.617],[9.657,63.697],[9.567,63.706],[9.708,63.865],[9.939,63.982],[10.236,64.18],[10.834,64.494],[11.09,64.615],[11.331,64.686],[11.633,64.814],[11.392,64.773],[11.304,64.829],[11.489,64.976],[12.227,65.145],[12.508,65.099],[12.916,65.339],[12.715,65.266],[12.418,65.184],[12.334,65.241],[12.2,65.245],[12.122,65.362],[12.273,65.568],[12.628,65.806],[12.817,65.953],[13.033,65.956],[12.795,66.069],[13.387,66.183],[13.76,66.221],[14.034,66.298],[13.681,66.274],[13.416,66.253],[13.119,66.231],[13.105,66.539],[13.211,66.641],[13.45,66.716],[13.621,66.795],[13.959,66.794],[13.704,66.852],[13.727,66.938],[13.88,66.965],[14.109,67.119],[14.34,67.159],[14.601,67.174],[15.416,67.202],[15.3,67.257],[14.582,67.267],[14.442,67.271],[14.537,67.34],[14.755,67.499],[15.121,67.555],[15.409,67.474],[15.553,67.352],[15.576,67.444],[15.661,67.543],[15.354,67.544],[15.219,67.655],[15.346,67.734],[15.041,67.683],[14.781,67.675],[14.799,67.809],[15.134,67.973],[15.401,67.92],[15.621,67.948],[15.357,68.004],[15.316,68.069],[15.657,68.164],[16.008,68.229],[16.065,68.2],[16.261,67.887],[16.259,68.001],[16.372,68.062],[16.319,68.102],[16.175,68.281],[16.388,68.39],[16.865,68.355],[17.094,68.368],[17.479,68.426],[17.571,68.447],[17.48,68.474],[17.202,68.459],[16.525,68.491],[16.58,68.593],[16.885,68.685],[17.391,68.799],[17.546,69.001],[18.101,69.156],[18.075,69.233],[18.188,69.433],[18.293,69.475],[18.483,69.365],[18.859,69.314],[18.75,69.378],[18.614,69.491],[18.767,69.517],[18.991,69.561],[19.011,69.624],[19.197,69.748],[19.722,69.782],[19.64,69.504],[19.737,69.504],[19.961,69.825],[20.146,69.897],[20.324,69.945],[20.387,69.868],[20.338,69.617],[20.044,69.356],[20.107,69.341],[20.487,69.542],[20.743,69.535],[20.562,69.633],[20.546,69.851],[20.84,69.907],[21.032,69.887],[21.254,70.003],[21.59,69.938],[21.932,69.815],[21.893,70.004],[21.608,70.098],[21.346,70.208],[21.539,70.258],[21.996,70.293],[22.219,70.309],[22.385,70.278],[22.685,70.375],[22.941,70.305],[23.046,70.102],[23.258,69.993],[23.4,70.02],[23.286,70.105],[23.379,70.247],[23.897,70.479],[24.286,70.662],[24.42,70.702],[24.268,70.773],[24.442,70.892],[24.765,71.008],[25.042,70.929],[25.265,70.844],[25.376,70.892],[25.57,70.901],[25.712,70.87],[25.781,70.817],[25.468,70.672],[25.209,70.489],[24.994,70.218],[25.044,70.109],[25.419,70.235],[25.988,70.625],[26.507,70.913],[26.734,70.854],[26.558,70.669],[26.628,70.551],[26.584,70.454],[26.666,70.422],[27.071,70.608],[27.184,70.744],[27.546,70.804],[27.269,70.91],[27.332,70.997],[27.733,71.081],[28.142,71.043],[28.383,70.869],[28.272,70.798],[27.898,70.678],[28.216,70.704],[28.203,70.577],[28.166,70.36],[28.193,70.249],[28.31,70.443],[28.485,70.619],[28.75,70.842],[29.102,70.861],[29.321,70.761],[29.639,70.705],[29.738,70.647],[29.959,70.694],[30.238,70.622],[30.213,70.543],[30.596,70.524],[30.961,70.344],[30.469,70.198],[29.926,70.096],[28.804,70.093],[29.647,69.944],[29.621,69.818],[29.695,69.745],[29.99,69.737],[30.155,69.746],[30.238,69.862],[30.397,69.733],[30.484,69.795],[30.714,69.796],[30.924,69.652],[30.897,69.561],[30.789,69.529],[30.38,69.585],[30.18,69.636],[30.196,69.581],[30.164,69.502],[30.087,69.433],[29.833,69.36],[29.353,69.271],[29.171,69.072],[28.966,69.022],[28.833,69.119],[29.025,69.288],[29.239,69.394],[29.142,69.671],[28.412,69.823],[28.047,69.972],[27.748,70.065],[27.348,69.96],[27.128,69.906],[26.934,69.928],[26.584,69.926],[26.308,69.782],[26.072,69.692],[25.962,69.589],[25.767,69.283],[25.768,69.076],[25.647,68.919],[25.481,68.881],[25.249,68.821],[25.087,68.64],[24.802,68.606],[24.491,68.689],[24.154,68.761],[23.854,68.806],[23.707,68.714],[23.324,68.649],[23.072,68.674],[22.501,68.72],[22.383,68.777],[22.08,68.993],[21.82,69.154],[21.594,69.274],[21.267,69.274],[21.066,69.214],[21.128,69.081],[21.066,69.042],[20.676,69.069],[20.622,69.037]]],[[[4.959,61.085],[4.87,61.072],[4.799,61.083],[4.824,61.178],[4.862,61.194],[4.915,61.199],[4.973,61.148],[4.959,61.085]]],[[[5.086,60.308],[4.997,60.198],[4.944,60.272],[4.93,60.412],[4.991,60.452],[5.086,60.308]]],[[[29.956,69.797],[29.744,69.792],[29.836,69.906],[29.993,69.873],[29.956,69.797]]],[[[11.968,65.627],[11.778,65.605],[11.8,65.684],[11.972,65.702],[11.968,65.627]]],[[[8.471,63.667],[8.287,63.687],[8.709,63.774],[8.765,63.805],[8.815,63.726],[8.471,63.667]]],[[[8.103,63.338],[7.888,63.352],[7.804,63.414],[8.074,63.471],[8.141,63.366],[8.103,63.338]]],[[[23.441,70.816],[23.387,70.754],[23.068,70.594],[22.885,70.554],[22.656,70.559],[22.558,70.516],[22.359,70.515],[22.056,70.613],[22.17,70.656],[22.35,70.658],[22.571,70.697],[22.964,70.711],[23.28,70.813],[23.441,70.816]]],[[[25.586,71.142],[25.945,71.105],[26.147,71.04],[26.0,70.975],[25.76,70.954],[25.482,71.02],[25.315,71.053],[25.586,71.142]]],[[[23.615,70.549],[23.641,70.464],[23.333,70.335],[23.271,70.296],[23.1,70.296],[23.091,70.378],[22.918,70.385],[22.941,70.445],[23.158,70.516],[23.547,70.617],[23.615,70.549]]],[[[24.018,70.567],[23.717,70.562],[23.663,70.675],[23.778,70.747],[23.852,70.714],[24.078,70.651],[24.018,70.567]]],[[[13.873,68.265],[14.088,68.253],[14.097,68.219],[13.888,68.169],[13.778,68.105],[13.584,68.094],[13.424,68.083],[13.392,68.021],[13.229,67.995],[13.256,68.121],[13.368,68.167],[13.538,68.249],[13.784,68.276],[13.873,68.265]]],[[[12.972,67.874],[12.878,67.918],[13.068,68.071],[13.098,68.003],[13.075,67.935],[12.972,67.874]]],[[[15.207,68.943],[15.397,68.784],[15.222,68.616],[14.89,68.611],[14.793,68.668],[14.612,68.638],[14.405,68.663],[14.497,68.772],[14.69,68.815],[14.802,68.791],[14.838,68.887],[15.037,68.894],[15.102,69.008],[15.176,68.982],[15.207,68.943]]],[[[19.767,70.217],[19.869,70.212],[19.994,70.149],[20.088,70.102],[19.897,70.068],[19.747,70.11],[19.613,70.219],[19.684,70.274],[19.767,70.217]]],[[[20.779,70.09],[20.643,70.057],[20.535,70.081],[20.405,70.119],[20.493,70.203],[20.786,70.22],[20.779,70.09]]],[[[19.255,70.066],[19.422,70.017],[19.5,70.048],[19.592,69.97],[19.335,69.82],[19.131,69.81],[18.909,69.707],[18.801,69.605],[18.41,69.553],[18.13,69.558],[18.083,69.626],[18.232,69.677],[18.315,69.715],[18.406,69.782],[18.584,69.807],[18.674,69.782],[18.674,69.864],[18.824,69.96],[18.969,70.043],[19.075,70.086],[19.06,70.167],[19.213,70.247],[19.255,70.066]]],[[[12.51,65.902],[12.43,65.94],[12.549,66.002],[12.747,66.011],[12.719,65.964],[12.51,65.902]]],[[[12.42,66.043],[12.343,66.081],[12.446,66.151],[12.527,66.211],[12.623,66.122],[12.42,66.043]]],[[[11.231,64.866],[11.062,64.86],[10.74,64.87],[11.021,64.979],[11.246,64.908],[11.231,64.866]]],[[[17.503,69.596],[17.677,69.557],[17.863,69.543],[18.004,69.505],[18.077,69.396],[17.942,69.329],[17.951,69.198],[17.568,69.16],[17.324,69.13],[17.083,69.014],[16.96,69.069],[16.815,69.095],[16.972,69.138],[16.974,69.285],[17.002,69.362],[17.361,69.381],[17.373,69.439],[17.252,69.504],[17.454,69.53],[17.488,69.587],[17.503,69.596]]],[[[15.76,68.561],[15.909,68.65],[16.069,68.714],[16.121,68.799],[16.228,68.854],[16.329,68.876],[16.48,68.803],[16.519,68.633],[16.194,68.538],[15.975,68.402],[15.873,68.394],[15.764,68.409],[15.438,68.313],[15.337,68.378],[15.188,68.31],[15.038,68.283],[14.629,68.198],[14.258,68.191],[14.438,68.342],[15.095,68.441],[15.489,68.805],[15.529,68.912],[15.438,68.979],[15.65,69.133],[15.893,69.278],[16.048,69.302],[16.115,69.216],[15.812,69.024],[15.906,68.908],[15.928,68.733],[15.76,68.561]]],[[[-8.954,70.839],[-9.099,70.855],[-8.521,71.031],[-8.001,71.178],[-8.002,71.041],[-8.635,70.94],[-8.954,70.839]]],[[[19.219,74.391],[18.918,74.411],[18.861,74.514],[19.262,74.479],[19.219,74.391]]],[[[26.876,78.649],[26.46,78.72],[26.456,78.81],[26.789,78.724],[26.876,78.649]]],[[[32.526,80.119],[31.482,80.108],[33.099,80.229],[33.629,80.217],[32.526,80.119]]],[[[21.608,78.596],[22.043,78.577],[22.3,78.228],[22.735,78.24],[23.119,78.239],[23.452,78.149],[23.152,78.088],[23.331,77.958],[23.883,77.865],[24.571,77.834],[24.13,77.658],[23.955,77.558],[23.736,77.462],[23.381,77.38],[22.997,77.361],[22.802,77.276],[22.427,77.316],[22.487,77.36],[22.679,77.5],[22.685,77.554],[22.448,77.571],[22.255,77.529],[21.856,77.494],[20.928,77.46],[21.201,77.619],[21.334,77.772],[21.608,77.916],[21.21,78.006],[20.845,78.166],[20.528,78.326],[20.373,78.412],[20.363,78.515],[21.455,78.598],[21.608,78.596]]],[[[20.898,80.25],[21.549,80.243],[21.697,80.159],[21.898,80.132],[22.29,80.049],[22.443,80.19],[22.418,80.366],[22.549,80.416],[22.793,80.433],[23.008,80.474],[23.315,80.425],[23.225,80.318],[23.353,80.179],[23.773,80.244],[24.143,80.295],[24.28,80.329],[24.403,80.355],[24.614,80.286],[24.786,80.301],[25.471,80.233],[25.751,80.188],[26.437,80.175],[27.017,80.125],[27.199,79.907],[26.221,79.677],[25.902,79.561],[25.641,79.403],[25.145,79.339],[24.751,79.365],[24.257,79.263],[23.948,79.194],[22.904,79.231],[22.696,79.329],[21.911,79.381],[20.806,79.41],[20.4,79.463],[19.9,79.534],[19.747,79.618],[20.015,79.64],[20.493,79.633],[20.687,79.707],[20.461,79.775],[19.899,79.744],[19.4,79.727],[18.725,79.761],[18.325,79.86],[18.255,79.929],[18.726,79.996],[18.344,80.06],[17.917,80.143],[18.779,80.194],[19.143,80.139],[19.537,80.163],[19.191,80.263],[19.178,80.332],[19.327,80.323],[19.751,80.227],[19.81,80.327],[19.691,80.402],[19.733,80.478],[20.104,80.43],[20.476,80.372],[20.898,80.25]]],[[[16.787,79.907],[16.889,79.915],[16.966,79.959],[17.578,79.885],[17.835,79.8],[17.86,79.635],[17.688,79.533],[17.715,79.431],[17.861,79.437],[18.333,79.611],[18.581,79.572],[18.785,79.461],[18.832,79.385],[18.807,79.303],[18.678,79.262],[18.88,79.234],[19.089,79.157],[19.751,79.147],[20.114,79.077],[20.163,79.146],[20.611,79.107],[20.501,78.981],[21.09,78.853],[21.353,78.772],[21.244,78.699],[20.725,78.672],[19.769,78.623],[19.655,78.598],[19.381,78.48],[19.056,78.319],[18.958,78.182],[18.995,78.081],[18.712,78.04],[18.439,78.025],[18.439,77.942],[18.362,77.682],[18.228,77.523],[17.847,77.497],[17.442,77.225],[17.153,77.049],[17.249,76.969],[16.977,76.812],[17.036,76.72],[16.935,76.606],[16.462,76.609],[16.238,76.702],[16.004,76.761],[15.124,77.085],[14.487,77.199],[14.248,77.282],[14.05,77.403],[13.996,77.508],[14.071,77.564],[14.488,77.571],[14.695,77.525],[16.206,77.782],[17.033,77.798],[16.914,77.898],[16.54,77.88],[15.826,77.847],[15.345,77.857],[14.847,77.779],[14.09,77.771],[13.791,77.854],[13.714,77.919],[13.718,78.058],[13.824,78.085],[14.048,78.067],[14.248,78.071],[15.341,78.221],[15.698,78.228],[15.657,78.299],[15.875,78.339],[16.777,78.35],[17.172,78.417],[16.811,78.397],[16.535,78.449],[16.697,78.613],[16.53,78.656],[16.158,78.538],[15.681,78.471],[15.36,78.488],[15.254,78.589],[15.348,78.663],[15.384,78.771],[15.225,78.732],[15.016,78.63],[14.839,78.666],[14.744,78.721],[14.578,78.705],[14.505,78.631],[14.468,78.541],[14.546,78.462],[14.5,78.392],[14.238,78.31],[13.908,78.267],[13.15,78.237],[12.87,78.331],[12.665,78.385],[12.258,78.595],[11.962,78.642],[11.774,78.716],[11.755,78.812],[11.611,78.883],[11.456,78.973],[12.275,78.904],[12.403,78.953],[12.253,78.975],[12.046,78.983],[11.926,79.077],[11.893,79.152],[12.084,79.268],[11.679,79.291],[11.616,79.205],[11.339,79.109],[11.107,79.233],[10.926,79.35],[10.834,79.463],[10.725,79.556],[10.811,79.641],[10.686,79.734],[10.746,79.789],[10.866,79.797],[11.15,79.717],[11.251,79.785],[11.702,79.821],[12.205,79.719],[12.245,79.75],[12.28,79.816],[12.754,79.776],[13.693,79.861],[13.926,79.793],[13.907,79.752],[13.039,79.685],[13.215,79.588],[13.384,79.481],[13.601,79.457],[13.834,79.376],[14.03,79.344],[14.026,79.429],[14.02,79.539],[14.178,79.619],[14.594,79.799],[15.052,79.675],[15.444,79.407],[15.764,79.174],[16.295,78.981],[16.254,79.112],[15.875,79.519],[15.816,79.682],[15.845,79.734],[16.1,79.884],[16.094,80.007],[16.387,80.053],[16.787,79.907]]],[[[11.25,78.611],[11.424,78.549],[11.826,78.436],[11.929,78.375],[12.116,78.233],[11.757,78.329],[11.372,78.439],[11.121,78.463],[10.789,78.687],[10.558,78.838],[10.773,78.888],[11.124,78.753],[11.078,78.686],[11.25,78.611]]],[[[18.742,80.301],[18.525,80.246],[18.162,80.288],[18.206,80.332],[18.292,80.358],[18.519,80.348],[18.742,80.301]]],[[[29.047,78.912],[29.645,78.922],[29.311,78.852],[28.495,78.887],[27.889,78.852],[28.374,78.927],[28.511,78.967],[29.047,78.912]]]]}},{"type":"Feature","properties":{"iso_a2":"NZ"},"geometry":{"type":"MultiPolygon","coordinates":[[[[173.115,-41.279],[173.338,-41.211],[173.562,-41.102],[173.784,-40.972],[173.947,-40.924],[173.953,-40.985],[173.88,-41.031],[173.86,-41.124],[173.798,-41.272],[173.933,-41.187],[173.958,-41.1],[173.998,-41.028],[174.081,-41.006],[174.153,-40.991],[174.224,-41.024],[174.274,-41.069],[174.2,-41.16],[174.039,-41.242],[174.284,-41.172],[174.368,-41.188],[174.237,-41.312],[174.102,-41.366],[174.073,-41.472],[174.161,-41.562],[174.17,-41.657],[174.283,-41.741],[174.215,-41.85],[173.974,-42.081],[173.889,-42.212],[173.589,-42.474],[173.348,-42.841],[173.149,-43.023],[172.889,-43.124],[172.719,-43.259],[172.627,-43.3],[172.735,-43.355],[172.632,-43.428],[172.527,-43.465],[172.74,-43.468],[172.767,-43.562],[172.947,-43.659],[173.098,-43.704],[173.094,-43.844],[173.023,-43.885],[172.818,-43.87],[172.555,-43.831],[172.476,-43.833],[172.527,-43.739],[172.43,-43.746],[172.385,-43.83],[172.297,-43.868],[172.146,-43.764],[172.052,-43.74],[172.18,-43.896],[171.978,-43.984],[171.808,-44.042],[171.659,-44.117],[171.443,-44.136],[171.365,-44.255],[171.285,-44.279],[171.231,-44.521],[171.198,-44.768],[170.999,-44.911],[171.134,-44.978],[170.991,-45.151],[170.89,-45.374],[170.701,-45.684],[170.74,-45.756],[170.791,-45.844],[170.722,-45.878],[170.419,-45.941],[170.267,-46.083],[169.918,-46.334],[169.729,-46.521],[169.342,-46.621],[168.966,-46.613],[168.767,-46.566],[168.572,-46.611],[168.382,-46.605],[168.326,-46.546],[168.32,-46.447],[168.23,-46.386],[168.077,-46.353],[167.842,-46.366],[167.682,-46.193],[167.491,-46.155],[167.369,-46.242],[166.831,-46.225],[166.712,-46.134],[166.856,-45.981],[166.65,-46.042],[166.734,-45.928],[166.613,-45.955],[166.478,-45.903],[166.513,-45.812],[166.953,-45.75],[166.81,-45.699],[166.826,-45.603],[166.869,-45.55],[166.743,-45.468],[166.92,-45.408],[166.869,-45.311],[167.052,-45.383],[167.112,-45.354],[167.145,-45.302],[167.207,-45.28],[167.033,-45.222],[167.026,-45.124],[167.188,-45.094],[167.205,-45.048],[167.195,-44.963],[167.466,-44.958],[167.482,-44.874],[167.46,-44.802],[167.578,-44.741],[167.787,-44.595],[167.909,-44.665],[167.866,-44.592],[168.018,-44.359],[168.367,-44.082],[168.651,-43.972],[168.806,-43.992],[169.067,-43.863],[169.179,-43.913],[169.17,-43.777],[169.515,-43.624],[169.769,-43.538],[169.824,-43.497],[169.891,-43.462],[169.859,-43.426],[170.104,-43.265],[170.19,-43.222],[170.3,-43.145],[170.396,-43.182],[170.303,-43.108],[170.459,-43.038],[170.612,-43.092],[170.524,-43.009],[170.665,-42.961],[170.725,-42.975],[170.84,-42.849],[171.011,-42.764],[171.012,-42.885],[171.048,-42.802],[171.19,-42.5],[171.257,-42.465],[171.296,-42.431],[171.296,-42.303],[171.36,-42.08],[171.486,-41.795],[171.672,-41.745],[171.831,-41.655],[172.011,-41.445],[172.139,-40.947],[172.468,-40.622],[172.711,-40.497],[172.944,-40.519],[172.711,-40.605],[172.729,-40.724],[172.869,-40.82],[173.042,-40.954],[173.069,-41.186],[173.115,-41.279]]],[[[173.915,-40.864],[173.786,-40.881],[173.873,-40.749],[173.964,-40.713],[173.915,-40.864]]],[[[166.746,-45.656],[166.729,-45.73],[166.642,-45.724],[166.559,-45.708],[166.567,-45.644],[166.731,-45.639],[166.746,-45.656]]],[[[166.979,-45.18],[167.023,-45.3],[166.931,-45.277],[166.893,-45.241],[166.963,-45.18],[166.979,-45.18]]],[[[168.145,-46.862],[168.041,-46.888],[168.125,-46.956],[168.241,-46.979],[168.241,-47.07],[168.015,-47.117],[167.811,-47.17],[167.676,-47.243],[167.522,-47.259],[167.629,-47.142],[167.654,-47.044],[167.742,-46.957],[167.765,-46.798],[167.956,-46.694],[168.145,-46.862]]],[[[175.543,-36.279],[175.475,-36.314],[175.359,-36.231],[175.337,-36.135],[175.39,-36.078],[175.444,-36.115],[175.543,-36.279]]],[[[173.269,-34.935],[173.34,-34.948],[173.448,-34.844],[173.473,-34.947],[173.739,-35.055],[173.813,-35.041],[173.924,-35.057],[174.119,-35.172],[174.119,-35.263],[174.203,-35.309],[174.32,-35.247],[174.393,-35.369],[174.419,-35.411],[174.543,-35.582],[174.509,-35.667],[174.533,-35.794],[174.396,-35.797],[174.549,-36.007],[174.802,-36.309],[174.777,-36.445],[174.819,-36.612],[174.749,-36.774],[174.722,-36.841],[174.85,-36.873],[174.917,-36.865],[175.047,-36.912],[175.3,-36.993],[175.347,-37.156],[175.461,-37.217],[175.568,-37.159],[175.493,-36.866],[175.501,-36.748],[175.458,-36.634],[175.386,-36.556],[175.461,-36.476],[175.528,-36.579],[175.772,-36.735],[175.842,-36.875],[175.921,-37.205],[176.115,-37.538],[176.053,-37.562],[176.038,-37.601],[176.191,-37.667],[176.292,-37.68],[176.77,-37.89],[177.274,-37.993],[177.453,-37.957],[177.649,-37.808],[177.813,-37.656],[177.958,-37.581],[178.272,-37.567],[178.476,-37.66],[178.516,-37.758],[178.394,-37.96],[178.315,-38.444],[178.181,-38.634],[177.976,-38.722],[177.91,-39.022],[177.951,-39.095],[177.909,-39.24],[177.829,-39.145],[177.656,-39.086],[177.408,-39.081],[177.129,-39.186],[177.031,-39.267],[176.936,-39.491],[176.967,-39.605],[176.968,-39.911],[176.771,-40.228],[176.612,-40.442],[176.385,-40.668],[176.252,-40.877],[176.06,-41.13],[175.84,-41.32],[175.447,-41.538],[175.31,-41.611],[175.204,-41.535],[175.166,-41.417],[174.906,-41.433],[174.875,-41.404],[174.9,-41.243],[174.832,-41.231],[174.841,-41.291],[174.67,-41.326],[174.635,-41.289],[174.685,-41.218],[175.017,-40.848],[175.2,-40.505],[175.21,-40.199],[175.009,-39.952],[174.687,-39.847],[174.455,-39.735],[174.149,-39.568],[173.812,-39.426],[173.764,-39.319],[173.782,-39.211],[173.844,-39.139],[174.312,-38.971],[174.398,-38.963],[174.566,-38.842],[174.619,-38.605],[174.715,-38.226],[174.84,-38.023],[174.837,-37.849],[174.928,-37.804],[174.749,-37.505],[174.744,-37.393],[174.707,-37.325],[174.586,-37.098],[174.66,-37.089],[174.746,-37.15],[174.864,-37.089],[174.782,-36.944],[174.668,-36.972],[174.537,-36.973],[174.445,-36.883],[174.382,-36.726],[174.246,-36.485],[174.432,-36.565],[174.447,-36.451],[174.354,-36.376],[174.395,-36.274],[174.304,-36.171],[174.252,-36.196],[174.254,-36.249],[173.969,-36.021],[173.909,-35.954],[174.003,-36.146],[174.166,-36.328],[174.097,-36.391],[173.991,-36.237],[173.412,-35.543],[173.586,-35.389],[173.626,-35.319],[173.542,-35.33],[173.454,-35.399],[173.376,-35.5],[173.29,-35.408],[173.275,-35.34],[173.16,-35.248],[173.189,-35.124],[173.117,-34.903],[172.861,-34.632],[172.874,-34.433],[172.964,-34.535],[173.054,-34.648],[173.181,-34.853],[173.269,-34.935]]],[[[169.178,-52.497],[169.128,-52.57],[169.04,-52.529],[169.079,-52.499],[169.178,-52.497]]],[[[166.221,-50.762],[166.188,-50.846],[166.038,-50.787],[165.971,-50.82],[165.889,-50.808],[166.074,-50.679],[166.101,-50.539],[166.254,-50.544],[166.259,-50.577],[166.208,-50.652],[166.179,-50.715],[166.221,-50.762]]],[[[-176.178,-43.74],[-176.275,-43.765],[-176.375,-43.791],[-176.499,-43.768],[-176.455,-43.805],[-176.5,-43.86],[-176.385,-43.951],[-176.334,-44.048],[-176.516,-44.117],[-176.598,-44.107],[-176.632,-44.006],[-176.524,-43.901],[-176.635,-43.82],[-176.848,-43.824],[-176.667,-43.765],[-176.178,-43.74]]],[[[-176.176,-44.322],[-176.221,-44.331],[-176.215,-44.274],[-176.229,-44.237],[-176.155,-44.225],[-176.123,-44.268],[-176.176,-44.322]]],[[[-172.479,-8.581],[-172.488,-8.572],[-172.499,-8.548],[-172.487,-8.556],[-172.479,-8.581]]],[[[-171.186,-9.355],[-171.193,-9.352],[-171.204,-9.333],[-171.194,-9.339],[-171.186,-9.355]]]]}},{"type":"Feature","properties":{"iso_a2":"NL"},"geometry":{"type":"MultiPolygon","coordinates":[[[[5.994,50.75],[5.797,50.755],[5.694,50.775],[5.669,50.806],[5.648,50.867],[5.75,50.95],[5.75,50.989],[5.827,51.126],[5.752,51.169],[5.54,51.239],[5.477,51.285],[5.311,51.26],[5.1,51.346],[5.059,51.453],[4.993,51.445],[4.848,51.403],[4.816,51.433],[4.784,51.477],[4.634,51.422],[4.532,51.449],[4.441,51.46],[4.404,51.367],[4.304,51.362],[4.139,51.402],[3.822,51.409],[3.587,51.454],[3.449,51.541],[3.549,51.589],[3.886,51.574],[4.206,51.457],[4.239,51.504],[4.08,51.551],[4.183,51.61],[4.135,51.673],[3.979,51.848],[4.085,51.994],[4.209,52.059],[4.483,52.309],[4.678,52.81],[4.769,52.941],[4.888,52.908],[5.358,53.096],[5.532,53.269],[6.062,53.407],[6.564,53.434],[6.912,53.375],[7.058,53.301],[7.189,53.187],[7.179,52.966],[7.051,52.745],[7.013,52.634],[6.711,52.618],[6.719,52.574],[6.692,52.53],[6.749,52.464],[6.922,52.44],[7.002,52.419],[7.033,52.331],[6.977,52.206],[6.8,52.111],[6.725,52.08],[6.716,52.036],[6.8,51.967],[6.742,51.911],[6.425,51.858],[6.356,51.825],[6.167,51.881],[6.09,51.854],[5.949,51.803],[6.053,51.658],[6.091,51.599],[6.193,51.489],[6.193,51.411],[6.076,51.224],[6.082,51.18],[6.137,51.165],[5.961,51.057],[5.868,51.045],[5.867,51.006],[5.955,50.973],[6.048,50.905],[5.994,50.75]]],[[[4.226,51.386],[4.173,51.307],[3.902,51.208],[3.782,51.233],[3.682,51.276],[3.517,51.264],[3.433,51.246],[3.38,51.291],[3.426,51.394],[3.717,51.369],[4.011,51.396],[4.226,51.386]]],[[[6.333,53.511],[6.193,53.477],[6.159,53.484],[6.168,53.494],[6.291,53.515],[6.333,53.511]]],[[[5.929,53.459],[5.732,53.443],[5.665,53.455],[5.654,53.467],[5.708,53.473],[5.876,53.475],[5.928,53.465],[5.929,53.459]]],[[[5.109,53.308],[4.924,53.235],[4.908,53.246],[5.027,53.31],[5.109,53.308]]],[[[5.326,53.386],[5.233,53.378],[5.19,53.392],[5.415,53.431],[5.557,53.444],[5.583,53.438],[5.326,53.386]]],[[[4.886,53.071],[4.787,53.0],[4.727,53.02],[4.709,53.036],[4.74,53.091],[4.886,53.183],[4.886,53.071]]],[[[3.949,51.739],[4.068,51.667],[3.951,51.627],[3.732,51.678],[3.699,51.73],[3.949,51.739]]],[[[6.735,53.583],[6.642,53.579],[6.669,53.606],[6.755,53.625],[6.801,53.625],[6.735,53.583]]],[[[-68.206,12.145],[-68.282,12.082],[-68.307,12.207],[-68.371,12.258],[-68.219,12.231],[-68.206,12.145]]],[[[-62.938,17.496],[-62.983,17.477],[-63.0,17.53],[-62.972,17.516],[-62.938,17.496]]],[[[-63.233,17.623],[-63.242,17.62],[-63.254,17.629],[-63.252,17.645],[-63.242,17.652],[-63.233,17.647],[-63.227,17.634],[-63.233,17.623]]]]}},{"type":"Feature","properties":{"iso_a2":"NP"},"geometry":{"type":"Polygon","coordinates":[[[88.11,27.871],[88.154,27.799],[88.106,27.642],[88.024,27.409],[87.993,27.086],[88.157,26.807],[88.112,26.586],[88.027,26.395],[87.849,26.437],[87.633,26.399],[87.414,26.423],[87.167,26.394],[87.038,26.542],[86.763,26.442],[86.544,26.496],[86.366,26.574],[86.129,26.612],[85.856,26.6],[85.737,26.64],[85.7,26.782],[85.568,26.84],[85.293,26.741],[85.192,26.767],[85.152,26.847],[85.087,26.863],[84.937,26.927],[84.654,27.092],[84.641,27.25],[84.481,27.348],[84.091,27.491],[83.897,27.435],[83.747,27.396],[83.447,27.465],[83.369,27.41],[83.214,27.402],[82.933,27.468],[82.711,27.597],[82.63,27.687],[82.288,27.757],[82.037,27.901],[81.945,27.899],[81.853,27.867],[81.636,27.98],[81.311,28.176],[81.206,28.289],[81.017,28.41],[80.751,28.54],[80.671,28.596],[80.518,28.665],[80.479,28.605],[80.325,28.666],[80.15,28.776],[80.052,28.87],[80.13,29.1],[80.233,29.195],[80.255,29.423],[80.402,29.73],[80.613,29.956],[80.82,30.119],[80.908,30.172],[81.01,30.165],[81.11,30.037],[81.255,30.093],[81.642,30.387],[82.043,30.327],[82.135,30.159],[82.221,30.064],[82.641,29.831],[83.014,29.618],[83.235,29.555],[83.457,29.306],[83.671,29.188],[83.936,29.279],[84.101,29.22],[84.176,29.036],[84.312,28.868],[84.465,28.753],[84.677,28.622],[84.759,28.579],[84.855,28.554],[85.126,28.603],[85.16,28.572],[85.089,28.372],[85.212,28.293],[85.678,28.277],[85.84,28.135],[85.954,27.928],[86.064,27.935],[86.079,28.084],[86.174,28.092],[86.329,27.96],[86.485,27.94],[86.554,28.085],[86.691,28.095],[86.75,28.022],[86.934,27.968],[87.141,27.838],[87.464,27.824],[87.623,27.815],[87.861,27.886],[88.023,27.883],[88.11,27.871]]]}},{"type":"Feature","properties":{"iso_a2":"MA"},"geometry":{"type":"Polygon","coordinates":[[[-2.22,35.104],[-2.132,34.971],[-1.796,34.752],[-1.832,34.655],[-1.817,34.557],[-1.733,34.467],[-1.792,34.368],[-1.693,33.99],[-1.714,33.782],[-1.631,33.567],[-1.625,33.183],[-1.51,32.878],[-1.352,32.703],[-1.188,32.608],[-1.066,32.468],[-1.24,32.338],[-1.226,32.165],[-1.275,32.089],[-1.635,32.1],[-2.073,32.115],[-2.448,32.13],[-2.723,32.096],[-2.887,32.069],[-2.961,31.964],[-3.017,31.834],[-3.605,31.687],[-3.768,31.69],[-3.847,31.62],[-3.837,31.512],[-3.789,31.362],[-3.821,31.255],[-3.812,31.167],[-3.73,31.135],[-3.625,31.066],[-3.667,30.964],[-3.86,30.927],[-4.149,30.81],[-4.529,30.626],[-4.779,30.552],[-5.062,30.326],[-5.294,30.059],[-5.593,29.918],[-6.004,29.831],[-6.215,29.811],[-6.428,29.816],[-6.501,29.809],[-6.511,29.726],[-6.566,29.604],[-6.635,29.569],[-6.856,29.602],[-7.142,29.62],[-7.235,29.575],[-7.428,29.425],[-7.625,29.375],[-7.944,29.175],[-8.265,28.981],[-8.399,28.88],[-8.66,28.719],[-8.683,28.621],[-8.683,28.324],[-8.683,27.9],[-8.818,27.656],[-8.814,27.614],[-8.774,27.461],[-8.803,27.361],[-8.774,27.251],[-8.754,27.151],[-8.889,27.104],[-9.084,27.09],[-9.286,27.098],[-9.413,27.088],[-9.57,26.991],[-9.735,26.861],[-9.9,26.85],[-10.033,26.911],[-10.123,26.88],[-10.251,26.861],[-10.479,26.961],[-10.654,27.001],[-10.83,27.01],[-11.047,26.97],[-11.264,26.911],[-11.361,26.794],[-11.317,26.684],[-11.4,26.584],[-11.512,26.47],[-11.584,26.361],[-11.685,26.213],[-11.718,26.104],[-11.881,26.071],[-12.031,26.031],[-12.061,25.991],[-12.081,25.871],[-12.131,25.731],[-12.201,25.52],[-12.271,25.26],[-12.361,24.97],[-12.431,24.831],[-12.561,24.731],[-12.711,24.63],[-12.911,24.52],[-12.991,24.47],[-13.121,24.3],[-13.231,24.09],[-13.311,23.981],[-13.481,23.911],[-13.661,23.831],[-13.841,23.751],[-13.931,23.621],[-14.021,23.411],[-14.101,23.1],[-14.141,22.871],[-14.191,22.59],[-14.211,22.371],[-14.271,22.241],[-14.381,22.121],[-14.461,22.041],[-14.581,21.911],[-14.621,21.821],[-14.641,21.68],[-14.751,21.501],[-14.971,21.441],[-15.291,21.451],[-15.611,21.47],[-15.921,21.501],[-16.191,21.481],[-16.731,21.47],[-17.003,21.421],[-16.931,21.9],[-16.684,22.274],[-16.359,22.595],[-16.202,22.945],[-16.21,23.098],[-15.997,23.425],[-15.806,23.75],[-15.802,23.842],[-15.913,23.728],[-15.953,23.741],[-15.778,23.953],[-15.189,24.479],[-14.904,24.72],[-14.843,25.22],[-14.707,25.548],[-14.523,25.925],[-14.414,26.254],[-14.168,26.415],[-13.696,26.643],[-13.496,26.873],[-13.256,27.435],[-13.176,27.656],[-12.949,27.914],[-12.469,28.009],[-11.553,28.31],[-11.299,28.526],[-10.674,28.939],[-10.201,29.38],[-9.853,29.809],[-9.667,30.109],[-9.653,30.448],[-9.854,30.645],[-9.832,30.847],[-9.809,31.425],[-9.347,32.086],[-9.249,32.486],[-8.836,32.92],[-8.513,33.252],[-7.562,33.64],[-6.901,33.969],[-6.353,34.776],[-5.925,35.786],[-5.623,35.829],[-5.397,35.93],[-5.338,35.857],[-5.253,35.615],[-4.837,35.281],[-4.33,35.161],[-3.788,35.245],[-3.591,35.228],[-3.206,35.239],[-2.972,35.407],[-2.954,35.315],[-2.87,35.173],[-2.731,35.135],[-2.424,35.123],[-2.22,35.104]]]}},{"type":"Feature","properties":{"iso_a2":"MN"},"geometry":{"type":"Polygon","coordinates":[[[87.814,49.162],[87.935,49.165],[88.029,49.22],[88.134,49.298],[88.193,49.452],[88.393,49.483],[88.544,49.483],[88.683,49.465],[88.832,49.448],[88.864,49.528],[88.945,49.508],[89.008,49.473],[89.18,49.532],[89.244,49.627],[89.396,49.612],[89.579,49.7],[89.67,49.75],[89.644,49.903],[89.878,49.954],[90.005,50.069],[90.104,50.103],[90.311,50.151],[90.517,50.213],[90.714,50.259],[90.838,50.324],[91.022,50.415],[91.234,50.452],[91.341,50.47],[91.446,50.522],[91.597,50.576],[91.706,50.666],[91.957,50.698],[92.192,50.701],[92.279,50.812],[92.355,50.864],[92.486,50.765],[92.627,50.688],[92.739,50.711],[92.856,50.789],[92.964,50.745],[93.01,50.655],[93.223,50.607],[93.387,50.608],[93.626,50.586],[93.795,50.578],[94.076,50.573],[94.287,50.511],[94.347,50.303],[94.4,50.18],[94.497,50.133],[94.615,50.024],[94.718,50.043],[94.93,50.044],[95.044,49.962],[95.166,49.944],[95.386,49.941],[95.523,49.911],[95.708,49.966],[95.852,50.013],[95.936,49.96],[96.019,49.999],[96.112,49.982],[96.315,49.901],[96.466,49.912],[96.543,49.893],[96.64,49.898],[96.986,49.883],[97.098,49.805],[97.209,49.731],[97.418,49.773],[97.589,49.911],[97.721,49.945],[97.854,49.947],[98.004,50.014],[98.122,50.107],[98.2,50.228],[98.277,50.423],[98.279,50.533],[98.145,50.569],[98.03,50.645],[97.962,50.769],[97.953,50.855],[97.856,50.943],[97.836,51.052],[97.918,51.218],[97.923,51.28],[97.989,51.377],[98.103,51.484],[98.22,51.506],[98.277,51.635],[98.353,51.718],[98.76,51.905],[98.849,52.07],[98.958,52.102],[99.091,52.035],[99.407,51.924],[99.613,51.893],[99.788,51.828],[100.035,51.737],[100.469,51.726],[100.711,51.662],[101.085,51.553],[101.304,51.475],[101.464,51.471],[101.821,51.421],[102.112,51.353],[102.16,51.261],[102.152,51.108],[102.21,50.974],[102.215,50.829],[102.277,50.769],[102.303,50.666],[102.288,50.585],[102.407,50.536],[102.546,50.461],[102.765,50.367],[103.039,50.301],[103.234,50.264],[103.421,50.187],[103.633,50.139],[103.803,50.176],[103.958,50.157],[104.18,50.169],[104.354,50.275],[104.596,50.317],[104.977,50.383],[105.186,50.43],[105.384,50.474],[105.693,50.414],[105.996,50.368],[106.218,50.305],[106.574,50.329],[106.854,50.248],[107.04,50.086],[107.233,49.989],[107.631,49.983],[107.917,49.948],[107.935,49.849],[107.937,49.691],[108.01,49.647],[108.098,49.563],[108.407,49.396],[108.614,49.323],[108.92,49.335],[109.454,49.296],[109.75,49.239],[110.2,49.17],[110.428,49.22],[110.631,49.138],[110.828,49.166],[111.337,49.356],[111.512,49.361],[111.736,49.398],[111.934,49.416],[112.375,49.515],[112.697,49.507],[112.915,49.569],[113.092,49.693],[113.319,49.874],[113.574,50.007],[113.881,50.101],[114.222,50.257],[114.386,50.255],[114.675,50.246],[114.88,50.183],[115.098,50.059],[115.365,49.912],[115.588,49.886],[115.795,49.906],[116.135,50.011],[116.351,49.978],[116.632,49.877],[116.59,49.685],[116.243,49.17],[116.098,48.936],[116.025,48.782],[115.821,48.577],[115.797,48.346],[115.639,48.186],[115.558,47.945],[115.712,47.799],[115.898,47.687],[116.075,47.79],[116.317,47.86],[116.513,47.84],[116.761,47.87],[116.952,47.837],[117.197,47.74],[117.351,47.652],[117.455,47.741],[117.677,47.908],[117.84,48.0],[118.042,48.019],[118.24,48.0],[118.568,47.943],[118.76,47.758],[118.953,47.703],[119.082,47.654],[119.123,47.558],[119.235,47.493],[119.309,47.431],[119.377,47.381],[119.6,47.222],[119.757,47.09],[119.788,46.979],[119.898,46.858],[119.896,46.733],[119.747,46.627],[119.62,46.604],[119.332,46.614],[119.029,46.692],[118.844,46.76],[118.723,46.692],[118.58,46.692],[118.309,46.717],[118.071,46.667],[117.813,46.538],[117.671,46.522],[117.547,46.588],[117.406,46.571],[117.356,46.437],[117.333,46.362],[117.156,46.355],[116.859,46.388],[116.689,46.322],[116.563,46.29],[116.445,46.159],[116.265,45.963],[116.229,45.846],[116.198,45.739],[116.04,45.677],[115.789,45.535],[115.539,45.44],[115.217,45.396],[114.919,45.378],[114.644,45.413],[114.517,45.365],[114.487,45.272],[114.281,45.111],[114.08,44.971],[113.931,44.912],[113.752,44.826],[113.587,44.746],[113.456,44.767],[113.196,44.795],[112.707,44.883],[112.499,45.011],[112.292,45.063],[112.033,45.082],[111.751,44.97],[111.621,44.827],[111.515,44.57],[111.411,44.419],[111.43,44.322],[111.52,44.192],[111.684,44.041],[111.88,43.879],[111.943,43.752],[111.878,43.68],[111.72,43.621],[111.547,43.496],[111.451,43.475],[111.087,43.369],[110.913,43.257],[110.749,43.111],[110.628,42.991],[110.462,42.844],[110.4,42.774],[110.197,42.71],[109.859,42.606],[109.596,42.511],[109.34,42.438],[108.875,42.426],[108.546,42.429],[108.171,42.447],[107.806,42.406],[107.292,42.349],[106.906,42.309],[106.693,42.264],[106.519,42.212],[105.868,41.994],[105.517,41.855],[105.197,41.738],[105.051,41.616],[104.86,41.644],[104.498,41.659],[104.305,41.846],[103.711,41.751],[103.248,41.937],[102.807,42.052],[102.157,42.158],[101.88,42.292],[101.66,42.5],[101.495,42.539],[101.092,42.551],[100.519,42.617],[99.984,42.677],[99.468,42.568],[98.716,42.639],[97.719,42.736],[96.833,42.76],[96.385,42.72],[96.342,42.849],[96.168,43.015],[95.912,43.206],[95.842,43.384],[95.591,43.854],[95.526,43.954],[95.356,44.006],[95.326,44.105],[95.367,44.262],[95.05,44.259],[94.712,44.351],[94.365,44.519],[93.958,44.675],[93.755,44.832],[93.516,44.944],[92.916,45.02],[92.579,45.011],[92.173,45.035],[91.853,45.069],[91.584,45.077],[91.441,45.125],[91.222,45.145],[91.05,45.217],[90.914,45.194],[90.853,45.263],[90.75,45.419],[90.662,45.525],[90.71,45.731],[90.852,45.885],[90.96,45.985],[90.997,46.105],[90.912,46.271],[90.971,46.388],[91.029,46.566],[90.998,46.661],[90.911,46.883],[90.799,46.985],[90.643,47.1],[90.496,47.285],[90.467,47.408],[90.381,47.557],[90.331,47.655],[90.191,47.702],[90.067,47.804],[90.028,47.878],[89.91,47.844],[89.778,47.827],[89.693,47.879],[89.561,48.004],[89.33,48.025],[89.116,47.988],[88.971,48.05],[88.838,48.102],[88.576,48.22],[88.517,48.384],[88.31,48.472],[88.063,48.538],[87.967,48.581],[88.011,48.64],[88.06,48.707],[87.942,48.765],[87.809,48.836],[87.755,48.919],[87.86,48.966],[87.835,49.032],[87.825,49.116],[87.814,49.162]]]}},{"type":"Feature","properties":{"iso_a2":"MX"},"geometry":{"type":"MultiPolygon","coordinates":[[[[-117.128,32.533],[-116.556,32.576],[-115.984,32.619],[-115.411,32.662],[-114.839,32.705],[-114.788,32.565],[-114.362,32.36],[-113.413,32.064],[-112.465,31.768],[-111.516,31.472],[-110.689,31.325],[-109.982,31.326],[-109.275,31.327],[-108.568,31.329],[-108.214,31.442],[-108.213,31.667],[-107.992,31.778],[-107.552,31.776],[-107.113,31.774],[-106.673,31.771],[-106.445,31.768],[-106.347,31.679],[-106.148,31.451],[-105.813,31.241],[-105.276,30.807],[-104.979,30.646],[-104.836,30.448],[-104.681,29.991],[-104.504,29.678],[-104.312,29.542],[-104.111,29.386],[-103.853,29.291],[-103.423,29.071],[-103.168,28.998],[-103.023,29.132],[-102.892,29.216],[-102.878,29.315],[-102.734,29.644],[-102.476,29.769],[-102.343,29.865],[-102.163,29.825],[-101.752,29.782],[-101.569,29.809],[-101.545,29.784],[-101.44,29.777],[-101.304,29.634],[-101.039,29.46],[-100.924,29.315],[-100.659,29.069],[-100.55,28.821],[-100.332,28.503],[-100.336,28.428],[-100.221,28.243],[-100.001,28.048],[-99.754,27.73],[-99.505,27.548],[-99.486,27.398],[-99.5,27.285],[-99.44,27.17],[-99.457,27.057],[-99.444,27.037],[-99.23,26.762],[-99.172,26.564],[-99.015,26.399],[-98.765,26.34],[-98.598,26.238],[-98.378,26.182],[-98.083,26.064],[-97.587,25.984],[-97.376,25.872],[-97.35,25.885],[-97.282,25.942],[-97.164,25.755],[-97.424,25.233],[-97.668,24.39],[-97.729,23.788],[-97.727,23.732],[-97.745,22.942],[-97.817,22.776],[-97.842,22.557],[-97.782,22.279],[-97.585,21.809],[-97.36,21.615],[-97.337,21.438],[-97.409,21.273],[-97.424,21.465],[-97.383,21.567],[-97.59,21.762],[-97.638,21.604],[-97.567,21.508],[-97.501,21.432],[-97.357,21.104],[-97.186,20.717],[-96.709,20.188],[-96.368,19.567],[-96.29,19.344],[-96.073,19.106],[-95.913,18.897],[-95.81,18.804],[-95.92,18.82],[-95.627,18.691],[-95.655,18.724],[-95.697,18.775],[-95.182,18.701],[-94.798,18.515],[-94.546,18.175],[-94.392,18.166],[-93.873,18.304],[-93.552,18.43],[-93.127,18.423],[-92.769,18.524],[-92.71,18.612],[-92.441,18.675],[-92.103,18.704],[-91.88,18.638],[-91.943,18.563],[-91.803,18.471],[-91.534,18.457],[-91.275,18.624],[-91.308,18.773],[-91.368,18.806],[-91.343,18.901],[-91.469,18.833],[-91.437,18.89],[-91.059,19.098],[-90.739,19.352],[-90.65,19.796],[-90.492,19.947],[-90.486,20.224],[-90.484,20.556],[-90.435,20.758],[-90.183,21.121],[-89.82,21.275],[-88.747,21.448],[-88.467,21.569],[-88.185,21.579],[-88.171,21.604],[-88.007,21.604],[-87.689,21.536],[-87.251,21.447],[-87.188,21.477],[-87.188,21.546],[-87.249,21.527],[-87.387,21.551],[-87.276,21.572],[-87.128,21.621],[-86.912,21.463],[-86.817,21.234],[-86.772,21.151],[-86.865,20.885],[-87.06,20.631],[-87.421,20.231],[-87.466,19.999],[-87.442,19.862],[-87.507,19.827],[-87.688,19.637],[-87.645,19.554],[-87.512,19.575],[-87.425,19.583],[-87.483,19.444],[-87.567,19.416],[-87.659,19.352],[-87.622,19.25],[-87.509,19.317],[-87.594,19.046],[-87.734,18.655],[-87.804,18.357],[-87.882,18.274],[-88.039,18.484],[-88.011,18.727],[-88.074,18.834],[-88.197,18.72],[-88.276,18.515],[-88.372,18.482],[-88.523,18.446],[-88.744,18.072],[-88.857,17.929],[-88.943,17.94],[-89.134,17.971],[-89.161,17.815],[-89.729,17.815],[-90.622,17.816],[-90.99,17.621],[-90.993,17.252],[-91.41,17.256],[-91.319,17.2],[-91.112,16.976],[-90.816,16.787],[-90.66,16.631],[-90.634,16.511],[-90.471,16.44],[-90.417,16.351],[-90.46,16.162],[-90.522,16.071],[-90.98,16.071],[-91.434,16.07],[-91.819,15.932],[-92.082,15.496],[-92.204,15.275],[-92.075,15.074],[-92.144,15.002],[-92.156,14.901],[-92.176,14.761],[-92.187,14.63],[-92.235,14.545],[-92.531,14.84],[-92.918,15.236],[-93.167,15.448],[-93.734,15.888],[-94.079,16.145],[-94.311,16.239],[-94.409,16.287],[-94.37,16.195],[-94.25,16.168],[-94.028,16.062],[-94.471,16.187],[-94.682,16.228],[-94.617,16.348],[-94.753,16.291],[-94.797,16.327],[-94.859,16.42],[-94.935,16.379],[-95.021,16.278],[-94.786,16.229],[-94.949,16.21],[-95.464,15.975],[-96.214,15.693],[-96.511,15.652],[-97.185,15.909],[-98.139,16.206],[-98.762,16.535],[-99.002,16.581],[-99.691,16.72],[-100.243,16.984],[-100.848,17.2],[-101.148,17.393],[-101.487,17.615],[-101.762,17.842],[-101.919,17.96],[-102.217,17.957],[-102.7,18.063],[-103.442,18.325],[-103.699,18.633],[-104.046,18.912],[-104.405,19.091],[-104.938,19.309],[-105.108,19.562],[-105.482,19.976],[-105.57,20.228],[-105.669,20.386],[-105.543,20.498],[-105.26,20.579],[-105.252,20.669],[-105.42,20.775],[-105.511,20.809],[-105.394,20.926],[-105.237,21.119],[-105.233,21.38],[-105.431,21.618],[-105.527,21.818],[-105.646,22.327],[-105.943,22.777],[-106.235,23.061],[-106.567,23.449],[-106.935,23.881],[-107.765,24.472],[-107.527,24.36],[-107.489,24.424],[-107.549,24.505],[-107.674,24.504],[-107.817,24.539],[-108.009,24.694],[-108.208,24.975],[-108.243,25.074],[-108.14,25.018],[-108.036,25.035],[-108.093,25.094],[-108.466,25.265],[-108.751,25.424],[-108.844,25.543],[-109.029,25.48],[-109.068,25.552],[-108.885,25.696],[-108.935,25.69],[-109.084,25.615],[-109.254,25.609],[-109.385,25.727],[-109.354,26.138],[-109.2,26.305],[-109.117,26.253],[-109.216,26.355],[-109.243,26.45],[-109.483,26.71],[-109.755,26.703],[-109.891,26.883],[-109.926,27.029],[-110.277,27.162],[-110.478,27.323],[-110.561,27.45],[-110.615,27.654],[-110.53,27.864],[-110.849,27.918],[-110.986,27.926],[-111.282,28.115],[-111.68,28.471],[-111.832,28.648],[-111.919,28.798],[-112.045,28.896],[-112.192,29.118],[-112.301,29.323],[-112.393,29.42],[-112.415,29.536],[-112.653,29.87],[-112.738,29.985],[-112.825,30.3],[-113.058,30.651],[-113.087,30.938],[-113.119,31.048],[-113.073,31.061],[-113.047,31.179],[-113.186,31.236],[-113.481,31.294],[-113.633,31.468],[-113.759,31.558],[-113.977,31.593],[-114.081,31.51],[-114.264,31.554],[-114.609,31.762],[-114.741,31.806],[-114.895,31.851],[-114.79,31.647],[-114.882,31.156],[-114.761,30.959],[-114.685,30.621],[-114.65,30.238],[-114.55,30.022],[-114.373,29.83],[-114.062,29.61],[-113.755,29.367],[-113.538,29.023],[-113.382,28.947],[-113.335,28.839],[-113.259,28.819],[-113.094,28.512],[-112.957,28.456],[-112.865,28.351],[-112.796,28.207],[-112.749,27.995],[-112.734,27.826],[-112.329,27.523],[-112.191,27.187],[-112.004,27.079],[-112.009,26.967],[-111.863,26.679],[-111.723,26.564],[-111.779,26.687],[-111.822,26.865],[-111.57,26.708],[-111.47,26.507],[-111.419,26.35],[-111.332,26.125],[-111.292,25.79],[-111.034,25.527],[-110.894,25.144],[-110.687,24.868],[-110.729,24.672],[-110.659,24.341],[-110.421,24.183],[-110.41,24.131],[-110.32,24.139],[-110.321,24.259],[-110.304,24.339],[-110.023,24.175],[-109.893,24.033],[-109.776,23.865],[-109.677,23.662],[-109.421,23.48],[-109.458,23.215],[-109.63,23.079],[-109.823,22.922],[-110.006,22.894],[-110.181,23.342],[-110.289,23.518],[-110.63,23.737],[-110.896,23.97],[-111.419,24.329],[-111.683,24.556],[-111.802,24.543],[-111.825,24.632],[-112.073,24.84],[-112.129,25.043],[-112.056,25.488],[-112.093,25.584],[-112.12,25.766],[-112.377,26.214],[-112.658,26.317],[-113.119,26.717],[-113.156,26.946],[-113.272,26.791],[-113.599,26.721],[-113.757,26.871],[-113.936,26.985],[-114.11,27.106],[-114.333,27.158],[-114.48,27.284],[-114.54,27.431],[-114.859,27.659],[-115.033,27.799],[-114.824,27.83],[-114.448,27.797],[-114.301,27.873],[-114.302,27.776],[-114.137,27.671],[-114.135,27.727],[-114.157,27.868],[-114.253,27.908],[-114.185,28.013],[-114.048,28.426],[-114.309,28.73],[-114.876,29.282],[-114.994,29.384],[-115.311,29.532],[-115.674,29.756],[-115.808,29.96],[-115.816,30.304],[-115.996,30.414],[-116.035,30.705],[-116.296,30.971],[-116.31,31.127],[-116.458,31.361],[-116.662,31.565],[-116.722,31.735],[-116.652,31.74],[-116.621,31.851],[-116.914,32.199],[-117.063,32.344],[-117.128,32.533]]],[[[-86.94,20.303],[-87.019,20.382],[-86.928,20.552],[-86.763,20.579],[-86.809,20.468],[-86.94,20.303]]],[[[-106.502,21.611],[-106.607,21.561],[-106.639,21.698],[-106.536,21.676],[-106.502,21.611]]],[[[-110.914,18.741],[-110.975,18.72],[-111.064,18.782],[-111.04,18.83],[-110.989,18.863],[-110.942,18.802],[-110.914,18.741]]],[[[-110.567,25.003],[-110.59,24.908],[-110.703,25.047],[-110.69,25.088],[-110.567,25.003]]],[[[-113.156,29.052],[-113.265,29.097],[-113.581,29.413],[-113.587,29.573],[-113.416,29.486],[-113.374,29.339],[-113.178,29.132],[-113.156,29.052]]],[[[-115.171,28.069],[-115.353,28.104],[-115.274,28.343],[-115.197,28.328],[-115.171,28.069]]],[[[-112.203,29.005],[-112.355,28.773],[-112.531,28.894],[-112.424,29.204],[-112.263,29.207],[-112.203,29.005]]],[[[-118.243,28.942],[-118.4,29.112],[-118.368,29.188],[-118.312,29.131],[-118.247,29.043],[-118.243,28.942]]],[[[-86.714,21.239],[-86.696,21.191],[-86.714,21.197],[-86.736,21.233],[-86.753,21.279],[-86.739,21.28],[-86.727,21.264],[-86.714,21.239]]],[[[-91.684,18.677],[-91.796,18.654],[-91.816,18.676],[-91.589,18.778],[-91.55,18.774],[-91.537,18.76],[-91.654,18.711],[-91.684,18.677]]],[[[-109.805,24.151],[-109.827,24.148],[-109.878,24.201],[-109.9,24.331],[-109.89,24.345],[-109.794,24.183],[-109.796,24.164],[-109.805,24.151]]],[[[-114.694,31.706],[-114.727,31.701],[-114.789,31.747],[-114.785,31.79],[-114.771,31.794],[-114.709,31.757],[-114.688,31.724],[-114.694,31.706]]],[[[-111.1,26.021],[-111.094,25.974],[-111.204,25.85],[-111.183,26.041],[-111.091,26.076],[-111.1,26.021]]],[[[-111.699,24.394],[-111.712,24.346],[-112.013,24.533],[-111.941,24.551],[-111.857,24.538],[-111.699,24.394]]],[[[-112.057,24.546],[-112.163,24.65],[-112.21,24.763],[-112.222,24.951],[-112.132,25.224],[-112.195,24.841],[-112.13,24.73],[-112.067,24.584],[-112.057,24.546]]]]}},{"type":"Feature","properties":{"iso_a2":"MY"},"geometry":{"type":"MultiPolygon","coordinates":[[[[100.119,6.442],[100.161,6.642],[100.217,6.687],[100.345,6.55],[100.629,6.448],[100.754,6.46],[100.817,6.332],[100.989,6.258],[101.054,6.243],[101.087,6.034],[100.993,5.846],[101.025,5.725],[101.114,5.637],[101.191,5.669],[101.257,5.789],[101.556,5.908],[101.601,5.877],[101.678,5.779],[101.791,5.779],[101.917,5.911],[102.055,6.097],[102.101,6.242],[102.34,6.172],[102.79,5.645],[102.982,5.525],[103.197,5.262],[103.454,4.669],[103.421,3.977],[103.373,3.671],[103.429,3.379],[103.439,2.933],[103.537,2.775],[103.832,2.508],[104.219,1.723],[104.28,1.416],[104.176,1.365],[104.094,1.446],[104.076,1.53],[103.981,1.624],[103.992,1.455],[103.817,1.477],[103.55,1.333],[103.427,1.43],[103.357,1.546],[102.727,1.856],[102.146,2.248],[101.781,2.574],[101.407,2.813],[101.296,2.885],[101.33,3.142],[101.115,3.472],[100.851,3.777],[100.715,3.966],[100.796,4.023],[100.661,4.226],[100.615,4.652],[100.353,5.588],[100.343,5.984],[100.158,6.324],[100.119,6.442]]],[[[117.574,4.171],[117.451,4.193],[117.101,4.337],[116.698,4.355],[116.589,4.338],[116.515,4.371],[116.368,4.327],[116.236,4.363],[116.022,4.291],[115.861,4.348],[115.782,4.254],[115.628,4.082],[115.568,3.939],[115.545,3.634],[115.566,3.446],[115.514,3.342],[115.499,3.173],[115.454,3.034],[115.31,2.994],[115.19,2.974],[115.086,2.841],[115.094,2.758],[115.077,2.687],[115.13,2.612],[115.179,2.523],[115.087,2.446],[114.836,2.269],[114.768,2.213],[114.788,2.052],[114.831,1.98],[114.8,1.894],[114.704,1.851],[114.661,1.686],[114.567,1.514],[114.513,1.452],[114.275,1.471],[114.0,1.455],[113.835,1.38],[113.682,1.261],[113.513,1.308],[113.359,1.327],[113.069,1.432],[112.988,1.457],[112.988,1.548],[112.476,1.559],[112.251,1.48],[112.167,1.338],[112.079,1.143],[111.809,1.012],[111.691,1.014],[111.547,0.994],[111.287,1.043],[110.996,1.026],[110.615,0.878],[110.461,0.882],[110.315,0.996],[110.041,1.236],[109.945,1.338],[109.818,1.439],[109.654,1.615],[109.571,1.806],[109.539,1.896],[109.694,1.889],[109.865,1.764],[110.114,1.699],[110.298,1.701],[110.4,1.7],[110.782,1.521],[110.94,1.517],[111.145,1.387],[111.123,1.449],[111.029,1.558],[111.11,1.684],[111.17,1.902],[111.251,2.064],[111.209,2.198],[111.209,2.38],[111.296,2.399],[111.406,2.368],[111.451,2.424],[111.443,2.634],[111.623,2.818],[112.119,2.915],[112.921,3.131],[113.045,3.205],[113.32,3.561],[113.712,4.001],[113.953,4.289],[113.99,4.483],[114.013,4.575],[114.064,4.593],[114.169,4.527],[114.261,4.414],[114.29,4.304],[114.417,4.256],[114.512,4.114],[114.608,4.024],[114.725,4.097],[114.81,4.267],[114.831,4.354],[114.818,4.429],[114.779,4.553],[114.747,4.718],[114.865,4.802],[115.027,4.9],[115.027,4.691],[115.107,4.39],[115.247,4.347],[115.319,4.365],[115.279,4.456],[115.228,4.751],[115.14,4.9],[115.428,4.969],[115.554,5.094],[115.467,5.254],[115.419,5.413],[115.604,5.603],[115.685,5.535],[115.797,5.536],[115.918,5.725],[116.11,6.003],[116.495,6.522],[116.75,6.977],[116.833,6.952],[116.842,6.772],[116.788,6.606],[116.913,6.66],[117.078,6.917],[117.23,6.94],[117.245,6.833],[117.294,6.677],[117.499,6.571],[117.646,6.474],[117.694,6.35],[117.616,6.197],[117.645,6.002],[117.501,5.885],[117.896,5.972],[118.062,5.983],[118.072,5.832],[117.928,5.769],[118.031,5.712],[118.249,5.821],[118.353,5.806],[118.514,5.729],[118.595,5.592],[118.957,5.429],[119.05,5.415],[119.223,5.413],[119.266,5.308],[119.25,5.199],[119.132,5.1],[118.672,4.964],[118.382,5.019],[118.261,4.989],[118.324,4.669],[118.595,4.461],[118.548,4.379],[118.364,4.336],[118.117,4.288],[117.896,4.263],[117.696,4.343],[117.604,4.2],[117.574,4.171]]],[[[104.222,2.732],[104.173,2.721],[104.147,2.728],[104.129,2.767],[104.17,2.857],[104.185,2.872],[104.223,2.774],[104.222,2.732]]],[[[100.289,5.295],[100.264,5.267],[100.191,5.283],[100.204,5.447],[100.246,5.468],[100.31,5.438],[100.339,5.41],[100.289,5.295]]],[[[99.848,6.466],[99.883,6.311],[99.823,6.313],[99.744,6.263],[99.657,6.367],[99.711,6.427],[99.822,6.445],[99.848,6.466]]],[[[117.142,7.168],[117.06,7.179],[117.147,7.337],[117.281,7.291],[117.239,7.185],[117.142,7.168]]],[[[101.319,2.988],[101.268,2.97],[101.265,2.996],[101.274,3.033],[101.311,3.067],[101.328,3.048],[101.319,2.988]]],[[[111.389,2.415],[111.312,2.438],[111.333,2.768],[111.378,2.709],[111.38,2.459],[111.389,2.415]]],[[[117.885,4.186],[117.745,4.167],[117.649,4.169],[117.667,4.204],[117.662,4.25],[117.708,4.262],[117.761,4.252],[117.885,4.186]]]]}},{"type":"Feature","properties":{"iso_a2":"LA"},"geometry":{"type":"Polygon","coordinates":[[[102.127,22.379],[102.301,22.178],[102.487,21.958],[102.61,21.852],[102.641,21.711],[102.695,21.662],[102.771,21.71],[102.816,21.807],[102.876,21.722],[102.95,21.681],[102.949,21.57],[102.888,21.44],[102.851,21.266],[103.104,20.892],[103.464,20.78],[103.635,20.697],[103.791,20.81],[104.052,20.941],[104.195,20.914],[104.461,20.734],[104.583,20.647],[104.533,20.555],[104.408,20.486],[104.392,20.425],[104.619,20.375],[104.662,20.289],[104.699,20.205],[104.848,20.202],[104.929,20.083],[104.846,19.947],[104.802,19.836],[104.588,19.619],[104.26,19.685],[104.063,19.678],[104.013,19.646],[104.063,19.483],[103.932,19.366],[103.892,19.305],[104.006,19.231],[104.446,18.984],[104.613,18.861],[104.993,18.728],[105.146,18.651],[105.113,18.573],[105.086,18.45],[105.163,18.339],[105.333,18.19],[105.458,18.154],[105.588,17.984],[105.627,17.834],[105.779,17.644],[105.974,17.447],[106.27,17.217],[106.426,17.003],[106.502,16.954],[106.534,16.821],[106.594,16.6],[106.656,16.493],[106.74,16.453],[106.832,16.526],[106.893,16.397],[107.002,16.312],[107.217,16.136],[107.35,16.067],[107.41,15.998],[107.361,15.922],[107.166,15.802],[107.233,15.678],[107.339,15.56],[107.564,15.392],[107.653,15.255],[107.59,15.118],[107.496,15.021],[107.505,14.916],[107.514,14.817],[107.465,14.665],[107.38,14.555],[107.262,14.572],[107.109,14.417],[107.03,14.426],[106.938,14.327],[106.82,14.315],[106.738,14.388],[106.599,14.479],[106.531,14.549],[106.447,14.515],[106.268,14.466],[106.191,14.388],[106.008,14.357],[106.004,14.263],[106.125,14.049],[105.904,13.925],[105.764,14.049],[105.532,14.156],[105.35,14.11],[105.246,14.201],[105.186,14.319],[105.244,14.368],[105.423,14.472],[105.497,14.591],[105.523,14.843],[105.533,15.042],[105.49,15.257],[105.513,15.361],[105.616,15.488],[105.641,15.657],[105.562,15.741],[105.399,15.83],[105.376,15.942],[105.331,16.038],[105.047,16.16],[104.95,16.34],[104.751,16.648],[104.759,17.077],[104.74,17.462],[104.539,17.609],[104.323,17.816],[104.049,18.217],[103.899,18.295],[103.63,18.383],[103.367,18.423],[103.252,18.373],[103.28,18.305],[103.2,18.259],[103.091,18.138],[102.991,17.986],[102.807,17.946],[102.675,17.852],[102.661,17.818],[102.596,17.87],[102.553,17.965],[102.352,18.046],[102.148,18.204],[102.035,18.17],[101.875,18.046],[101.775,18.033],[101.688,17.889],[101.555,17.812],[101.3,17.625],[101.105,17.48],[100.956,17.541],[100.999,17.797],[101.144,18.143],[101.138,18.287],[101.051,18.407],[101.06,18.479],[101.166,18.618],[101.286,18.977],[101.227,19.212],[101.221,19.487],[101.155,19.579],[100.906,19.605],[100.807,19.542],[100.625,19.5],[100.42,19.644],[100.466,19.889],[100.543,20.089],[100.52,20.178],[100.432,20.241],[100.318,20.386],[100.218,20.34],[100.14,20.245],[100.122,20.317],[100.184,20.589],[100.326,20.796],[100.493,20.813],[100.623,20.86],[100.549,20.884],[100.536,20.992],[100.614,21.059],[100.703,21.251],[100.82,21.314],[101.08,21.469],[101.197,21.522],[101.206,21.383],[101.212,21.278],[101.248,21.197],[101.444,21.231],[101.584,21.204],[101.669,21.17],[101.728,21.156],[101.801,21.213],[101.763,21.279],[101.724,21.395],[101.747,21.606],[101.737,21.827],[101.603,21.99],[101.56,22.121],[101.537,22.21],[101.568,22.276],[101.646,22.405],[101.708,22.487],[101.76,22.49],[101.945,22.439],[102.092,22.412],[102.127,22.379]]]}},{"type":"Feature","properties":{"iso_a2":"KE"},"geometry":{"type":"MultiPolygon","coordinates":[[[[40.994,-2.158],[40.976,-2.11],[41.131,-2.053],[41.137,-2.085],[40.994,-2.158]]],[[[33.903,-1.002],[33.924,-0.398],[33.943,0.174],[34.081,0.382],[34.161,0.605],[34.293,0.731],[34.482,1.042],[34.602,1.156],[34.727,1.214],[34.799,1.245],[34.784,1.381],[34.851,1.489],[34.941,1.599],[34.976,1.72],[34.978,1.862],[34.914,2.23],[34.906,2.48],[34.847,2.596],[34.773,2.723],[34.723,2.842],[34.523,3.12],[34.407,3.358],[34.442,3.606],[34.393,3.692],[34.165,3.813],[34.186,3.87],[33.976,4.22],[34.38,4.621],[34.878,5.11],[35.268,5.492],[35.265,5.412],[35.325,5.365],[35.424,5.413],[35.745,5.344],[35.788,5.208],[35.779,5.106],[35.763,4.808],[35.92,4.62],[36.022,4.468],[36.272,4.445],[36.824,4.43],[36.906,4.411],[37.383,4.111],[37.763,3.865],[38.086,3.649],[38.452,3.605],[38.753,3.559],[39.128,3.501],[39.494,3.456],[39.658,3.578],[39.842,3.851],[40.316,4.083],[40.765,4.273],[41.021,4.057],[41.14,3.963],[41.319,3.943],[41.482,3.963],[41.884,3.978],[41.613,3.59],[41.135,2.997],[40.964,2.815],[40.967,2.221],[40.973,0.535],[40.978,-0.729],[41.116,-1.047],[41.427,-1.45],[41.538,-1.613],[41.387,-1.867],[41.107,-1.982],[40.996,-1.951],[40.952,-2.056],[40.89,-2.024],[40.922,-2.194],[40.82,-2.336],[40.644,-2.539],[40.279,-2.629],[40.18,-2.819],[40.128,-3.173],[39.992,-3.351],[39.896,-3.536],[39.819,-3.786],[39.746,-3.955],[39.687,-4.068],[39.637,-4.153],[39.377,-4.625],[39.228,-4.666],[39.19,-4.677],[38.962,-4.513],[38.655,-4.292],[38.348,-4.071],[38.041,-3.85],[37.797,-3.674],[37.726,-3.56],[37.67,-3.517],[37.608,-3.497],[37.625,-3.407],[37.688,-3.246],[37.659,-3.07],[37.542,-2.989],[37.116,-2.751],[36.689,-2.513],[36.263,-2.275],[35.837,-2.037],[35.411,-1.799],[34.984,-1.561],[34.558,-1.323],[34.132,-1.085],[33.979,-1.002],[33.903,-1.002]]]]}},{"type":"Feature","properties":{"iso_a2":"JP"},"geometry":{"type":"MultiPolygon","coordinates":[[[[133.371,36.204],[133.325,36.167],[133.239,36.179],[133.19,36.233],[133.206,36.293],[133.296,36.34],[133.381,36.246],[133.371,36.204]]],[[[138.344,37.822],[138.225,37.829],[138.288,37.896],[138.322,37.991],[138.25,38.078],[138.461,38.291],[138.51,38.259],[138.454,38.076],[138.497,37.904],[138.344,37.822]]],[[[134.933,34.288],[134.731,34.209],[134.668,34.294],[134.834,34.473],[134.961,34.545],[134.905,34.398],[134.933,34.288]]],[[[130.623,30.263],[130.508,30.241],[130.446,30.265],[130.388,30.388],[130.497,30.466],[130.644,30.389],[130.673,30.367],[130.623,30.263]]],[[[130.96,30.397],[130.87,30.444],[130.947,30.671],[131.04,30.819],[131.083,30.791],[130.993,30.53],[130.96,30.397]]],[[[130.083,32.23],[129.993,32.228],[130.017,32.292],[129.979,32.346],[130.01,32.522],[130.197,32.492],[130.083,32.23]]],[[[129.279,34.123],[129.214,34.083],[129.186,34.145],[129.215,34.321],[129.337,34.285],[129.335,34.231],[129.279,34.123]]],[[[129.386,34.354],[129.297,34.34],[129.329,34.522],[129.326,34.607],[129.472,34.671],[129.469,34.616],[129.381,34.416],[129.386,34.354]]],[[[128.665,32.784],[128.761,32.772],[128.839,32.763],[128.895,32.652],[128.79,32.637],[128.693,32.605],[128.649,32.662],[128.665,32.784]]],[[[130.381,32.424],[130.293,32.419],[130.256,32.431],[130.242,32.463],[130.365,32.527],[130.461,32.516],[130.419,32.458],[130.381,32.424]]],[[[141.073,45.333],[141.034,45.269],[140.982,45.364],[140.972,45.465],[141.002,45.465],[141.057,45.45],[141.07,45.4],[141.073,45.333]]],[[[141.295,45.119],[141.145,45.154],[141.194,45.248],[141.31,45.179],[141.295,45.119]]],[[[139.481,42.081],[139.435,42.084],[139.431,42.2],[139.558,42.235],[139.481,42.081]]],[[[134.352,34.484],[134.315,34.469],[134.238,34.467],[134.182,34.519],[134.372,34.522],[134.352,34.484]]],[[[139.456,34.727],[139.446,34.68],[139.392,34.69],[139.367,34.721],[139.37,34.775],[139.426,34.776],[139.456,34.727]]],[[[129.077,32.84],[129.02,32.92],[129.035,32.969],[129.124,33.068],[129.182,32.993],[129.112,32.929],[129.077,32.84]]],[[[129.492,33.223],[129.37,33.176],[129.423,33.257],[129.538,33.358],[129.508,33.284],[129.492,33.223]]],[[[129.796,33.749],[129.727,33.707],[129.675,33.74],[129.7,33.829],[129.717,33.858],[129.776,33.829],[129.796,33.749]]],[[[132.578,34.115],[132.549,34.075],[132.461,34.087],[132.496,34.122],[132.524,34.164],[132.543,34.173],[132.56,34.127],[132.578,34.115]]],[[[132.266,33.945],[132.43,33.924],[132.411,33.88],[132.267,33.871],[132.201,33.928],[132.266,33.945]]],[[[129.718,31.657],[129.687,31.64],[129.707,31.718],[129.787,31.787],[129.794,31.742],[129.718,31.657]]],[[[142.188,26.617],[142.17,26.616],[142.107,26.722],[142.125,26.726],[142.162,26.71],[142.202,26.649],[142.188,26.617]]],[[[143.824,44.117],[144.005,44.117],[144.482,43.95],[144.715,43.928],[144.872,43.982],[145.343,44.334],[145.37,44.281],[145.245,44.076],[145.101,43.765],[145.214,43.578],[145.341,43.303],[145.488,43.28],[145.674,43.389],[145.833,43.386],[145.624,43.291],[145.505,43.174],[145.347,43.177],[145.127,43.089],[144.921,43.001],[144.631,42.947],[144.302,42.984],[143.969,42.881],[143.581,42.599],[143.369,42.325],[143.327,42.151],[143.279,42.038],[143.112,42.022],[142.508,42.258],[141.851,42.579],[140.986,42.342],[140.788,42.5],[140.617,42.571],[140.48,42.559],[140.351,42.435],[140.315,42.334],[140.417,42.201],[140.578,42.119],[140.734,42.116],[141.108,41.848],[141.079,41.76],[140.908,41.743],[140.66,41.816],[140.489,41.672],[140.385,41.519],[140.149,41.423],[140.037,41.474],[139.995,41.576],[140.084,41.803],[140.057,42.067],[139.895,42.19],[139.821,42.388],[139.86,42.582],[139.951,42.671],[140.115,42.733],[140.329,42.867],[140.486,43.05],[140.379,43.237],[140.487,43.338],[140.781,43.215],[140.954,43.201],[141.245,43.185],[141.374,43.28],[141.398,43.513],[141.447,43.749],[141.645,44.019],[141.716,44.371],[141.782,44.716],[141.656,45.051],[141.594,45.256],[141.654,45.377],[141.778,45.419],[141.879,45.483],[141.981,45.483],[142.172,45.326],[142.704,44.819],[143.075,44.535],[143.512,44.278],[143.759,44.132],[143.824,44.117]]],[[[131.175,33.603],[131.366,33.571],[131.499,33.624],[131.643,33.638],[131.724,33.554],[131.616,33.392],[131.717,33.252],[131.855,33.182],[131.903,33.088],[131.937,33.01],[132.009,32.919],[131.977,32.844],[131.66,32.466],[131.565,32.223],[131.506,32.002],[131.475,31.778],[131.337,31.405],[131.14,31.442],[131.035,31.378],[130.902,31.112],[130.684,31.059],[130.736,31.122],[130.79,31.269],[130.709,31.526],[130.749,31.598],[130.796,31.624],[130.776,31.706],[130.655,31.718],[130.556,31.563],[130.54,31.403],[130.645,31.267],[130.589,31.179],[130.251,31.273],[130.147,31.408],[130.294,31.451],[130.322,31.601],[130.224,31.73],[130.211,31.849],[130.194,32.091],[130.319,32.144],[130.462,32.305],[130.641,32.619],[130.498,32.657],[130.547,32.832],[130.382,33.093],[130.238,33.178],[130.127,33.105],[130.168,32.932],[130.222,32.847],[130.326,32.853],[130.361,32.756],[130.298,32.675],[130.193,32.706],[130.054,32.771],[129.853,32.622],[129.808,32.645],[129.786,32.782],[129.668,32.929],[129.679,33.06],[129.828,32.893],[129.992,32.852],[129.897,33.022],[129.665,33.187],[129.61,33.344],[129.702,33.36],[129.858,33.375],[129.826,33.437],[130.072,33.522],[130.131,33.578],[130.275,33.598],[130.439,33.734],[130.484,33.835],[130.716,33.928],[130.953,33.872],[131.058,33.673],[131.175,33.603]]],[[[134.357,34.256],[134.637,34.227],[134.655,33.983],[134.675,33.848],[134.549,33.729],[134.307,33.527],[134.206,33.347],[134.124,33.287],[133.854,33.493],[133.632,33.511],[133.24,33.25],[133.101,33.028],[133.016,32.984],[132.87,32.755],[132.692,32.776],[132.709,32.902],[132.495,32.917],[132.428,33.059],[132.477,33.181],[132.515,33.255],[132.445,33.305],[132.413,33.43],[132.281,33.417],[132.033,33.34],[132.288,33.47],[132.536,33.633],[132.699,33.791],[132.752,33.906],[132.839,34.021],[132.99,34.088],[133.134,33.927],[133.299,33.969],[133.472,33.973],[133.627,34.069],[133.603,34.244],[133.706,34.237],[133.948,34.348],[134.219,34.319],[134.357,34.256]]],[[[141.229,41.373],[141.455,41.405],[141.4,41.096],[141.43,40.723],[141.542,40.531],[141.797,40.291],[141.935,39.958],[141.991,39.792],[141.979,39.668],[141.977,39.429],[141.901,39.111],[141.807,39.04],[141.742,39.0],[141.659,38.975],[141.622,38.865],[141.546,38.763],[141.509,38.498],[141.368,38.38],[141.108,38.338],[140.962,38.149],[140.928,37.95],[141.003,37.698],[141.002,37.115],[140.895,36.926],[140.792,36.847],[140.627,36.503],[140.619,36.386],[140.574,36.231],[140.622,36.059],[140.813,35.783],[140.639,35.661],[140.457,35.51],[140.417,35.267],[140.355,35.181],[140.159,35.096],[139.96,34.947],[139.844,34.915],[139.843,35.01],[139.851,35.232],[139.906,35.345],[140.027,35.485],[140.097,35.585],[139.988,35.668],[139.835,35.658],[139.77,35.55],[139.768,35.495],[139.666,35.319],[139.744,35.252],[139.675,35.149],[139.564,35.243],[139.363,35.298],[139.163,35.211],[139.116,35.097],[139.086,34.839],[138.983,34.698],[138.838,34.619],[138.761,34.699],[138.803,34.975],[138.821,35.096],[138.577,35.086],[138.51,34.987],[138.349,34.848],[138.189,34.596],[137.864,34.651],[137.543,34.664],[137.062,34.583],[137.288,34.704],[137.275,34.773],[137.097,34.759],[137.006,34.814],[136.935,34.815],[136.913,34.709],[136.885,34.806],[136.853,34.979],[136.852,35.06],[136.744,35.023],[136.577,34.79],[136.616,34.589],[136.88,34.434],[136.854,34.324],[136.544,34.258],[136.268,34.095],[135.916,33.562],[135.453,33.553],[135.347,33.722],[135.175,33.898],[135.135,34.183],[135.132,34.317],[135.309,34.417],[135.412,34.547],[135.355,34.654],[135.042,34.631],[134.785,34.747],[134.584,34.771],[134.363,34.724],[134.208,34.698],[133.968,34.527],[133.678,34.486],[133.474,34.43],[133.336,34.385],[133.142,34.302],[132.775,34.255],[132.534,34.287],[132.313,34.325],[132.202,34.032],[132.146,33.839],[131.763,34.045],[131.476,34.019],[131.323,33.965],[131.15,33.976],[130.996,34.007],[130.889,34.262],[130.952,34.35],[131.132,34.407],[131.354,34.413],[131.515,34.55],[131.734,34.667],[131.963,34.809],[132.158,34.967],[132.414,35.156],[132.698,35.418],[132.923,35.511],[133.267,35.557],[133.435,35.472],[133.615,35.511],[133.86,35.495],[134.214,35.539],[134.456,35.628],[135.174,35.747],[135.265,35.722],[135.232,35.592],[135.327,35.526],[135.68,35.503],[135.903,35.607],[136.095,35.768],[136.006,35.991],[136.156,36.223],[136.359,36.362],[136.698,36.742],[136.719,37.198],[136.962,37.414],[137.323,37.522],[137.338,37.437],[137.046,37.22],[136.924,37.172],[136.994,37.027],[137.013,36.895],[137.124,36.774],[137.298,36.754],[137.483,36.925],[137.913,37.065],[138.218,37.173],[138.548,37.392],[138.709,37.561],[138.819,37.775],[139.247,38.009],[139.401,38.143],[139.477,38.4],[139.58,38.599],[139.749,38.788],[139.879,39.105],[139.939,39.273],[140.011,39.358],[140.048,39.464],[140.055,39.749],[139.945,39.885],[139.81,39.878],[139.755,39.959],[139.874,39.986],[139.972,40.137],[140.014,40.315],[139.924,40.534],[139.967,40.673],[140.085,40.747],[140.201,40.775],[140.281,40.846],[140.344,41.006],[140.344,41.203],[140.441,41.21],[140.564,41.212],[140.64,41.156],[140.702,40.858],[140.801,40.834],[140.876,40.93],[141.119,40.882],[141.225,40.988],[141.244,41.206],[141.155,41.237],[141.07,41.193],[140.802,41.254],[140.892,41.48],[141.05,41.476],[141.229,41.373]]],[[[124.293,24.516],[124.186,24.335],[124.085,24.436],[124.17,24.452],[124.302,24.587],[124.293,24.516]]],[[[123.889,24.28],[123.75,24.283],[123.68,24.318],[123.754,24.391],[123.935,24.362],[123.889,24.28]]],[[[125.444,24.743],[125.359,24.717],[125.269,24.733],[125.284,24.872],[125.315,24.852],[125.335,24.805],[125.402,24.777],[125.444,24.743]]],[[[128.259,26.653],[128.127,26.552],[127.951,26.456],[127.869,26.381],[127.849,26.319],[127.786,26.209],[127.804,26.153],[127.653,26.095],[127.655,26.199],[127.729,26.434],[127.82,26.466],[127.946,26.594],[127.895,26.675],[127.994,26.679],[128.047,26.643],[128.122,26.711],[128.255,26.882],[128.311,26.721],[128.259,26.653]]],[[[128.998,27.721],[128.9,27.728],[128.908,27.898],[128.99,27.811],[128.998,27.721]]],[[[129.453,28.209],[129.275,28.201],[129.217,28.263],[129.251,28.314],[129.465,28.395],[129.561,28.431],[129.598,28.476],[129.715,28.47],[129.642,28.411],[129.513,28.299],[129.439,28.255],[129.453,28.209]]],[[[129.324,28.105],[129.331,28.082],[129.232,28.101],[129.192,28.192],[129.257,28.176],[129.277,28.145],[129.324,28.105]]],[[[139.841,33.056],[139.824,33.045],[139.776,33.078],[139.769,33.107],[139.777,33.125],[139.809,33.129],[139.874,33.094],[139.841,33.056]]]]}},{"type":"Feature","properties":{"iso_a2":"IT"},"geometry":{"type":"MultiPolygon","coordinates":[[[[7.021,45.926],[7.129,45.88],[7.452,45.944],[7.593,45.972],[7.852,45.947],[8.014,46.052],[8.127,46.188],[8.096,46.271],[8.299,46.403],[8.423,46.446],[8.443,46.403],[8.458,46.246],[8.642,46.111],[8.827,46.061],[8.885,45.919],[8.954,45.83],[9.047,45.876],[8.999,45.983],[9.022,46.051],[9.203,46.219],[9.26,46.391],[9.304,46.496],[9.428,46.482],[9.481,46.349],[9.58,46.296],[9.788,46.346],[9.939,46.362],[10.041,46.238],[10.128,46.238],[10.13,46.288],[10.082,46.421],[10.038,46.483],[10.087,46.6],[10.196,46.621],[10.363,46.547],[10.442,46.583],[10.398,46.665],[10.453,46.865],[10.58,46.854],[10.76,46.793],[10.927,46.769],[11.025,46.797],[11.134,46.936],[11.433,46.983],[11.625,46.997],[11.776,46.986],[12.169,47.082],[12.201,47.061],[12.131,46.985],[12.268,46.836],[12.388,46.703],[12.599,46.654],[12.806,46.626],[13.352,46.558],[13.7,46.52],[13.637,46.449],[13.479,46.369],[13.378,46.262],[13.421,46.212],[13.492,46.217],[13.633,46.177],[13.617,46.133],[13.486,46.04],[13.488,45.987],[13.601,45.98],[13.57,45.834],[13.663,45.792],[13.831,45.68],[13.845,45.593],[13.72,45.588],[13.628,45.771],[13.465,45.71],[13.157,45.747],[13.03,45.638],[12.761,45.544],[12.498,45.462],[12.536,45.545],[12.354,45.492],[12.249,45.369],[12.286,45.208],[12.523,44.968],[12.464,44.845],[12.319,44.833],[12.248,44.723],[12.396,44.224],[12.691,43.995],[13.295,43.686],[13.564,43.571],[13.805,43.18],[14.01,42.69],[14.541,42.244],[15.169,41.934],[15.964,41.939],[16.165,41.896],[16.151,41.758],[15.914,41.621],[16.013,41.435],[17.103,41.062],[17.474,40.841],[18.036,40.565],[18.461,40.221],[18.423,39.987],[18.344,39.821],[18.078,39.937],[17.476,40.315],[17.258,40.399],[17.215,40.486],[17.031,40.513],[16.807,40.326],[16.53,39.86],[16.598,39.639],[16.999,39.482],[17.123,39.137],[17.099,38.919],[16.755,38.89],[16.559,38.715],[16.546,38.409],[16.144,38.086],[16.057,37.942],[15.646,38.034],[15.7,38.262],[15.905,38.483],[15.927,38.672],[16.066,38.736],[16.21,38.941],[16.071,39.139],[15.854,39.627],[15.693,39.99],[15.391,40.052],[14.951,40.239],[14.929,40.31],[14.948,40.469],[14.84,40.63],[14.611,40.645],[14.459,40.633],[14.34,40.599],[14.428,40.759],[14.147,40.821],[14.076,40.794],[14.048,40.87],[13.733,41.236],[13.555,41.232],[13.247,41.289],[13.089,41.244],[13.024,41.301],[12.631,41.47],[12.075,41.941],[11.637,42.288],[11.296,42.423],[11.189,42.393],[11.103,42.417],[11.185,42.457],[10.938,42.739],[10.765,42.845],[10.708,42.936],[10.59,42.954],[10.517,43.065],[10.521,43.204],[10.321,43.513],[10.188,43.948],[9.731,44.101],[9.196,44.323],[8.766,44.422],[8.292,44.137],[8.005,43.877],[7.493,43.767],[7.482,43.865],[7.59,43.965],[7.677,44.083],[7.637,44.165],[7.371,44.127],[7.149,44.202],[6.9,44.336],[6.894,44.428],[6.843,44.511],[6.932,44.632],[7.008,44.689],[6.993,44.827],[6.94,44.859],[6.801,44.883],[6.725,44.973],[6.635,45.068],[6.692,45.144],[6.842,45.136],[7.032,45.223],[7.117,45.349],[7.153,45.401],[7.014,45.5],[6.881,45.67],[6.791,45.741],[6.804,45.815],[7.021,45.926]],[[12.439,41.898],[12.438,41.906],[12.431,41.905],[12.428,41.901],[12.431,41.898],[12.439,41.898]],[[12.485,43.901],[12.515,43.953],[12.504,43.99],[12.441,43.982],[12.397,43.935],[12.426,43.894],[12.485,43.901]]],[[[10.395,42.858],[10.432,42.797],[10.419,42.713],[10.209,42.737],[10.11,42.785],[10.248,42.816],[10.359,42.822],[10.395,42.858]]],[[[13.938,40.706],[13.894,40.697],[13.868,40.709],[13.854,40.724],[13.871,40.762],[13.962,40.739],[13.961,40.718],[13.938,40.706]]],[[[12.051,36.757],[12.003,36.746],[11.941,36.78],[11.936,36.829],[11.948,36.843],[12.024,36.821],[12.048,36.776],[12.051,36.757]]],[[[15.577,38.22],[15.476,38.063],[15.207,37.721],[15.165,37.59],[15.1,37.459],[15.117,37.335],[15.194,37.283],[15.174,37.209],[15.289,37.097],[15.295,37.013],[15.142,36.892],[15.104,36.785],[15.113,36.688],[14.89,36.724],[14.614,36.767],[14.502,36.799],[14.259,37.046],[14.024,37.107],[13.801,37.136],[13.361,37.349],[13.221,37.452],[13.04,37.507],[12.871,37.575],[12.699,37.572],[12.527,37.67],[12.436,37.82],[12.548,38.053],[12.664,38.108],[12.734,38.183],[12.903,38.035],[13.049,38.084],[13.16,38.19],[13.352,38.181],[13.433,38.11],[13.682,38.001],[13.789,37.981],[14.05,38.041],[14.416,38.043],[14.637,38.085],[14.79,38.167],[14.982,38.168],[15.176,38.168],[15.28,38.23],[15.499,38.291],[15.635,38.268],[15.577,38.22]]],[[[9.632,40.882],[9.794,40.556],[9.783,40.442],[9.643,40.268],[9.701,40.092],[9.686,39.924],[9.584,39.254],[9.486,39.14],[9.264,39.217],[9.149,39.197],[9.056,39.239],[8.967,38.964],[8.801,38.91],[8.649,38.927],[8.553,39.03],[8.418,39.206],[8.399,39.482],[8.447,39.563],[8.451,39.722],[8.511,39.722],[8.539,39.77],[8.496,39.897],[8.399,39.978],[8.455,40.078],[8.471,40.293],[8.385,40.443],[8.296,40.559],[8.19,40.652],[8.204,40.871],[8.245,40.907],[8.363,40.846],[8.572,40.85],[8.821,40.95],[9.107,41.143],[9.182,41.242],[9.283,41.202],[9.455,41.15],[9.539,41.054],[9.615,41.017],[9.59,40.992],[9.574,40.915],[9.632,40.882]]],[[[8.479,39.068],[8.421,38.969],[8.361,39.039],[8.359,39.099],[8.367,39.116],[8.441,39.091],[8.479,39.068]]],[[[8.286,41.04],[8.206,40.997],[8.267,41.099],[8.344,41.102],[8.286,41.04]]]]}},{"type":"Feature","properties":{"iso_a2":"IL"},"geometry":{"type":"Polygon","coordinates":[[[35.841,33.416],[35.793,33.334],[35.8,33.256],[35.827,33.195],[35.817,33.133],[35.845,33.085],[35.888,32.944],[35.833,32.82],[35.734,32.729],[35.595,32.668],[35.569,32.62],[35.484,32.402],[35.387,32.493],[35.304,32.513],[35.065,32.46],[35.0,32.281],[34.971,32.087],[34.99,31.913],[34.954,31.841],[34.983,31.817],[35.127,31.817],[35.204,31.75],[35.035,31.673],[34.929,31.537],[34.88,31.368],[35.101,31.366],[35.409,31.483],[35.423,31.325],[35.401,31.231],[35.439,31.132],[35.32,30.86],[35.237,30.673],[35.141,30.421],[35.133,30.195],[35.068,29.978],[35.024,29.787],[34.904,29.477],[34.791,29.812],[34.659,30.191],[34.518,30.507],[34.401,30.828],[34.245,31.208],[34.35,31.363],[34.524,31.542],[34.484,31.592],[34.804,32.196],[35.006,32.827],[35.109,33.084],[35.309,33.08],[35.493,33.119],[35.579,33.271],[35.627,33.275],[35.788,33.37],[35.841,33.416]]]}},{"type":"Feature","properties":{"iso_a2":"ID"},"geometry":{"type":"MultiPolygon","coordinates":[[[[97.482,1.465],[97.786,1.146],[97.932,0.974],[97.876,0.628],[97.684,0.596],[97.604,0.834],[97.405,0.947],[97.297,1.187],[97.244,1.424],[97.343,1.528],[97.482,1.465]]],[[[99.164,-1.778],[98.874,-1.664],[98.816,-1.538],[98.602,-1.198],[98.869,-0.916],[98.955,-1.056],[99.101,-1.34],[99.14,-1.418],[99.21,-1.559],[99.271,-1.738],[99.164,-1.778]]],[[[116.641,-8.614],[116.559,-8.854],[116.377,-8.929],[116.239,-8.912],[115.875,-8.826],[115.869,-8.743],[116.032,-8.765],[116.078,-8.611],[116.22,-8.295],[116.402,-8.204],[116.688,-8.304],[116.734,-8.387],[116.641,-8.614]]],[[[115.448,-8.155],[115.691,-8.364],[115.661,-8.448],[115.334,-8.616],[115.247,-8.758],[115.22,-8.82],[115.145,-8.849],[115.14,-8.769],[115.106,-8.629],[114.952,-8.496],[114.731,-8.394],[114.571,-8.345],[114.479,-8.215],[114.475,-8.119],[114.62,-8.128],[114.938,-8.187],[115.154,-8.066],[115.34,-8.115],[115.448,-8.155]]],[[[106.046,-1.669],[106.127,-1.8],[106.209,-2.189],[106.818,-2.573],[106.707,-2.658],[106.612,-2.896],[106.658,-3.001],[106.611,-3.071],[106.496,-3.029],[106.397,-2.967],[106.25,-2.894],[105.999,-2.825],[105.908,-2.643],[105.908,-2.452],[105.807,-2.307],[105.705,-2.133],[105.553,-2.079],[105.293,-2.114],[105.133,-2.043],[105.191,-1.917],[105.375,-1.813],[105.364,-1.705],[105.413,-1.611],[105.585,-1.527],[105.668,-1.68],[105.754,-1.659],[105.816,-1.506],[105.981,-1.539],[106.046,-1.669]]],[[[123.18,-4.551],[123.196,-4.823],[123.119,-4.723],[123.084,-4.749],[123.018,-4.832],[122.987,-4.963],[122.981,-5.186],[123.051,-5.156],[123.202,-5.273],[123.121,-5.393],[122.986,-5.394],[122.935,-5.437],[122.916,-5.519],[122.812,-5.671],[122.684,-5.666],[122.585,-5.545],[122.642,-5.426],[122.67,-5.331],[122.767,-5.21],[122.794,-5.052],[122.821,-4.944],[122.853,-4.618],[123.038,-4.395],[123.069,-4.434],[123.18,-4.551]]],[[[122.645,-5.269],[122.564,-5.388],[122.474,-5.381],[122.371,-5.383],[122.283,-5.32],[122.396,-5.07],[122.334,-4.847],[122.524,-4.707],[122.702,-4.619],[122.76,-4.934],[122.645,-5.269]]],[[[108.316,3.69],[108.1,3.705],[108.216,3.772],[108.243,3.81],[108.045,3.889],[108.004,4.043],[108.248,4.217],[108.393,3.986],[108.394,3.836],[108.316,3.69]]],[[[108.207,-2.998],[108.167,-3.143],[108.055,-3.227],[107.967,-3.167],[107.858,-3.086],[107.822,-3.161],[107.614,-3.209],[107.595,-3.058],[107.584,-2.941],[107.605,-2.863],[107.642,-2.732],[107.838,-2.53],[108.074,-2.597],[108.291,-2.83],[108.207,-2.998]]],[[[135.383,-0.651],[135.673,-0.688],[135.841,-0.712],[136.069,-0.878],[136.283,-1.065],[136.305,-1.173],[136.11,-1.217],[135.915,-1.178],[135.826,-1.028],[135.646,-0.882],[135.491,-0.785],[135.432,-0.769],[135.383,-0.651]]],[[[135.474,-1.592],[135.976,-1.636],[136.39,-1.722],[136.817,-1.754],[136.709,-1.838],[136.461,-1.89],[136.228,-1.894],[136.049,-1.824],[135.488,-1.668],[135.474,-1.592]]],[[[130.813,-0.004],[131.026,-0.04],[131.317,-0.204],[131.34,-0.29],[131.218,-0.374],[131.098,-0.33],[130.946,-0.338],[130.808,-0.226],[130.622,-0.086],[130.691,-0.181],[130.802,-0.302],[130.899,-0.344],[130.75,-0.444],[130.689,-0.297],[130.575,-0.362],[130.496,-0.267],[130.237,-0.21],[130.295,-0.101],[130.431,-0.098],[130.548,-0.07],[130.722,-0.03],[130.813,-0.004]]],[[[128.454,2.052],[128.26,2.083],[128.33,2.469],[128.569,2.596],[128.688,2.474],[128.548,2.097],[128.454,2.052]]],[[[128.153,-1.661],[128.061,-1.712],[127.741,-1.691],[127.458,-1.697],[127.395,-1.59],[127.592,-1.351],[127.743,-1.36],[128.033,-1.532],[128.153,-1.661]]],[[[126.055,-2.451],[125.978,-2.415],[125.903,-2.222],[125.873,-2.036],[125.963,-1.976],[125.976,-2.168],[126.055,-2.451]]],[[[126.024,-1.79],[126.288,-1.859],[125.839,-1.906],[125.433,-1.938],[125.387,-1.843],[125.521,-1.801],[126.024,-1.79]]],[[[124.97,-1.705],[125.096,-1.741],[125.146,-1.693],[125.198,-1.78],[125.305,-1.794],[125.314,-1.877],[125.007,-1.943],[124.639,-1.978],[124.418,-2.005],[124.381,-1.688],[124.483,-1.644],[124.97,-1.705]]],[[[131.326,-8.0],[131.185,-7.998],[131.123,-7.922],[131.137,-7.782],[131.19,-7.672],[131.26,-7.471],[131.349,-7.425],[131.446,-7.315],[131.535,-7.221],[131.561,-7.136],[131.701,-7.14],[131.644,-7.267],[131.624,-7.626],[131.498,-7.731],[131.377,-7.869],[131.343,-7.981],[131.326,-8.0]]],[[[126.801,-7.668],[126.813,-7.738],[126.577,-7.808],[126.472,-7.95],[126.171,-7.912],[126.04,-7.886],[125.826,-7.979],[125.808,-7.881],[125.975,-7.663],[126.214,-7.707],[126.463,-7.608],[126.726,-7.662],[126.801,-7.668]]],[[[124.576,-8.141],[124.677,-8.168],[124.924,-8.166],[125.125,-8.205],[125.097,-8.353],[124.381,-8.415],[124.426,-8.296],[124.431,-8.183],[124.576,-8.141]]],[[[131.002,-1.316],[130.845,-1.317],[130.739,-1.173],[130.704,-1.05],[130.673,-0.96],[130.939,-0.915],[131.074,-0.968],[131.002,-1.316]]],[[[96.493,5.229],[96.843,5.274],[97.086,5.23],[97.451,5.236],[97.547,5.206],[97.707,5.04],[97.967,4.777],[98.021,4.635],[98.273,4.322],[98.307,4.093],[98.659,3.928],[98.706,3.835],[98.869,3.71],[99.521,3.311],[99.907,2.988],[100.021,2.794],[100.307,2.467],[100.401,2.332],[100.524,2.189],[100.685,2.12],[100.888,1.948],[100.817,2.14],[100.828,2.243],[100.936,2.295],[101.225,2.102],[101.358,1.887],[101.477,1.693],[101.684,1.661],[102.02,1.442],[102.157,1.259],[102.223,1.019],[102.39,0.842],[102.566,0.749],[102.949,0.664],[103.067,0.492],[102.786,0.298],[102.78,0.244],[103.003,0.332],[103.277,0.495],[103.412,0.507],[103.579,0.387],[103.743,0.174],[103.706,-0.02],[103.429,-0.192],[103.444,-0.272],[103.495,-0.418],[103.431,-0.534],[103.533,-0.755],[103.721,-0.887],[104.061,-1.021],[104.258,-1.053],[104.381,-1.074],[104.447,-1.362],[104.519,-1.699],[104.569,-1.922],[104.791,-2.041],[104.845,-2.172],[104.787,-2.283],[104.647,-2.43],[104.651,-2.595],[104.736,-2.571],[104.917,-2.392],[105.026,-2.358],[105.397,-2.38],[105.582,-2.492],[106.044,-3.106],[106.058,-3.217],[105.901,-3.41],[105.844,-3.614],[105.896,-3.78],[105.928,-3.881],[105.831,-4.163],[105.891,-4.66],[105.887,-5.01],[105.803,-5.716],[105.677,-5.818],[105.578,-5.761],[105.523,-5.673],[105.304,-5.57],[105.081,-5.746],[104.93,-5.681],[104.622,-5.572],[104.676,-5.816],[104.631,-5.908],[104.481,-5.803],[104.243,-5.539],[104.067,-5.386],[103.77,-5.033],[103.332,-4.765],[103.139,-4.596],[102.538,-4.152],[102.188,-3.675],[101.818,-3.378],[101.579,-3.167],[101.366,-2.808],[101.206,-2.664],[100.944,-2.345],[100.848,-2.144],[100.487,-1.299],[100.308,-0.827],[100.088,-0.553],[99.931,-0.4],[99.721,-0.033],[99.598,0.102],[99.236,0.268],[99.112,0.459],[98.936,1.032],[98.703,1.702],[98.564,1.902],[98.005,2.238],[97.795,2.283],[97.662,2.494],[97.617,2.785],[97.391,2.975],[97.248,3.189],[96.969,3.575],[96.801,3.709],[96.445,3.816],[96.23,4.073],[95.579,4.662],[95.432,4.865],[95.207,5.284],[95.247,5.411],[95.224,5.517],[95.28,5.593],[95.517,5.625],[95.737,5.579],[96.027,5.351],[96.251,5.267],[96.493,5.229]]],[[[122.783,-8.612],[122.554,-8.681],[122.417,-8.735],[122.186,-8.73],[121.839,-8.86],[121.651,-8.899],[121.585,-8.821],[121.415,-8.815],[121.191,-8.896],[121.086,-8.926],[120.982,-8.928],[120.55,-8.802],[120.121,-8.777],[119.909,-8.858],[119.841,-8.764],[119.807,-8.623],[119.848,-8.523],[119.875,-8.42],[119.964,-8.436],[120.231,-8.29],[120.425,-8.249],[120.547,-8.26],[120.71,-8.308],[120.886,-8.327],[121.118,-8.424],[121.372,-8.551],[121.498,-8.585],[121.61,-8.526],[121.747,-8.507],[121.912,-8.482],[122.02,-8.472],[122.263,-8.625],[122.433,-8.601],[122.484,-8.514],[122.556,-8.432],[122.75,-8.353],[122.919,-8.222],[122.792,-8.127],[122.917,-8.106],[123.006,-8.329],[122.924,-8.381],[122.811,-8.481],[122.82,-8.596],[122.783,-8.612]]],[[[120.013,-9.375],[120.221,-9.506],[120.258,-9.603],[120.365,-9.655],[120.504,-9.674],[120.633,-9.806],[120.784,-9.957],[120.804,-10.108],[120.64,-10.228],[120.439,-10.294],[120.255,-10.242],[120.052,-10.123],[119.931,-9.967],[119.601,-9.774],[119.417,-9.771],[119.085,-9.707],[119.008,-9.621],[118.959,-9.519],[119.031,-9.44],[119.296,-9.367],[119.615,-9.352],[119.851,-9.36],[119.974,-9.322],[120.013,-9.375]]],[[[118.242,-8.318],[118.338,-8.354],[118.491,-8.271],[118.612,-8.281],[118.692,-8.393],[118.748,-8.331],[118.846,-8.293],[118.988,-8.338],[119.042,-8.561],[119.101,-8.628],[119.104,-8.71],[119.006,-8.75],[118.939,-8.713],[118.821,-8.712],[118.756,-8.774],[118.837,-8.809],[118.808,-8.838],[118.674,-8.812],[118.427,-8.855],[118.4,-8.704],[118.234,-8.808],[118.132,-8.856],[117.861,-8.931],[117.732,-8.92],[117.388,-9.032],[117.265,-9.026],[117.161,-9.069],[116.958,-9.076],[116.788,-9.006],[116.772,-8.894],[116.783,-8.665],[116.835,-8.532],[116.953,-8.503],[117.165,-8.367],[117.357,-8.429],[117.567,-8.426],[117.643,-8.536],[117.712,-8.583],[117.893,-8.704],[118.104,-8.65],[118.235,-8.592],[118.1,-8.475],[118.018,-8.467],[117.815,-8.342],[117.738,-8.205],[117.868,-8.101],[118.117,-8.122],[118.203,-8.267],[118.242,-8.318]]],[[[124.889,0.995],[124.64,0.744],[124.514,0.557],[124.384,0.445],[124.217,0.38],[123.754,0.306],[123.526,0.3],[123.265,0.327],[123.083,0.486],[122.91,0.486],[122.061,0.468],[121.723,0.451],[121.516,0.498],[121.013,0.442],[120.7,0.515],[120.46,0.51],[120.307,0.408],[120.127,0.167],[120.036,-0.09],[120.012,-0.307],[120.063,-0.556],[120.241,-0.868],[120.425,-0.961],[120.605,-1.258],[120.729,-1.371],[120.916,-1.378],[121.149,-1.339],[121.277,-1.118],[121.519,-0.856],[121.633,-0.84],[121.738,-0.926],[121.97,-0.933],[122.138,-0.839],[122.28,-0.757],[122.659,-0.77],[122.886,-0.722],[122.829,-0.659],[123.02,-0.6],[123.281,-0.592],[123.417,-0.707],[123.396,-0.962],[123.3,-1.026],[123.153,-0.907],[122.903,-0.901],[122.807,-0.966],[122.656,-1.175],[122.334,-1.498],[122.158,-1.594],[121.78,-1.767],[121.651,-1.895],[121.514,-1.888],[121.355,-1.878],[121.408,-1.97],[121.575,-2.151],[121.726,-2.208],[121.848,-2.332],[122.014,-2.656],[122.292,-2.908],[122.29,-3.004],[122.381,-3.142],[122.317,-3.275],[122.263,-3.527],[122.253,-3.62],[122.329,-3.694],[122.435,-3.74],[122.579,-3.882],[122.607,-3.985],[122.69,-4.084],[122.779,-4.082],[122.848,-4.065],[122.894,-4.166],[122.897,-4.349],[122.818,-4.39],[122.715,-4.376],[122.672,-4.422],[122.471,-4.422],[122.114,-4.54],[122.05,-4.675],[122.038,-4.832],[121.748,-4.817],[121.589,-4.76],[121.487,-4.581],[121.557,-4.245],[121.612,-4.156],[121.537,-4.015],[121.313,-3.919],[120.892,-3.521],[120.907,-3.404],[121.054,-3.167],[121.067,-2.881],[120.99,-2.67],[120.765,-2.642],[120.544,-2.733],[120.261,-2.949],[120.3,-3.154],[120.392,-3.348],[120.435,-3.748],[120.362,-4.086],[120.42,-4.617],[120.31,-4.963],[120.279,-5.146],[120.417,-5.49],[120.312,-5.542],[120.201,-5.559],[119.952,-5.578],[119.818,-5.662],[119.717,-5.693],[119.463,-5.522],[119.36,-5.314],[119.434,-5.079],[119.516,-4.742],[119.594,-4.523],[119.624,-4.034],[119.494,-3.769],[119.479,-3.667],[119.495,-3.554],[119.42,-3.475],[119.24,-3.475],[118.922,-3.483],[118.833,-3.28],[118.822,-3.041],[118.829,-2.85],[118.783,-2.721],[118.853,-2.65],[118.958,-2.597],[119.135,-2.382],[119.172,-2.14],[119.322,-1.93],[119.308,-1.66],[119.31,-1.496],[119.359,-1.243],[119.654,-0.728],[119.787,-0.764],[119.845,-0.773],[119.772,-0.484],[119.736,-0.051],[119.838,-0.022],[119.812,0.187],[119.913,0.445],[120.035,0.567],[120.101,0.74],[120.23,0.861],[120.294,0.979],[120.367,0.888],[120.517,0.818],[120.626,0.902],[120.711,0.987],[120.804,1.149],[120.912,1.289],[121.025,1.326],[121.208,1.262],[121.357,1.255],[121.44,1.214],[121.513,1.105],[121.592,1.068],[122.108,1.031],[122.549,0.984],[122.79,0.863],[122.892,0.85],[123.013,0.939],[123.278,0.928],[123.931,0.85],[124.411,1.185],[124.575,1.304],[124.644,1.416],[124.788,1.468],[124.947,1.672],[125.111,1.686],[125.234,1.502],[125.141,1.408],[125.028,1.18],[124.889,0.995]]],[[[107.374,-6.008],[107.563,-6.183],[107.776,-6.219],[108.009,-6.277],[108.197,-6.289],[108.295,-6.265],[108.419,-6.383],[108.538,-6.516],[108.678,-6.791],[108.899,-6.808],[109.294,-6.867],[109.501,-6.81],[109.821,-6.902],[110.067,-6.899],[110.261,-6.912],[110.373,-6.948],[110.521,-6.897],[110.634,-6.69],[110.701,-6.518],[110.784,-6.443],[110.972,-6.436],[111.154,-6.669],[111.342,-6.7],[111.484,-6.652],[111.644,-6.699],[111.738,-6.773],[112.087,-6.893],[112.312,-6.894],[112.539,-6.926],[112.626,-7.178],[112.752,-7.265],[112.783,-7.432],[113.014,-7.658],[113.498,-7.724],[113.876,-7.677],[114.071,-7.633],[114.409,-7.792],[114.443,-8.005],[114.381,-8.334],[114.449,-8.559],[114.595,-8.685],[114.584,-8.77],[114.383,-8.705],[114.277,-8.615],[113.94,-8.568],[113.253,-8.287],[113.019,-8.313],[112.772,-8.396],[112.586,-8.4],[112.115,-8.324],[111.339,-8.262],[110.83,-8.202],[110.039,-7.891],[109.282,-7.705],[108.987,-7.704],[108.741,-7.667],[108.518,-7.736],[108.336,-7.794],[107.917,-7.724],[107.696,-7.636],[107.547,-7.542],[107.071,-7.447],[106.535,-7.394],[106.411,-7.312],[106.448,-7.177],[106.52,-7.054],[105.944,-6.859],[105.725,-6.846],[105.478,-6.854],[105.362,-6.826],[105.255,-6.835],[105.273,-6.729],[105.371,-6.664],[105.405,-6.768],[105.484,-6.782],[105.608,-6.617],[105.706,-6.498],[105.787,-6.457],[105.936,-6.017],[106.075,-5.914],[106.35,-5.984],[106.569,-6.022],[106.825,-6.098],[106.932,-6.073],[107.046,-5.904],[107.332,-5.978],[107.374,-6.008]]],[[[109.629,2.028],[109.549,1.848],[109.636,1.777],[109.736,1.523],[109.879,1.398],[109.992,1.283],[110.115,1.19],[110.399,0.939],[110.506,0.862],[110.938,1.017],[111.101,1.051],[111.483,0.996],[111.607,1.023],[111.77,0.999],[111.923,1.113],[112.129,1.244],[112.186,1.439],[112.342,1.515],[112.943,1.567],[112.998,1.496],[113.007,1.434],[113.126,1.408],[113.458,1.302],[113.622,1.236],[113.76,1.311],[113.902,1.434],[114.126,1.452],[114.387,1.5],[114.546,1.467],[114.632,1.617],[114.686,1.819],[114.751,1.869],[114.813,1.934],[114.816,2.019],[114.759,2.162],[114.786,2.25],[114.969,2.351],[115.151,2.493],[115.181,2.567],[115.081,2.634],[115.079,2.723],[115.087,2.791],[115.118,2.895],[115.247,3.026],[115.384,3.009],[115.493,3.128],[115.49,3.209],[115.52,3.362],[115.571,3.502],[115.561,3.733],[115.596,3.976],[115.679,4.193],[115.837,4.333],[115.896,4.349],[116.134,4.355],[116.32,4.354],[116.415,4.308],[116.553,4.36],[116.639,4.339],[116.844,4.34],[117.278,4.299],[117.537,4.171],[117.566,4.162],[117.465,4.076],[117.566,3.93],[117.728,3.797],[117.762,3.734],[117.714,3.645],[117.567,3.678],[117.495,3.666],[117.288,3.639],[117.056,3.623],[117.166,3.592],[117.385,3.365],[117.352,3.194],[117.507,3.105],[117.611,3.064],[117.638,2.951],[117.637,2.915],[117.665,2.859],[117.667,2.807],[117.786,2.747],[117.886,2.542],[118.067,2.318],[118.042,2.215],[117.889,2.087],[117.789,2.027],[117.865,1.968],[118.08,1.702],[118.472,1.416],[118.853,1.096],[118.985,0.982],[118.757,0.839],[118.312,0.847],[118.096,0.929],[117.912,1.099],[117.977,0.964],[117.923,0.831],[117.777,0.754],[117.553,0.341],[117.464,-0.2],[117.549,-0.554],[117.574,-0.728],[117.522,-0.797],[117.241,-0.926],[117.07,-1.113],[116.914,-1.224],[116.797,-1.184],[116.74,-1.044],[116.729,-1.151],[116.771,-1.267],[116.715,-1.376],[116.554,-1.474],[116.518,-1.598],[116.332,-1.712],[116.275,-1.785],[116.424,-1.785],[116.452,-1.923],[116.314,-2.14],[116.418,-2.187],[116.565,-2.3],[116.529,-2.511],[116.401,-2.52],[116.317,-2.552],[116.375,-2.578],[116.353,-2.833],[116.289,-2.959],[116.166,-2.935],[116.172,-3.025],[116.205,-3.149],[116.15,-3.233],[116.017,-3.433],[115.956,-3.595],[114.694,-4.17],[114.625,-4.112],[114.536,-3.494],[114.446,-3.482],[114.344,-3.444],[114.302,-3.365],[114.293,-3.306],[114.178,-3.354],[114.109,-3.285],[113.959,-3.394],[113.705,-3.455],[113.637,-3.332],[113.61,-3.196],[113.526,-3.184],[113.367,-3.224],[113.034,-2.933],[112.758,-3.322],[112.444,-3.371],[112.127,-3.381],[111.907,-3.553],[111.822,-3.533],[111.836,-3.308],[111.809,-3.008],[111.695,-2.889],[111.625,-2.975],[111.368,-2.934],[111.044,-3.056],[110.869,-3.049],[110.852,-2.946],[110.811,-2.938],[110.703,-3.021],[110.574,-2.891],[110.351,-2.947],[110.256,-2.966],[110.224,-2.689],[110.097,-2.001],[109.96,-1.863],[110.023,-1.643],[110.019,-1.399],[109.938,-1.181],[109.787,-1.011],[109.454,-0.869],[109.289,-0.846],[109.271,-0.732],[109.366,-0.667],[109.257,-0.577],[109.13,-0.445],[109.122,-0.265],[109.165,-0.142],[109.258,0.031],[109.22,0.074],[109.149,0.168],[108.945,0.356],[108.906,0.794],[108.959,1.135],[109.088,1.224],[109.096,1.258],[109.01,1.24],[109.076,1.496],[109.273,1.705],[109.379,1.923],[109.629,2.028]]],[[[127.733,0.848],[127.881,0.832],[127.929,0.935],[128.055,1.116],[128.161,1.158],[128.157,1.317],[128.424,1.518],[128.688,1.573],[128.688,1.464],[128.703,1.106],[128.515,0.979],[128.299,0.877],[128.261,0.734],[128.611,0.55],[128.684,0.438],[128.743,0.323],[128.863,0.268],[128.54,0.338],[128.333,0.398],[128.106,0.461],[127.924,0.438],[127.887,0.298],[127.912,0.151],[127.978,-0.248],[128.254,-0.732],[128.425,-0.893],[128.233,-0.788],[128.011,-0.657],[127.853,-0.38],[127.692,-0.242],[127.687,-0.08],[127.685,0.149],[127.669,0.337],[127.555,0.49],[127.542,0.681],[127.601,0.796],[127.52,0.924],[127.42,1.252],[127.535,1.572],[127.571,1.7],[127.731,1.966],[127.964,2.175],[128.043,2.157],[127.907,1.946],[127.887,1.833],[128.011,1.701],[128.026,1.458],[127.988,1.29],[127.653,1.014],[127.634,0.936],[127.733,0.848]]],[[[129.755,-2.866],[130.103,-2.993],[130.379,-2.989],[130.626,-3.228],[130.671,-3.392],[130.773,-3.419],[130.86,-3.57],[130.58,-3.749],[130.27,-3.579],[129.981,-3.439],[129.844,-3.327],[129.545,-3.319],[129.52,-3.363],[129.468,-3.453],[129.212,-3.393],[128.967,-3.326],[128.964,-3.272],[128.925,-3.229],[128.802,-3.266],[128.677,-3.397],[128.517,-3.449],[128.419,-3.416],[128.233,-3.203],[128.132,-3.157],[128.056,-3.239],[128.03,-3.341],[127.92,-3.506],[127.928,-3.397],[127.897,-3.282],[128.113,-2.935],[128.57,-2.842],[128.911,-2.85],[129.058,-2.838],[129.116,-2.937],[129.28,-2.889],[129.427,-2.791],[129.543,-2.79],[129.755,-2.866]]],[[[126.861,-3.088],[127.063,-3.217],[127.125,-3.311],[127.227,-3.391],[127.23,-3.633],[127.085,-3.671],[126.87,-3.783],[126.74,-3.814],[126.547,-3.772],[126.215,-3.605],[126.147,-3.523],[126.034,-3.356],[126.05,-3.128],[126.22,-3.148],[126.555,-3.065],[126.861,-3.088]]],[[[124.922,-8.942],[124.937,-9.053],[125.1,-9.004],[125.149,-9.043],[125.1,-9.19],[124.96,-9.214],[124.968,-9.294],[125.034,-9.382],[124.998,-9.565],[124.842,-9.76],[124.602,-9.993],[124.428,-10.149],[124.176,-10.183],[123.858,-10.344],[123.644,-10.311],[123.614,-10.215],[123.69,-10.129],[123.599,-10.015],[123.636,-9.838],[123.709,-9.615],[123.977,-9.373],[124.052,-9.375],[124.116,-9.423],[124.282,-9.428],[124.376,-9.35],[124.438,-9.239],[124.575,-9.155],[124.708,-9.062],[124.922,-8.942]]],[[[134.747,-5.707],[134.738,-5.817],[134.712,-5.95],[134.758,-6.1],[134.744,-6.202],[134.684,-6.328],[134.638,-6.365],[134.356,-6.271],[134.264,-6.172],[134.155,-6.063],[134.225,-6.008],[134.299,-5.971],[134.226,-5.744],[134.247,-5.682],[134.456,-5.558],[134.506,-5.438],[134.617,-5.439],[134.658,-5.539],[134.701,-5.603],[134.747,-5.707]]],[[[134.537,-6.442],[134.504,-6.591],[134.356,-6.815],[134.2,-6.909],[134.059,-6.769],[134.154,-6.481],[134.195,-6.46],[134.111,-6.255],[134.168,-6.176],[134.318,-6.316],[134.537,-6.442]]],[[[138.535,-8.274],[137.983,-8.382],[137.688,-8.412],[137.685,-8.262],[138.008,-7.642],[138.185,-7.495],[138.544,-7.38],[138.802,-7.415],[138.963,-7.588],[138.893,-7.882],[138.612,-8.198],[138.535,-8.274]]],[[[140.973,-2.61],[140.973,-2.681],[140.974,-3.007],[140.974,-3.413],[140.974,-3.82],[140.974,-4.226],[140.974,-4.633],[140.975,-5.04],[140.975,-5.446],[140.975,-5.853],[140.975,-6.259],[140.944,-6.452],[140.862,-6.74],[140.975,-6.905],[140.975,-7.276],[140.975,-7.683],[140.976,-8.089],[140.976,-8.496],[140.976,-8.902],[140.976,-9.119],[140.787,-8.974],[140.581,-8.728],[140.102,-8.301],[139.983,-8.167],[140.037,-8.084],[140.034,-8.023],[139.791,-8.106],[139.519,-8.173],[139.319,-8.166],[139.258,-8.047],[139.193,-8.086],[138.933,-8.262],[138.865,-8.192],[138.885,-8.095],[138.936,-7.913],[139.046,-7.691],[139.088,-7.587],[138.983,-7.508],[138.886,-7.373],[138.794,-7.299],[138.798,-7.216],[138.919,-7.204],[139.062,-7.227],[139.113,-7.202],[138.846,-7.136],[138.601,-6.937],[138.684,-6.887],[138.808,-6.79],[138.698,-6.626],[138.522,-6.454],[138.368,-6.119],[138.314,-5.888],[138.283,-5.839],[138.244,-5.724],[138.252,-5.688],[138.127,-5.717],[138.066,-5.676],[138.076,-5.546],[137.985,-5.428],[137.887,-5.349],[137.795,-5.312],[137.307,-5.014],[137.238,-4.976],[137.144,-4.951],[137.03,-4.929],[136.917,-4.895],[136.619,-4.819],[136.211,-4.651],[135.98,-4.531],[135.45,-4.443],[135.273,-4.453],[134.754,-4.195],[134.687,-4.011],[134.887,-3.938],[134.708,-3.93],[134.547,-3.979],[134.391,-3.91],[134.202,-3.887],[134.147,-3.797],[134.037,-3.822],[133.933,-3.776],[133.861,-3.68],[133.723,-3.578],[133.683,-3.309],[133.782,-3.149],[133.767,-3.044],[133.672,-3.132],[133.653,-3.364],[133.518,-3.412],[133.509,-3.616],[133.407,-3.785],[133.401,-3.899],[133.198,-4.07],[132.969,-4.095],[132.87,-4.007],[132.791,-3.828],[132.87,-3.551],[132.751,-3.295],[132.348,-2.975],[132.102,-2.93],[132.006,-2.856],[132.067,-2.76],[132.323,-2.684],[132.653,-2.766],[132.897,-2.658],[133.119,-2.45],[133.265,-2.454],[133.527,-2.542],[133.652,-2.601],[133.711,-2.544],[133.835,-2.422],[133.905,-2.391],[133.791,-2.294],[133.902,-2.184],[133.922,-2.102],[133.488,-2.226],[133.225,-2.214],[132.863,-2.27],[132.503,-2.218],[132.308,-2.242],[132.122,-2.092],[132.023,-1.99],[131.936,-1.715],[131.83,-1.557],[131.294,-1.393],[131.179,-1.448],[131.057,-1.448],[131.001,-1.384],[131.091,-1.247],[131.191,-1.166],[131.259,-0.953],[131.257,-0.855],[131.462,-0.782],[131.891,-0.657],[132.046,-0.537],[132.128,-0.454],[132.508,-0.347],[132.856,-0.417],[133.268,-0.636],[133.724,-0.741],[133.975,-0.744],[134.112,-0.847],[134.072,-1.002],[134.188,-1.203],[134.26,-1.363],[134.217,-1.529],[134.106,-1.721],[134.145,-1.969],[134.156,-2.195],[134.362,-2.621],[134.491,-2.714],[134.518,-2.536],[134.627,-2.537],[134.649,-2.706],[134.77,-2.944],[134.855,-2.979],[134.887,-3.21],[135.037,-3.333],[135.252,-3.369],[135.487,-3.345],[135.628,-3.186],[135.926,-2.904],[136.013,-2.734],[136.27,-2.529],[136.352,-2.325],[136.612,-2.224],[137.072,-2.105],[137.176,-1.973],[137.123,-1.841],[137.381,-1.686],[137.806,-1.483],[138.008,-1.557],[138.65,-1.791],[138.811,-1.918],[139.039,-1.992],[139.253,-2.099],[139.79,-2.348],[140.155,-2.35],[140.251,-2.412],[140.623,-2.446],[140.721,-2.508],[140.973,-2.61]]],[[[138.895,-8.389],[138.594,-8.371],[138.563,-8.309],[138.677,-8.199],[138.796,-8.174],[138.895,-8.389]]],[[[101.708,2.078],[101.774,1.943],[101.719,1.789],[101.501,1.733],[101.403,1.901],[101.45,2.068],[101.641,2.127],[101.708,2.078]]],[[[102.427,0.99],[102.325,1.007],[102.255,1.147],[102.229,1.348],[102.276,1.395],[102.413,1.261],[102.449,1.156],[102.427,0.99]]],[[[102.492,1.459],[102.425,1.364],[102.274,1.453],[102.079,1.499],[102.018,1.586],[102.042,1.625],[102.492,1.459]]],[[[103.028,0.747],[102.971,0.737],[102.711,0.784],[102.49,0.857],[102.466,0.95],[102.507,1.089],[102.633,1.054],[102.78,0.959],[103.002,0.859],[103.028,0.747]]],[[[103.166,0.87],[103.087,0.848],[102.964,0.943],[102.788,1.031],[102.702,1.054],[102.79,1.165],[103.068,1.015],[103.166,0.87]]],[[[103.284,0.542],[103.172,0.536],[103.14,0.549],[103.153,0.643],[103.187,0.7],[103.238,0.699],[103.295,0.614],[103.284,0.542]]],[[[103.45,0.664],[103.344,0.778],[103.386,0.87],[103.47,0.778],[103.45,0.664]]],[[[104.025,1.181],[104.14,1.166],[104.127,1.092],[103.964,1.013],[103.932,1.071],[103.955,1.137],[104.025,1.181]]],[[[104.585,1.216],[104.648,1.105],[104.653,0.961],[104.575,0.832],[104.481,0.887],[104.481,0.933],[104.462,0.996],[104.294,1.016],[104.244,1.077],[104.362,1.181],[104.5,1.18],[104.585,1.216]]],[[[104.779,-0.176],[104.843,-0.141],[104.95,-0.247],[104.951,-0.284],[104.914,-0.323],[104.567,-0.246],[104.447,-0.189],[104.543,0.018],[104.658,-0.063],[104.713,-0.103],[104.779,-0.176]]],[[[104.474,-0.335],[104.59,-0.467],[104.507,-0.597],[104.414,-0.584],[104.33,-0.539],[104.302,-0.386],[104.341,-0.383],[104.474,-0.335]]],[[[103.737,-0.348],[103.461,-0.358],[103.549,-0.228],[103.724,-0.277],[103.737,-0.348]]],[[[109.71,-1.181],[109.464,-1.278],[109.45,-1.044],[109.615,-0.979],[109.743,-1.039],[109.751,-1.145],[109.71,-1.181]]],[[[113.845,-7.105],[113.656,-7.112],[113.471,-7.218],[113.166,-7.207],[113.127,-7.224],[112.764,-7.14],[112.769,-7.001],[113.067,-6.88],[114.074,-6.96],[113.885,-7.049],[113.845,-7.105]]],[[[134.965,-1.116],[134.862,-1.114],[134.828,-0.979],[134.941,-0.979],[134.996,-1.034],[134.965,-1.116]]],[[[127.25,-0.495],[127.119,-0.521],[127.126,-0.279],[127.29,-0.284],[127.281,-0.391],[127.25,-0.495]]],[[[127.567,-0.319],[127.605,-0.61],[127.804,-0.694],[127.863,-0.76],[127.842,-0.848],[127.668,-0.832],[127.624,-0.766],[127.463,-0.806],[127.469,-0.643],[127.3,-0.5],[127.329,-0.391],[127.371,-0.332],[127.492,-0.336],[127.567,-0.319]]],[[[132.926,-5.902],[132.922,-5.785],[133.009,-5.621],[133.138,-5.318],[133.12,-5.576],[132.926,-5.902]]],[[[132.807,-5.851],[132.705,-5.913],[132.667,-5.856],[132.63,-5.607],[132.717,-5.648],[132.804,-5.789],[132.807,-5.851]]],[[[128.276,-3.675],[128.192,-3.735],[128.159,-3.698],[128.111,-3.686],[127.978,-3.771],[127.925,-3.699],[128.016,-3.601],[128.264,-3.512],[128.314,-3.564],[128.277,-3.633],[128.276,-3.675]]],[[[126.817,4.033],[126.711,4.02],[126.77,4.162],[126.767,4.283],[126.721,4.416],[126.812,4.537],[126.887,4.373],[126.848,4.18],[126.817,4.033]]],[[[125.658,3.436],[125.512,3.461],[125.501,3.593],[125.455,3.684],[125.543,3.67],[125.644,3.477],[125.658,3.436]]],[[[130.862,-8.319],[130.833,-8.271],[131.087,-8.125],[131.044,-8.212],[130.862,-8.319]]],[[[129.839,-7.955],[129.713,-8.041],[129.599,-7.831],[129.655,-7.795],[129.844,-7.889],[129.839,-7.955]]],[[[127.823,-8.099],[127.998,-8.139],[128.099,-8.135],[128.119,-8.171],[128.024,-8.255],[127.821,-8.19],[127.786,-8.12],[127.823,-8.099]]],[[[130.353,-1.691],[130.425,-1.805],[130.381,-1.903],[130.419,-1.971],[130.339,-1.982],[130.248,-2.048],[130.093,-2.028],[129.754,-1.894],[129.994,-1.759],[130.2,-1.732],[130.353,-1.691]]],[[[102.367,-5.479],[102.136,-5.361],[102.154,-5.286],[102.372,-5.366],[102.367,-5.479]]],[[[100.425,-3.183],[100.346,-3.229],[100.332,-3.113],[100.204,-2.987],[100.199,-2.786],[100.455,-3.002],[100.464,-3.117],[100.425,-3.183]]],[[[100.204,-2.741],[100.015,-2.82],[99.997,-2.649],[99.969,-2.594],[100.012,-2.51],[100.204,-2.741]]],[[[99.843,-2.343],[99.685,-2.282],[99.537,-2.162],[99.562,-2.051],[99.622,-2.017],[99.735,-2.178],[99.843,-2.343]]],[[[98.459,-0.53],[98.31,-0.532],[98.355,-0.379],[98.427,-0.226],[98.375,0.007],[98.484,-0.168],[98.52,-0.38],[98.459,-0.53]]],[[[96.464,2.36],[96.341,2.372],[96.022,2.596],[95.88,2.641],[95.733,2.767],[95.772,2.855],[95.896,2.889],[96.102,2.741],[96.18,2.661],[96.443,2.466],[96.464,2.36]]],[[[122.043,-5.438],[121.859,-5.35],[121.821,-5.203],[121.874,-5.145],[121.914,-5.072],[122.0,-5.141],[122.062,-5.221],[122.043,-5.438]]],[[[123.212,-1.171],[123.198,-1.288],[123.339,-1.254],[123.489,-1.259],[123.547,-1.337],[123.449,-1.499],[123.329,-1.443],[123.237,-1.577],[123.173,-1.616],[123.123,-1.556],[123.15,-1.304],[122.984,-1.511],[122.858,-1.548],[122.832,-1.283],[122.972,-1.189],[123.212,-1.171]]],[[[121.864,-0.407],[121.881,-0.503],[121.756,-0.491],[121.681,-0.525],[121.672,-0.479],[121.797,-0.418],[121.864,-0.407]]],[[[120.528,-6.298],[120.468,-6.406],[120.436,-6.18],[120.446,-5.876],[120.534,-5.904],[120.528,-6.298]]],[[[115.377,-6.971],[115.22,-6.953],[115.241,-6.861],[115.414,-6.84],[115.524,-6.902],[115.424,-6.941],[115.377,-6.971]]],[[[116.303,-3.868],[116.059,-4.007],[116.018,-3.7],[116.064,-3.458],[116.239,-3.26],[116.262,-3.395],[116.295,-3.495],[116.305,-3.719],[116.289,-3.821],[116.303,-3.868]]],[[[122.949,-10.909],[122.826,-10.899],[122.846,-10.762],[123.146,-10.64],[123.34,-10.486],[123.371,-10.475],[123.413,-10.623],[123.311,-10.698],[123.005,-10.876],[122.949,-10.909]]],[[[124.287,-8.329],[124.184,-8.499],[124.066,-8.552],[123.928,-8.449],[124.014,-8.319],[124.096,-8.356],[124.24,-8.203],[124.287,-8.209],[124.287,-8.329]]],[[[123.925,-8.272],[123.698,-8.424],[123.592,-8.478],[123.588,-8.524],[123.553,-8.567],[123.434,-8.576],[123.33,-8.536],[123.23,-8.531],[123.455,-8.354],[123.425,-8.313],[123.391,-8.28],[123.53,-8.265],[123.601,-8.291],[123.846,-8.213],[123.925,-8.272]]],[[[123.317,-8.355],[123.025,-8.396],[123.108,-8.275],[123.217,-8.235],[123.317,-8.355]]],[[[134.716,-6.549],[134.661,-6.559],[134.634,-6.477],[134.679,-6.456],[134.729,-6.506],[134.716,-6.549]]],[[[103.424,1.048],[103.43,0.993],[103.363,1.007],[103.315,1.071],[103.355,1.117],[103.38,1.134],[103.405,1.073],[103.424,1.048]]],[[[103.829,0.801],[103.834,0.772],[103.742,0.83],[103.74,0.872],[103.752,0.891],[103.807,0.846],[103.829,0.801]]],[[[104.239,0.834],[104.098,0.896],[104.108,0.934],[104.171,0.897],[104.239,0.834]]],[[[104.689,0.06],[104.651,0.063],[104.604,0.095],[104.544,0.223],[104.689,0.06]]],[[[106.285,3.157],[106.284,3.088],[106.215,3.129],[106.201,3.205],[106.224,3.23],[106.271,3.216],[106.285,3.157]]],[[[105.76,2.863],[105.706,2.889],[105.704,2.981],[105.692,3.062],[105.76,3.013],[105.822,2.984],[105.809,2.904],[105.76,2.863]]],[[[108.888,2.905],[108.839,2.853],[108.787,2.886],[108.867,2.992],[108.886,2.999],[108.888,2.905]]],[[[108.953,-1.62],[108.838,-1.662],[108.804,-1.568],[108.877,-1.54],[108.957,-1.564],[108.953,-1.62]]],[[[107.473,-2.9],[107.433,-2.925],[107.409,-2.901],[107.402,-2.873],[107.419,-2.838],[107.474,-2.835],[107.5,-2.845],[107.473,-2.9]]],[[[106.886,-3.005],[106.814,-3.014],[106.749,-2.96],[106.797,-2.899],[106.886,-3.005]]],[[[114.413,-7.133],[114.398,-7.173],[114.347,-7.163],[114.299,-7.098],[114.322,-7.08],[114.349,-7.073],[114.384,-7.081],[114.413,-7.133]]],[[[112.719,-5.811],[112.698,-5.846],[112.602,-5.844],[112.586,-5.804],[112.649,-5.731],[112.69,-5.726],[112.727,-5.753],[112.719,-5.811]]],[[[105.253,-6.64],[105.143,-6.643],[105.192,-6.546],[105.261,-6.524],[105.253,-6.64]]],[[[97.334,2.076],[97.225,2.158],[97.157,2.232],[97.291,2.201],[97.334,2.076]]],[[[95.362,5.812],[95.283,5.799],[95.242,5.907],[95.359,5.877],[95.362,5.812]]],[[[123.598,-1.704],[123.483,-1.681],[123.529,-1.503],[123.561,-1.552],[123.616,-1.627],[123.598,-1.704]]],[[[123.242,-4.113],[123.076,-4.227],[122.971,-4.061],[123.025,-3.981],[123.247,-4.041],[123.242,-4.113]]],[[[123.848,-1.955],[123.866,-1.996],[123.804,-1.994],[123.777,-1.919],[123.783,-1.878],[123.848,-1.955]]],[[[123.153,-1.817],[123.079,-1.899],[123.071,-1.855],[123.086,-1.815],[123.106,-1.787],[123.138,-1.773],[123.153,-1.817]]],[[[119.464,-8.741],[119.386,-8.736],[119.379,-8.587],[119.43,-8.455],[119.471,-8.456],[119.502,-8.481],[119.557,-8.519],[119.536,-8.589],[119.444,-8.672],[119.464,-8.741]]],[[[119.074,-8.239],[119.021,-8.2],[119.079,-8.14],[119.128,-8.177],[119.107,-8.223],[119.074,-8.239]]],[[[115.61,-8.77],[115.582,-8.804],[115.501,-8.743],[115.48,-8.715],[115.541,-8.675],[115.561,-8.67],[115.613,-8.713],[115.61,-8.77]]],[[[117.649,4.169],[117.745,4.167],[117.885,4.186],[117.918,4.091],[117.923,4.054],[117.737,4.004],[117.625,4.121],[117.649,4.169]]],[[[117.658,3.281],[117.646,3.248],[117.56,3.328],[117.537,3.386],[117.548,3.432],[117.637,3.436],[117.681,3.408],[117.658,3.281]]],[[[124.051,-5.974],[124.042,-6.022],[124.006,-5.967],[123.972,-5.939],[123.976,-5.88],[124.023,-5.902],[124.051,-5.974]]],[[[123.627,-5.272],[123.623,-5.373],[123.583,-5.367],[123.55,-5.332],[123.541,-5.298],[123.543,-5.271],[123.561,-5.25],[123.627,-5.272]]],[[[120.774,-7.119],[120.672,-7.125],[120.641,-7.116],[120.633,-7.018],[120.746,-7.06],[120.782,-7.063],[120.774,-7.119]]],[[[117.556,-8.367],[117.49,-8.349],[117.482,-8.239],[117.546,-8.152],[117.669,-8.189],[117.556,-8.367]]],[[[116.424,-3.464],[116.388,-3.637],[116.327,-3.539],[116.395,-3.423],[116.427,-3.4],[116.424,-3.464]]],[[[127.373,0.791],[127.338,0.758],[127.306,0.769],[127.286,0.812],[127.293,0.842],[127.32,0.862],[127.354,0.847],[127.373,0.791]]],[[[134.374,-2.124],[134.345,-2.139],[134.335,-2.095],[134.351,-2.037],[134.37,-2.028],[134.391,-2.031],[134.419,-2.052],[134.374,-2.124]]],[[[133.571,-4.246],[133.622,-4.299],[133.503,-4.257],[133.333,-4.17],[133.321,-4.111],[133.464,-4.2],[133.571,-4.246]]],[[[130.905,-0.777],[130.832,-0.863],[130.439,-0.887],[130.484,-0.833],[130.548,-0.826],[130.594,-0.827],[130.723,-0.822],[130.807,-0.765],[130.905,-0.777]]],[[[130.627,-0.529],[130.465,-0.487],[130.564,-0.441],[130.616,-0.417],[130.684,-0.469],[130.627,-0.529]]],[[[129.549,-0.187],[129.506,-0.19],[129.469,-0.131],[129.37,-0.066],[129.309,0.045],[129.542,-0.139],[129.549,-0.187]]],[[[127.453,-0.006],[127.449,-0.037],[127.418,0.006],[127.397,0.017],[127.42,0.124],[127.431,0.143],[127.449,0.069],[127.453,-0.006]]],[[[127.42,0.642],[127.374,0.635],[127.383,0.744],[127.443,0.733],[127.42,0.642]]],[[[127.3,-0.781],[127.289,-0.802],[127.185,-0.775],[127.156,-0.761],[127.209,-0.619],[127.258,-0.623],[127.301,-0.758],[127.3,-0.781]]],[[[128.722,-3.547],[128.713,-3.603],[128.62,-3.589],[128.595,-3.495],[128.694,-3.525],[128.722,-3.547]]],[[[128.563,-3.585],[128.392,-3.638],[128.428,-3.54],[128.452,-3.515],[128.536,-3.541],[128.563,-3.585]]],[[[126.719,3.875],[126.722,3.833],[126.661,3.928],[126.638,4.042],[126.686,4.001],[126.74,3.918],[126.719,3.875]]],[[[126.852,3.768],[126.8,3.784],[126.779,3.843],[126.857,3.812],[126.852,3.768]]],[[[125.407,2.652],[125.397,2.63],[125.36,2.747],[125.391,2.805],[125.435,2.784],[125.446,2.763],[125.404,2.707],[125.407,2.652]]],[[[131.982,-7.202],[131.927,-7.225],[131.823,-7.159],[131.751,-7.117],[131.982,-7.202]]],[[[128.67,-7.183],[128.55,-7.156],[128.577,-7.083],[128.658,-7.091],[128.667,-7.138],[128.67,-7.183]]],[[[127.419,-7.623],[127.355,-7.646],[127.375,-7.572],[127.371,-7.513],[127.475,-7.531],[127.474,-7.579],[127.464,-7.597],[127.419,-7.623]]],[[[123.416,-10.303],[123.326,-10.264],[123.459,-10.14],[123.497,-10.194],[123.416,-10.303]]],[[[121.883,-10.59],[121.726,-10.573],[121.796,-10.507],[121.95,-10.433],[121.981,-10.528],[121.883,-10.59]]],[[[134.82,-6.434],[134.795,-6.442],[134.795,-6.393],[134.823,-6.35],[134.852,-6.325],[134.886,-6.324],[134.82,-6.434]]],[[[134.674,-6.75],[134.631,-6.733],[134.663,-6.658],[134.736,-6.623],[134.674,-6.75]]],[[[127.988,-2.937],[127.938,-3.02],[127.85,-3.016],[127.834,-3.004],[127.938,-2.952],[127.988,-2.937]]],[[[127.606,-3.315],[127.629,-3.359],[127.531,-3.331],[127.488,-3.288],[127.53,-3.262],[127.554,-3.254],[127.606,-3.315]]],[[[122.977,-8.545],[122.888,-8.587],[122.933,-8.497],[123.089,-8.44],[123.153,-8.476],[122.977,-8.545]]]]}},{"type":"Feature","properties":{"iso_a2":"IN"},"geometry":{"type":"MultiPolygon","coordinates":[[[[68.165,23.857],[68.283,23.928],[68.489,23.967],[68.724,23.965],[68.74,24.292],[68.781,24.314],[68.828,24.264],[68.901,24.292],[69.052,24.286],[69.235,24.268],[69.559,24.273],[69.716,24.173],[69.934,24.171],[70.065,24.241],[70.289,24.356],[70.547,24.418],[70.556,24.331],[70.659,24.246],[70.767,24.245],[70.886,24.344],[70.983,24.361],[71.045,24.43],[70.973,24.487],[70.97,24.572],[71.002,24.654],[71.021,24.758],[70.878,25.063],[70.703,25.331],[70.657,25.626],[70.615,25.692],[70.506,25.685],[70.325,25.686],[70.1,25.91],[70.078,26.072],[70.149,26.348],[70.148,26.506],[70.059,26.579],[69.736,26.627],[69.507,26.743],[69.47,26.804],[69.537,27.123],[69.622,27.228],[69.725,27.313],[70.05,27.695],[70.194,27.895],[70.318,27.982],[70.489,28.023],[70.629,27.937],[70.692,27.769],[70.798,27.71],[71.185,27.832],[71.543,27.87],[71.87,27.962],[71.948,28.177],[72.179,28.422],[72.292,28.697],[72.626,28.896],[72.949,29.089],[73.231,29.551],[73.317,29.773],[73.467,29.972],[73.809,30.093],[73.933,30.222],[73.883,30.352],[73.899,30.435],[74.216,30.769],[74.38,30.893],[74.633,31.035],[74.61,31.113],[74.518,31.186],[74.594,31.465],[74.51,31.713],[74.556,31.819],[74.739,31.949],[75.139,32.105],[75.325,32.215],[75.303,32.319],[75.104,32.42],[74.789,32.458],[74.658,32.519],[74.663,32.758],[74.588,32.753],[74.355,32.769],[74.33,32.861],[74.304,32.992],[74.222,33.02],[74.049,33.143],[73.99,33.221],[74.05,33.301],[74.143,33.455],[74.131,33.545],[74.004,33.632],[73.976,33.721],[74.078,33.839],[74.251,33.946],[74.209,34.003],[73.95,34.019],[73.904,34.076],[73.938,34.145],[73.972,34.237],[73.81,34.325],[73.812,34.422],[73.883,34.529],[74.056,34.681],[74.3,34.765],[74.594,34.716],[74.952,34.646],[75.188,34.639],[75.453,34.537],[75.709,34.503],[75.938,34.613],[76.172,34.668],[76.51,34.741],[76.696,34.787],[76.758,34.878],[76.892,34.939],[77.031,35.062],[77.169,35.172],[77.423,35.303],[77.697,35.443],[77.803,35.493],[77.852,35.461],[77.946,35.472],[78.043,35.48],[78.009,35.307],[78.076,35.135],[78.236,34.77],[78.327,34.606],[78.671,34.518],[78.865,34.39],[78.97,34.303],[78.971,34.228],[78.753,34.088],[78.727,34.013],[78.784,33.809],[78.802,33.5],[78.917,33.387],[79.013,33.291],[79.112,33.226],[79.122,33.108],[79.109,33.023],[79.202,32.946],[79.206,32.809],[79.234,32.703],[79.219,32.508],[79.17,32.497],[79.067,32.388],[78.919,32.358],[78.771,32.468],[78.737,32.558],[78.632,32.579],[78.412,32.558],[78.39,32.52],[78.441,32.397],[78.486,32.236],[78.678,32.023],[78.735,31.958],[78.687,31.806],[78.754,31.668],[78.755,31.55],[78.759,31.437],[78.758,31.302],[78.845,31.302],[78.946,31.337],[79.011,31.414],[79.107,31.403],[79.339,31.106],[79.388,31.064],[79.565,30.949],[79.795,30.968],[79.917,30.894],[79.925,30.889],[80.149,30.79],[80.207,30.684],[80.191,30.568],[80.41,30.509],[80.609,30.449],[80.747,30.36],[80.985,30.237],[80.966,30.18],[80.848,30.14],[80.684,29.994],[80.549,29.9],[80.317,29.572],[80.256,29.318],[80.17,29.124],[80.085,28.994],[80.071,28.83],[80.227,28.723],[80.419,28.612],[80.496,28.636],[80.587,28.65],[80.726,28.554],[80.896,28.469],[81.169,28.335],[81.239,28.241],[81.486,28.062],[81.757,27.914],[81.897,27.874],[81.988,27.914],[82.112,27.865],[82.451,27.672],[82.677,27.673],[82.733,27.519],[83.064,27.445],[83.29,27.371],[83.384,27.445],[83.552,27.456],[83.829,27.378],[84.025,27.462],[84.23,27.428],[84.61,27.299],[84.655,27.204],[84.685,27.041],[85.02,26.879],[85.125,26.861],[85.174,26.782],[85.24,26.75],[85.456,26.797],[85.648,26.829],[85.707,26.713],[85.795,26.604],[86.007,26.649],[86.242,26.598],[86.414,26.556],[86.701,26.435],[87.016,26.555],[87.09,26.433],[87.287,26.36],[87.513,26.405],[87.749,26.429],[87.995,26.382],[88.055,26.43],[88.162,26.725],[88.111,26.928],[87.984,27.134],[88.068,27.567],[88.147,27.749],[88.15,27.843],[88.099,27.905],[88.141,27.949],[88.426,28.012],[88.532,28.057],[88.621,28.092],[88.804,28.007],[88.849,27.869],[88.749,27.522],[88.833,27.363],[88.882,27.297],[88.739,27.176],[88.814,27.099],[88.858,26.961],[89.041,26.865],[89.332,26.849],[89.475,26.803],[89.586,26.779],[89.606,26.741],[89.711,26.714],[89.943,26.724],[90.206,26.848],[90.346,26.89],[90.56,26.797],[90.74,26.772],[91.134,26.803],[91.427,26.867],[91.518,26.807],[91.754,26.831],[91.899,26.86],[91.998,26.855],[92.073,26.915],[92.031,27.041],[91.992,27.1],[92.031,27.214],[92.045,27.365],[91.951,27.458],[91.743,27.443],[91.595,27.558],[91.598,27.677],[91.632,27.76],[91.825,27.746],[91.978,27.73],[92.158,27.812],[92.25,27.842],[92.341,27.821],[92.481,27.846],[92.664,27.949],[92.688,28.026],[92.643,28.062],[92.702,28.147],[93.035,28.328],[93.158,28.493],[93.252,28.629],[93.665,28.69],[93.902,28.803],[94.013,28.908],[94.112,28.976],[94.293,29.145],[94.623,29.312],[94.733,29.252],[94.769,29.176],[94.999,29.149],[95.279,29.05],[95.389,29.037],[95.457,29.102],[95.517,29.151],[95.71,29.314],[96.035,29.447],[96.129,29.381],[96.235,29.246],[96.356,29.249],[96.271,29.161],[96.122,29.082],[96.137,28.923],[96.347,29.027],[96.467,29.022],[96.55,28.83],[96.396,28.607],[96.33,28.497],[96.279,28.428],[96.32,28.387],[96.389,28.368],[96.603,28.46],[96.776,28.367],[96.981,28.338],[97.145,28.34],[97.322,28.218],[97.303,28.086],[97.344,27.982],[97.306,27.907],[97.158,27.837],[96.963,27.698],[96.877,27.587],[96.902,27.44],[97.102,27.115],[96.953,27.133],[96.798,27.296],[96.666,27.339],[96.191,27.261],[95.971,27.128],[95.837,27.014],[95.464,26.756],[95.201,26.641],[95.089,26.525],[95.051,26.347],[95.108,26.091],[95.132,26.041],[95.041,25.941],[94.992,25.77],[94.861,25.597],[94.668,25.459],[94.58,25.32],[94.553,25.216],[94.616,25.165],[94.704,25.098],[94.663,24.931],[94.493,24.638],[94.377,24.474],[94.22,24.113],[94.128,23.876],[94.011,23.903],[93.756,23.977],[93.633,24.005],[93.494,23.973],[93.356,24.074],[93.307,24.022],[93.415,23.682],[93.391,23.339],[93.349,23.085],[93.254,23.015],[93.164,23.032],[93.162,22.908],[93.079,22.718],[93.105,22.547],[93.162,22.292],[93.121,22.205],[93.043,22.184],[92.965,22.004],[92.854,22.01],[92.721,22.132],[92.675,22.106],[92.63,22.011],[92.561,22.048],[92.51,22.526],[92.464,22.734],[92.393,22.897],[92.341,23.07],[92.334,23.324],[92.246,23.684],[92.152,23.722],[92.044,23.678],[91.93,23.686],[91.938,23.505],[91.79,23.361],[91.758,23.21],[91.751,23.054],[91.62,22.98],[91.511,23.034],[91.436,23.2],[91.371,23.198],[91.369,23.075],[91.339,23.077],[91.254,23.374],[91.16,23.661],[91.232,23.92],[91.35,24.06],[91.393,24.1],[91.571,24.107],[91.669,24.19],[91.772,24.211],[91.877,24.195],[91.931,24.326],[92.001,24.371],[92.085,24.386],[92.117,24.494],[92.227,24.771],[92.228,24.881],[92.385,24.849],[92.475,24.869],[92.468,24.944],[92.205,25.111],[91.763,25.161],[91.397,25.152],[91.038,25.174],[90.613,25.168],[90.439,25.158],[90.12,25.22],[89.866,25.293],[89.814,25.305],[89.796,25.376],[89.8,25.84],[89.71,26.171],[89.619,26.216],[89.573,26.132],[89.55,26.005],[89.37,26.006],[89.186,26.106],[89.102,26.308],[89.019,26.41],[88.952,26.412],[88.948,26.338],[88.97,26.251],[88.896,26.26],[88.762,26.279],[88.683,26.292],[88.62,26.431],[88.418,26.572],[88.346,26.505],[88.386,26.472],[88.448,26.401],[88.378,26.312],[88.235,26.178],[88.129,26.018],[88.085,25.888],[88.147,25.811],[88.363,25.698],[88.502,25.537],[88.769,25.49],[88.82,25.366],[88.944,25.291],[88.93,25.223],[88.817,25.176],[88.678,25.18],[88.456,25.188],[88.313,24.882],[88.189,24.921],[88.045,24.713],[88.023,24.628],[88.146,24.486],[88.287,24.48],[88.397,24.389],[88.642,24.326],[88.734,24.231],[88.714,24.07],[88.623,23.826],[88.596,23.602],[88.636,23.55],[88.741,23.437],[88.724,23.255],[88.897,23.21],[88.851,23.041],[88.9,22.844],[88.927,22.671],[88.971,22.511],[89.056,22.186],[89.028,21.937],[89.02,21.834],[89.052,21.654],[88.907,21.653],[88.834,21.661],[88.713,21.622],[88.691,21.733],[88.73,22.036],[88.66,22.067],[88.567,21.832],[88.585,21.66],[88.305,21.723],[88.279,21.697],[88.122,21.636],[88.099,21.794],[88.196,22.14],[87.994,22.266],[87.962,22.255],[88.083,22.183],[88.104,22.047],[87.948,21.825],[87.678,21.654],[87.101,21.501],[86.86,21.237],[86.896,20.966],[86.975,20.7],[86.836,20.534],[86.769,20.356],[86.499,20.172],[86.377,20.007],[86.245,20.053],[86.303,19.945],[86.216,19.896],[85.575,19.693],[85.511,19.727],[85.555,19.867],[85.46,19.896],[85.163,19.621],[85.229,19.601],[85.437,19.657],[85.226,19.508],[84.75,19.05],[84.609,18.884],[84.182,18.401],[83.654,18.07],[83.388,17.787],[82.977,17.462],[82.36,17.096],[82.282,16.936],[82.35,16.825],[82.339,16.707],[82.259,16.56],[81.762,16.329],[81.402,16.365],[81.239,16.264],[81.03,15.881],[80.979,15.758],[80.865,15.782],[80.782,15.867],[80.647,15.895],[80.293,15.711],[80.053,15.074],[80.165,14.578],[80.17,14.349],[80.112,14.212],[80.224,13.858],[80.246,13.686],[80.266,13.521],[80.156,13.714],[80.114,13.529],[80.342,13.361],[80.143,12.452],[79.982,12.235],[79.771,11.69],[79.793,11.447],[79.693,11.313],[79.835,11.269],[79.85,10.769],[79.757,10.304],[79.589,10.312],[79.391,10.306],[79.254,10.175],[78.996,9.683],[78.919,9.453],[79.02,9.333],[79.275,9.285],[79.411,9.192],[78.98,9.269],[78.275,8.99],[78.136,8.663],[78.06,8.385],[77.587,8.13],[77.301,8.145],[76.967,8.407],[76.553,8.903],[76.472,9.161],[76.419,9.208],[76.325,9.452],[76.242,9.927],[76.343,9.827],[76.376,9.54],[76.459,9.536],[76.249,10.018],[76.196,10.086],[76.201,10.201],[76.096,10.402],[75.845,11.058],[75.646,11.468],[75.423,11.812],[75.23,12.023],[74.946,12.565],[74.803,12.977],[74.682,13.507],[74.671,13.668],[74.499,14.046],[74.467,14.217],[74.382,14.495],[74.28,14.65],[74.089,14.902],[73.949,15.075],[73.801,15.397],[73.852,15.482],[73.772,15.573],[73.733,15.657],[73.608,15.871],[73.454,16.152],[73.239,17.199],[73.156,17.622],[72.994,18.098],[72.943,18.366],[72.875,18.643],[72.899,18.779],[73.006,19.021],[72.901,19.015],[72.803,19.079],[72.795,19.252],[72.987,19.277],[72.764,19.413],[72.799,19.52],[72.697,19.757],[72.668,19.831],[72.881,20.563],[72.879,20.829],[72.824,21.084],[72.752,21.129],[72.624,21.372],[72.735,21.471],[72.613,21.462],[72.811,21.62],[73.112,21.75],[72.84,21.687],[72.592,21.878],[72.7,21.972],[72.522,21.976],[72.628,22.2],[72.809,22.233],[72.59,22.278],[72.333,22.27],[72.243,22.245],[72.274,22.09],[72.162,21.985],[72.076,21.863],[72.103,21.795],[72.21,21.728],[72.254,21.531],[72.015,21.156],[71.396,20.87],[70.88,20.715],[70.485,20.84],[70.034,21.179],[69.542,21.679],[69.192,21.992],[68.97,22.29],[69.052,22.437],[69.194,22.336],[69.277,22.285],[69.655,22.404],[69.819,22.452],[70.084,22.554],[70.328,22.816],[70.513,23.002],[70.489,23.09],[70.396,23.03],[70.339,22.94],[70.192,22.966],[69.85,22.856],[69.665,22.759],[68.817,23.054],[68.529,23.364],[68.454,23.629],[68.777,23.852],[68.497,23.748],[68.343,23.617],[68.192,23.729],[68.165,23.857]]],[[[93.89,6.831],[93.709,7.001],[93.656,7.136],[93.822,7.237],[93.93,6.973],[93.89,6.831]]],[[[93.734,7.356],[93.638,7.262],[93.597,7.319],[93.614,7.358],[93.655,7.38],[93.692,7.411],[93.734,7.356]]],[[[93.141,8.25],[93.171,8.212],[93.115,8.219],[93.064,8.275],[93.078,8.328],[93.097,8.349],[93.141,8.25]]],[[[93.443,7.878],[93.342,7.919],[93.334,8.007],[93.434,7.948],[93.443,7.878]]],[[[93.537,8.057],[93.478,8.024],[93.47,8.073],[93.456,8.172],[93.532,8.214],[93.537,8.057]]],[[[92.787,9.137],[92.717,9.165],[92.739,9.231],[92.786,9.241],[92.787,9.137]]],[[[92.503,10.555],[92.37,10.547],[92.353,10.751],[92.448,10.866],[92.554,10.8],[92.503,10.555]]],[[[92.693,11.381],[92.645,11.361],[92.596,11.386],[92.634,11.427],[92.64,11.509],[92.69,11.463],[92.687,11.411],[92.693,11.381]]],[[[92.723,11.536],[92.668,11.539],[92.56,11.833],[92.567,11.931],[92.632,12.014],[92.676,12.192],[92.769,12.216],[92.778,12.303],[92.719,12.357],[92.732,12.616],[92.74,12.78],[92.807,12.879],[92.809,13.04],[92.857,13.358],[93.029,13.544],[93.067,13.436],[93.016,13.336],[93.066,13.222],[93.005,13.089],[92.91,12.975],[92.965,12.85],[92.933,12.453],[92.879,12.228],[92.799,12.079],[92.748,11.993],[92.797,11.918],[92.767,11.765],[92.723,11.536]]],[[[93.017,12.037],[93.062,11.899],[92.982,11.959],[92.955,12.002],[92.996,12.032],[93.017,12.037]]],[[[92.718,12.865],[92.686,12.8],[92.68,12.939],[92.694,12.957],[92.711,12.962],[92.731,12.949],[92.718,12.865]]],[[[72.78,11.202],[72.772,11.214],[72.793,11.263],[72.793,11.242],[72.78,11.202]]],[[[73.067,8.269],[73.039,8.252],[73.023,8.266],[73.039,8.265],[73.075,8.306],[73.084,8.311],[73.067,8.269]]]]}},{"type":"Feature","properties":{"iso_a2":"HU"},"geometry":{"type":"Polygon","coordinates":[[[22.132,48.405],[22.231,48.412],[22.269,48.361],[22.295,48.327],[22.35,48.256],[22.52,48.205],[22.676,48.104],[22.702,48.107],[22.782,48.095],[22.857,48.03],[22.856,47.96],[22.852,47.923],[22.608,47.766],[22.491,47.773],[22.351,47.736],[22.245,47.696],[22.112,47.572],[22.0,47.505],[21.954,47.364],[21.869,47.305],[21.722,47.085],[21.651,47.007],[21.584,46.878],[21.477,46.753],[21.411,46.648],[21.32,46.608],[21.252,46.486],[21.265,46.412],[21.17,46.353],[21.122,46.282],[20.837,46.26],[20.737,46.217],[20.707,46.173],[20.614,46.133],[20.281,46.133],[20.21,46.126],[19.934,46.161],[19.725,46.152],[19.531,46.155],[19.421,46.064],[19.33,46.029],[19.208,45.984],[19.087,46.016],[19.048,45.983],[18.928,45.931],[18.9,45.932],[18.722,45.899],[18.565,45.813],[18.437,45.767],[18.291,45.764],[17.964,45.77],[17.706,45.827],[17.607,45.914],[17.406,45.951],[17.242,46.077],[17.033,46.187],[16.871,46.339],[16.57,46.485],[16.506,46.522],[16.381,46.639],[16.367,46.705],[16.318,46.783],[16.284,46.857],[16.253,46.972],[16.424,46.997],[16.461,47.022],[16.485,47.091],[16.483,47.14],[16.417,47.223],[16.463,47.273],[16.443,47.4],[16.574,47.425],[16.637,47.477],[16.64,47.609],[16.421,47.674],[16.521,47.724],[16.591,47.751],[16.748,47.686],[16.823,47.694],[16.973,47.695],[17.046,47.764],[17.03,47.837],[17.078,47.901],[17.147,48.006],[17.277,48.004],[17.317,47.991],[17.635,47.81],[17.948,47.767],[18.476,47.777],[18.741,47.806],[18.748,47.893],[18.792,48.0],[19.265,48.073],[19.497,48.162],[19.625,48.223],[19.81,48.155],[19.95,48.147],[20.334,48.296],[20.49,48.527],[20.867,48.546],[21.067,48.506],[21.382,48.553],[21.505,48.522],[21.603,48.464],[21.649,48.401],[21.721,48.347],[22.111,48.393],[22.132,48.405]]]}},{"type":"Feature","properties":{"iso_a2":"GR"},"geometry":{"type":"MultiPolygon","coordinates":[[[[27.86,36.554],[27.788,36.584],[27.837,36.635],[27.87,36.623],[27.86,36.554]]],[[[20.612,38.383],[20.695,38.246],[20.781,38.089],[20.606,38.12],[20.524,38.107],[20.499,38.184],[20.452,38.234],[20.353,38.18],[20.409,38.337],[20.481,38.318],[20.548,38.395],[20.563,38.475],[20.612,38.383]]],[[[20.888,37.805],[20.909,37.732],[20.704,37.743],[20.62,37.855],[20.759,37.853],[20.888,37.805]]],[[[20.687,38.609],[20.614,38.606],[20.555,38.583],[20.592,38.76],[20.694,38.844],[20.715,38.638],[20.687,38.609]]],[[[20.759,38.329],[20.646,38.414],[20.65,38.484],[20.701,38.451],[20.712,38.399],[20.759,38.329]]],[[[20.078,39.433],[19.975,39.411],[19.809,39.585],[19.646,39.767],[19.839,39.82],[19.926,39.774],[19.862,39.693],[19.904,39.619],[19.927,39.506],[20.028,39.442],[20.078,39.433]]],[[[23.415,38.959],[23.525,38.813],[23.688,38.765],[24.099,38.671],[24.155,38.588],[24.211,38.504],[24.22,38.339],[24.36,38.163],[24.563,38.148],[24.579,38.02],[24.502,37.97],[24.446,38.005],[24.359,38.019],[24.212,38.118],[24.189,38.204],[24.103,38.317],[24.042,38.374],[23.886,38.401],[23.651,38.443],[23.553,38.582],[23.465,38.656],[23.252,38.801],[23.029,38.873],[22.881,38.848],[22.986,38.916],[23.258,39.031],[23.415,38.959]]],[[[23.78,39.114],[23.735,39.081],[23.666,39.095],[23.594,39.209],[23.78,39.114]]],[[[23.888,39.158],[23.841,39.147],[23.888,39.226],[23.971,39.268],[23.94,39.201],[23.888,39.158]]],[[[24.675,38.809],[24.541,38.789],[24.566,38.832],[24.473,38.962],[24.564,38.942],[24.675,38.809]]],[[[24.774,40.615],[24.516,40.647],[24.586,40.769],[24.719,40.786],[24.786,40.704],[24.774,40.615]]],[[[23.551,37.926],[23.467,37.902],[23.419,37.931],[23.462,37.98],[23.516,37.986],[23.551,37.926]]],[[[23.054,36.19],[22.939,36.176],[22.906,36.32],[22.95,36.384],[23.097,36.247],[23.054,36.19]]],[[[27.176,35.465],[27.099,35.456],[27.071,35.598],[27.158,35.789],[27.207,35.714],[27.209,35.559],[27.176,35.465]]],[[[27.02,36.959],[26.938,37.025],[26.967,37.052],[27.04,37.002],[27.02,36.959]]],[[[26.95,36.727],[26.956,36.774],[27.215,36.899],[27.352,36.869],[27.151,36.778],[26.95,36.727]]],[[[25.546,36.968],[25.396,36.984],[25.525,37.196],[25.588,37.153],[25.546,36.968]]],[[[25.279,37.068],[25.133,37.0],[25.146,37.107],[25.275,37.138],[25.279,37.068]]],[[[25.482,36.393],[25.371,36.359],[25.413,36.405],[25.397,36.465],[25.467,36.435],[25.482,36.393]]],[[[25.382,36.674],[25.364,36.658],[25.289,36.722],[25.26,36.758],[25.296,36.789],[25.407,36.717],[25.382,36.674]]],[[[26.824,37.811],[26.982,37.782],[27.055,37.709],[26.845,37.645],[26.721,37.705],[26.581,37.724],[26.743,37.81],[26.824,37.811]]],[[[26.029,37.529],[25.997,37.566],[26.212,37.638],[26.351,37.674],[26.205,37.569],[26.029,37.529]]],[[[25.859,36.79],[25.743,36.79],[25.834,36.825],[25.942,36.887],[26.064,36.903],[25.859,36.79]]],[[[26.461,36.585],[26.331,36.511],[26.27,36.595],[26.384,36.608],[26.421,36.624],[26.461,36.585]]],[[[24.356,37.577],[24.289,37.528],[24.277,37.601],[24.32,37.678],[24.379,37.683],[24.401,37.649],[24.356,37.577]]],[[[24.436,37.344],[24.398,37.383],[24.395,37.45],[24.449,37.45],[24.436,37.344]]],[[[24.536,36.764],[24.531,36.684],[24.345,36.723],[24.425,36.713],[24.46,36.747],[24.536,36.764]]],[[[24.943,37.494],[24.938,37.39],[24.912,37.391],[24.896,37.407],[24.895,37.446],[24.907,37.509],[24.943,37.494]]],[[[24.992,37.76],[24.884,37.771],[24.767,37.871],[24.7,37.962],[24.79,37.99],[24.956,37.905],[24.98,37.797],[24.992,37.76]]],[[[25.256,37.6],[25.156,37.545],[25.016,37.646],[25.039,37.681],[25.225,37.631],[25.256,37.6]]],[[[24.721,36.921],[24.703,36.917],[24.676,36.959],[24.671,36.999],[24.681,37.022],[24.716,37.024],[24.763,36.949],[24.721,36.921]]],[[[26.094,38.218],[25.892,38.243],[25.953,38.303],[25.96,38.416],[25.846,38.574],[26.11,38.545],[26.141,38.486],[26.157,38.303],[26.103,38.234],[26.094,38.218]]],[[[26.41,39.329],[26.531,39.172],[26.596,39.049],[26.532,39.064],[26.503,39.031],[26.469,38.973],[26.161,39.026],[26.245,39.164],[26.176,39.194],[25.906,39.139],[25.844,39.2],[26.026,39.285],[26.165,39.332],[26.348,39.383],[26.41,39.329]]],[[[25.686,40.427],[25.573,40.4],[25.448,40.483],[25.569,40.516],[25.624,40.492],[25.664,40.464],[25.686,40.427]]],[[[25.438,39.983],[25.372,39.891],[25.299,39.806],[25.252,39.854],[25.224,39.893],[25.185,39.83],[25.062,39.852],[25.052,39.976],[25.234,40.005],[25.348,39.985],[25.449,40.035],[25.438,39.983]]],[[[25.403,37.419],[25.307,37.413],[25.313,37.489],[25.348,37.509],[25.463,37.471],[25.457,37.447],[25.403,37.419]]],[[[24.524,37.125],[24.487,37.11],[24.425,37.132],[24.441,37.187],[24.484,37.21],[24.529,37.192],[24.536,37.168],[24.524,37.125]]],[[[27.843,35.929],[27.746,35.911],[27.757,36.069],[27.716,36.172],[27.815,36.277],[28.171,36.426],[28.23,36.37],[28.068,36.13],[27.966,36.048],[27.843,35.929]]],[[[23.852,35.535],[24.013,35.529],[24.093,35.594],[24.198,35.537],[24.109,35.496],[24.179,35.46],[24.258,35.423],[24.313,35.364],[24.445,35.366],[24.627,35.41],[25.003,35.41],[25.297,35.339],[25.57,35.328],[25.756,35.326],[25.745,35.143],[25.837,35.133],[26.028,35.215],[26.286,35.31],[26.299,35.269],[26.256,35.095],[26.166,35.019],[25.83,35.025],[25.206,34.959],[24.745,34.951],[24.735,35.058],[24.583,35.115],[23.994,35.222],[23.704,35.233],[23.593,35.257],[23.548,35.416],[23.609,35.566],[23.673,35.514],[23.715,35.605],[23.771,35.634],[23.852,35.535]]],[[[26.321,41.717],[26.462,41.663],[26.545,41.607],[26.61,41.512],[26.602,41.354],[26.331,41.239],[26.328,41.097],[26.354,41.037],[26.331,40.954],[26.179,40.827],[26.07,40.74],[26.011,40.769],[25.497,40.888],[25.25,40.933],[25.005,40.968],[24.679,40.869],[24.477,40.948],[24.234,40.786],[23.946,40.748],[23.743,40.677],[23.879,40.544],[23.867,40.419],[24.031,40.409],[24.292,40.242],[24.232,40.215],[24.056,40.304],[23.823,40.368],[23.721,40.286],[23.918,40.155],[24.001,40.025],[23.947,39.966],[23.665,40.224],[23.386,40.222],[23.467,40.074],[23.658,39.934],[23.396,39.99],[23.312,40.216],[22.896,40.4],[22.893,40.524],[22.811,40.579],[22.629,40.496],[22.643,40.367],[22.569,40.119],[22.836,39.801],[22.979,39.564],[23.233,39.358],[23.328,39.175],[23.155,39.101],[23.169,39.21],[22.993,39.331],[22.839,39.259],[22.939,39.112],[23.067,39.038],[22.803,38.902],[22.597,38.891],[22.634,38.851],[22.774,38.8],[23.138,38.668],[23.369,38.526],[23.684,38.352],[23.967,38.275],[24.025,38.14],[24.061,37.818],[24.055,37.71],[23.972,37.677],[23.733,37.884],[23.537,38.033],[23.42,37.992],[23.087,37.913],[23.036,37.878],[23.147,37.795],[23.198,37.62],[23.348,37.598],[23.409,37.542],[23.491,37.464],[23.253,37.377],[23.162,37.334],[23.096,37.441],[22.941,37.517],[22.775,37.585],[22.765,37.393],[22.995,37.016],[23.074,36.775],[23.112,36.548],[23.107,36.452],[22.983,36.528],[22.78,36.786],[22.608,36.78],[22.489,36.447],[22.375,36.514],[22.376,36.702],[22.165,36.903],[22.08,37.029],[21.956,36.99],[21.934,36.804],[21.738,36.863],[21.579,37.2],[21.679,37.387],[21.416,37.64],[21.288,37.775],[21.138,37.854],[21.145,37.919],[21.404,38.197],[21.549,38.165],[21.748,38.274],[21.953,38.321],[22.556,38.113],[22.8,37.981],[22.92,37.958],[22.893,38.051],[23.122,38.073],[23.183,38.134],[23.094,38.196],[22.995,38.216],[22.834,38.235],[22.754,38.29],[22.422,38.439],[22.32,38.357],[21.965,38.412],[21.717,38.355],[21.568,38.334],[21.39,38.408],[21.331,38.487],[21.303,38.374],[21.113,38.385],[20.992,38.654],[20.777,38.808],[20.777,38.928],[21.074,38.885],[21.152,38.922],[21.118,39.03],[21.034,39.026],[20.78,39.009],[20.691,39.067],[20.468,39.255],[20.191,39.546],[20.001,39.709],[20.06,39.699],[20.207,39.654],[20.272,39.701],[20.294,39.782],[20.364,39.792],[20.382,39.842],[20.311,39.951],[20.338,39.991],[20.408,40.049],[20.527,40.069],[20.657,40.117],[20.697,40.246],[20.752,40.335],[20.806,40.445],[20.95,40.494],[21.031,40.622],[20.988,40.718],[20.964,40.85],[21.148,40.863],[21.404,40.907],[21.576,40.869],[21.779,40.95],[21.993,41.131],[22.184,41.159],[22.401,41.123],[22.604,41.14],[22.755,41.313],[22.859,41.337],[23.026,41.326],[23.24,41.385],[23.433,41.399],[23.635,41.387],[23.881,41.456],[24.011,41.46],[24.056,41.527],[24.289,41.525],[24.488,41.555],[24.569,41.467],[24.651,41.42],[24.796,41.373],[24.994,41.365],[25.251,41.244],[25.527,41.3],[25.724,41.315],[25.923,41.312],[26.135,41.386],[26.144,41.522],[26.077,41.64],[26.086,41.704],[26.201,41.744],[26.321,41.717]]]]}},{"type":"Feature","properties":{"iso_a2":"DE"},"geometry":{"type":"MultiPolygon","coordinates":[[[[9.524,47.524],[9.183,47.671],[8.881,47.656],[8.831,47.704],[8.77,47.71],[8.728,47.7],[8.573,47.776],[8.436,47.731],[8.413,47.663],[8.552,47.659],[8.571,47.638],[8.478,47.613],[8.43,47.592],[8.328,47.607],[8.094,47.576],[7.698,47.57],[7.565,47.607],[7.539,47.774],[7.608,48.003],[7.617,48.157],[7.765,48.41],[7.838,48.636],[8.124,48.873],[8.135,48.974],[8.001,49.011],[7.611,49.062],[7.451,49.152],[7.313,49.13],[7.117,49.128],[7.037,49.113],[7.001,49.18],[6.891,49.208],[6.821,49.174],[6.735,49.161],[6.575,49.32],[6.534,49.395],[6.382,49.458],[6.348,49.513],[6.407,49.645],[6.485,49.708],[6.487,49.798],[6.325,49.838],[6.205,49.915],[6.11,50.034],[6.117,50.121],[6.175,50.233],[6.344,50.4],[6.295,50.485],[6.179,50.523],[6.236,50.597],[6.119,50.679],[5.994,50.75],[6.007,50.95],[5.895,50.984],[5.858,51.03],[5.939,51.041],[6.13,51.147],[6.113,51.175],[6.075,51.199],[6.166,51.355],[6.199,51.45],[6.142,51.55],[6.089,51.638],[5.949,51.762],[6.008,51.834],[6.117,51.87],[6.297,51.851],[6.372,51.83],[6.518,51.854],[6.775,51.938],[6.802,51.98],[6.713,52.057],[6.749,52.099],[6.855,52.136],[7.02,52.266],[7.035,52.38],[6.968,52.444],[6.833,52.442],[6.703,52.499],[6.712,52.55],[6.705,52.598],[6.748,52.634],[7.033,52.651],[7.117,52.887],[7.19,53.0],[7.197,53.282],[7.053,53.376],[7.107,53.557],[7.285,53.681],[8.009,53.691],[8.108,53.468],[8.245,53.445],[8.302,53.584],[8.451,53.552],[8.495,53.394],[8.506,53.671],[8.576,53.838],[8.898,53.836],[9.322,53.813],[9.673,53.566],[9.631,53.6],[9.216,53.891],[8.978,53.926],[8.904,54.0],[8.852,54.3],[8.736,54.295],[8.626,54.354],[8.831,54.428],[8.957,54.538],[8.79,54.696],[8.67,54.903],[8.857,54.901],[9.186,54.845],[9.342,54.806],[9.616,54.855],[9.725,54.826],[9.746,54.807],[9.954,54.738],[10.029,54.581],[9.869,54.472],[10.171,54.45],[10.36,54.438],[10.956,54.376],[11.064,54.281],[10.811,54.075],[10.918,53.995],[11.4,53.945],[11.701,54.114],[12.111,54.168],[12.296,54.284],[12.575,54.467],[12.898,54.423],[13.147,54.283],[13.724,54.153],[13.866,53.853],[14.025,53.767],[14.259,53.73],[14.28,53.625],[14.415,53.283],[14.411,53.199],[14.293,53.027],[14.139,52.933],[14.254,52.783],[14.619,52.529],[14.555,52.36],[14.616,52.278],[14.705,52.207],[14.705,52.11],[14.748,52.071],[14.693,51.958],[14.602,51.832],[14.681,51.698],[14.739,51.627],[14.725,51.524],[14.936,51.435],[15.017,51.253],[14.917,51.009],[14.809,50.859],[14.767,50.818],[14.658,50.833],[14.624,50.915],[14.56,50.955],[14.507,51.01],[14.32,51.038],[14.256,51.002],[14.299,50.953],[14.369,50.899],[14.096,50.823],[13.899,50.761],[13.557,50.705],[13.473,50.617],[13.401,50.609],[13.341,50.611],[13.27,50.576],[13.181,50.51],[12.997,50.456],[12.943,50.406],[12.765,50.431],[12.636,50.397],[12.453,50.35],[12.306,50.206],[12.231,50.245],[12.135,50.311],[12.09,50.302],[12.128,50.213],[12.183,50.148],[12.276,50.042],[12.458,49.956],[12.512,49.877],[12.472,49.83],[12.391,49.74],[12.457,49.68],[12.556,49.575],[12.681,49.415],[12.813,49.329],[13.024,49.26],[13.228,49.112],[13.339,49.061],[13.401,48.978],[13.548,48.96],[13.77,48.816],[13.803,48.748],[13.799,48.622],[13.724,48.542],[13.675,48.523],[13.472,48.572],[13.409,48.394],[13.323,48.331],[13.14,48.29],[12.897,48.204],[12.76,48.107],[12.85,47.985],[12.954,47.808],[12.898,47.722],[12.986,47.709],[13.054,47.655],[13.032,47.508],[12.968,47.476],[12.809,47.542],[12.781,47.59],[12.771,47.639],[12.594,47.656],[12.483,47.637],[12.363,47.688],[12.209,47.718],[12.204,47.647],[11.717,47.583],[11.47,47.506],[11.374,47.46],[11.212,47.414],[11.136,47.409],[10.981,47.398],[10.894,47.47],[10.873,47.52],[10.659,47.547],[10.439,47.552],[10.404,47.417],[10.313,47.313],[10.183,47.279],[10.2,47.363],[10.096,47.38],[10.074,47.429],[10.034,47.474],[9.839,47.552],[9.715,47.551],[9.549,47.534],[9.524,47.524]]],[[[13.709,54.383],[13.707,54.281],[13.482,54.337],[13.364,54.246],[13.162,54.365],[13.181,54.509],[13.231,54.583],[13.337,54.697],[13.45,54.65],[13.636,54.577],[13.671,54.535],[13.58,54.464],[13.709,54.383]]],[[[14.211,53.95],[14.214,53.871],[14.048,53.863],[13.902,53.939],[13.872,54.036],[13.82,54.093],[14.039,54.035],[14.211,53.95]]],[[[11.283,54.418],[11.071,54.456],[11.043,54.515],[11.234,54.501],[11.283,54.418]]],[[[8.308,54.787],[8.296,54.908],[8.451,55.055],[8.39,54.986],[8.38,54.9],[8.601,54.865],[8.308,54.787]]],[[[8.588,54.713],[8.454,54.691],[8.418,54.739],[8.51,54.76],[8.588,54.713]]]]}},{"type":"Feature","properties":{"iso_a2":"FR"},"geometry":{"type":"MultiPolygon","coordinates":[[[[9.48,42.805],[9.473,42.616],[9.526,42.553],[9.551,42.13],[9.401,41.926],[9.374,41.679],[9.253,41.46],[9.003,41.477],[8.842,41.559],[8.83,41.628],[8.887,41.701],[8.718,41.761],[8.759,41.87],[8.674,41.922],[8.615,41.959],[8.703,42.043],[8.642,42.118],[8.566,42.219],[8.675,42.284],[8.592,42.345],[8.588,42.385],[8.713,42.55],[8.995,42.645],[9.088,42.705],[9.198,42.729],[9.288,42.695],[9.338,42.767],[9.331,42.944],[9.415,43.021],[9.461,42.945],[9.48,42.805]]],[[[7.616,47.593],[7.467,47.508],[7.343,47.433],[7.203,47.433],[7.169,47.473],[7.053,47.489],[6.9,47.394],[6.984,47.353],[7.001,47.323],[6.952,47.267],[6.688,47.058],[6.625,47.004],[6.439,46.926],[6.41,46.755],[6.161,46.611],[6.107,46.516],[6.06,46.428],[6.116,46.338],[6.036,46.238],[5.971,46.151],[6.087,46.147],[6.273,46.252],[6.224,46.319],[6.322,46.394],[6.578,46.437],[6.776,46.407],[6.784,46.314],[6.772,46.165],[6.858,46.089],[6.954,46.017],[7.021,45.926],[6.804,45.815],[6.791,45.741],[6.881,45.67],[7.014,45.5],[7.153,45.401],[7.117,45.349],[7.032,45.223],[6.842,45.136],[6.692,45.144],[6.635,45.068],[6.725,44.973],[6.801,44.883],[6.94,44.859],[6.993,44.827],[7.008,44.689],[6.932,44.632],[6.843,44.511],[6.894,44.428],[6.9,44.336],[7.149,44.202],[7.371,44.127],[7.637,44.165],[7.677,44.083],[7.59,43.965],[7.482,43.865],[7.493,43.767],[7.437,43.761],[7.395,43.765],[7.378,43.732],[7.181,43.659],[6.717,43.374],[6.657,43.262],[6.494,43.169],[6.116,43.072],[5.809,43.098],[5.407,43.229],[5.2,43.352],[5.073,43.367],[5.06,43.445],[4.912,43.427],[4.844,43.394],[4.787,43.401],[4.712,43.373],[4.41,43.447],[4.224,43.48],[4.113,43.563],[4.053,43.593],[3.862,43.516],[3.259,43.193],[3.052,42.915],[3.091,42.591],[3.211,42.431],[3.053,42.447],[2.891,42.456],[2.749,42.413],[2.67,42.393],[2.652,42.34],[2.374,42.39],[2.098,42.386],[1.987,42.358],[1.928,42.426],[1.706,42.503],[1.74,42.557],[1.71,42.604],[1.501,42.643],[1.428,42.596],[1.293,42.71],[1.111,42.742],[0.764,42.838],[0.67,42.836],[0.642,42.701],[0.518,42.686],[0.313,42.693],[0.201,42.719],[-0.081,42.704],[-0.205,42.785],[-0.299,42.825],[-0.398,42.808],[-0.55,42.802],[-0.74,42.91],[-0.839,42.948],[-1.175,43.021],[-1.302,43.082],[-1.319,43.097],[-1.371,43.038],[-1.429,43.037],[-1.48,43.071],[-1.423,43.149],[-1.411,43.24],[-1.561,43.279],[-1.713,43.307],[-1.793,43.373],[-1.631,43.438],[-1.346,44.02],[-1.171,44.662],[-1.153,44.764],[-1.22,44.687],[-1.189,45.161],[-1.081,45.532],[-0.826,45.381],[-0.691,45.093],[-0.548,45.001],[-0.641,45.09],[-0.791,45.468],[-1.17,45.686],[-1.21,45.771],[-1.032,45.741],[-1.066,45.806],[-1.136,46.205],[-1.146,46.311],[-1.313,46.327],[-1.787,46.515],[-2.059,46.81],[-2.09,46.921],[-2.082,47.112],[-2.197,47.163],[-2.108,47.263],[-1.922,47.261],[-1.743,47.216],[-2.353,47.279],[-2.503,47.312],[-2.476,47.413],[-2.483,47.512],[-2.666,47.526],[-2.797,47.537],[-2.787,47.626],[-2.964,47.601],[-3.159,47.695],[-3.265,47.685],[-3.396,47.72],[-3.508,47.753],[-4.071,47.848],[-4.312,47.823],[-4.428,47.969],[-4.629,48.086],[-4.378,48.129],[-4.435,48.218],[-4.544,48.247],[-4.531,48.31],[-4.403,48.293],[-4.302,48.347],[-4.393,48.368],[-4.585,48.358],[-4.749,48.41],[-4.721,48.54],[-4.059,48.708],[-3.715,48.71],[-3.471,48.813],[-3.003,48.791],[-2.692,48.537],[-2.079,48.645],[-1.973,48.635],[-1.852,48.669],[-1.438,48.641],[-1.48,48.698],[-1.583,49.202],[-1.813,49.49],[-1.875,49.631],[-1.705,49.681],[-1.366,49.707],[-1.265,49.598],[-1.195,49.445],[-0.959,49.393],[-0.521,49.355],[-0.011,49.33],[0.417,49.448],[0.278,49.463],[0.109,49.558],[0.187,49.703],[0.924,49.91],[1.407,50.089],[1.548,50.231],[1.552,50.294],[1.61,50.819],[1.768,50.936],[2.446,51.067],[2.536,51.05],[2.601,50.955],[2.597,50.876],[2.759,50.751],[2.862,50.716],[3.023,50.767],[3.155,50.749],[3.235,50.663],[3.273,50.532],[3.477,50.499],[3.627,50.457],[3.689,50.306],[3.748,50.344],[3.858,50.339],[4.044,50.321],[4.17,50.222],[4.135,50.144],[4.192,50.094],[4.15,50.024],[4.137,49.984],[4.176,49.96],[4.545,49.96],[4.675,50.047],[4.773,50.139],[4.861,50.136],[4.842,49.915],[4.868,49.788],[5.007,49.778],[5.124,49.721],[5.279,49.678],[5.354,49.62],[5.507,49.511],[5.61,49.528],[5.79,49.538],[5.901,49.49],[5.959,49.455],[6.074,49.455],[6.181,49.499],[6.277,49.478],[6.382,49.458],[6.534,49.395],[6.575,49.32],[6.735,49.161],[6.821,49.174],[6.891,49.208],[7.001,49.18],[7.037,49.113],[7.117,49.128],[7.313,49.13],[7.451,49.152],[7.611,49.062],[8.001,49.011],[8.135,48.974],[8.124,48.873],[7.838,48.636],[7.765,48.41],[7.617,48.157],[7.608,48.003],[7.539,47.774],[7.565,47.607],[7.616,47.593]]],[[[-1.178,45.904],[-1.214,45.817],[-1.28,45.897],[-1.369,45.968],[-1.389,46.033],[-1.389,46.05],[-1.285,46.003],[-1.178,45.904]]],[[[45.18,-12.977],[45.088,-12.958],[45.088,-12.835],[45.043,-12.701],[45.135,-12.709],[45.223,-12.752],[45.209,-12.848],[45.18,-12.977]]],[[[55.797,-21.339],[55.558,-21.358],[55.31,-21.217],[55.25,-21.002],[55.45,-20.865],[55.662,-20.906],[55.839,-21.139],[55.797,-21.339]]],[[[-60.826,14.494],[-60.862,14.426],[-61.064,14.467],[-61.09,14.53],[-61.104,14.621],[-61.22,14.804],[-61.181,14.872],[-61.027,14.826],[-60.927,14.755],[-60.934,14.686],[-60.87,14.614],[-60.826,14.494]]],[[[-61.327,16.23],[-61.522,16.228],[-61.501,16.36],[-61.511,16.478],[-61.406,16.468],[-61.355,16.363],[-61.327,16.23]]],[[[-61.59,16.007],[-61.71,15.976],[-61.794,16.301],[-61.748,16.355],[-61.597,16.292],[-61.575,16.227],[-61.59,16.007]]],[[[-61.23,15.89],[-61.311,15.895],[-61.275,15.996],[-61.212,15.96],[-61.23,15.89]]],[[[-54.616,2.327],[-54.568,2.343],[-54.486,2.416],[-54.257,2.714],[-54.188,2.875],[-54.203,3.138],[-54.063,3.353],[-54.006,3.531],[-54.006,3.62],[-54.082,3.706],[-54.197,3.834],[-54.351,4.054],[-54.369,4.171],[-54.396,4.241],[-54.441,4.428],[-54.426,4.583],[-54.471,4.749],[-54.473,4.915],[-54.452,5.013],[-54.24,5.288],[-54.085,5.412],[-53.92,5.769],[-53.454,5.563],[-52.899,5.425],[-52.454,5.021],[-52.289,4.876],[-52.22,4.863],[-52.012,4.646],[-51.979,4.43],[-52.003,4.352],[-51.928,4.436],[-51.88,4.634],[-51.786,4.571],[-51.666,4.229],[-51.658,4.098],[-51.683,4.04],[-51.805,3.93],[-51.879,3.829],[-51.944,3.735],[-52.0,3.647],[-52.163,3.365],[-52.271,3.237],[-52.357,3.118],[-52.396,2.972],[-52.456,2.864],[-52.559,2.573],[-52.653,2.426],[-52.783,2.317],[-52.903,2.212],[-53.01,2.182],[-53.18,2.211],[-53.252,2.232],[-53.334,2.34],[-53.432,2.279],[-53.564,2.262],[-53.735,2.309],[-53.768,2.355],[-53.83,2.313],[-53.946,2.233],[-54.13,2.121],[-54.228,2.153],[-54.433,2.208],[-54.55,2.293],[-54.616,2.327]]]]}},{"type":"Feature","properties":{"iso_a2":"FI"},"geometry":{"type":"MultiPolygon","coordinates":[[[[24.155,65.805],[23.995,66.06],[23.751,66.191],[23.7,66.253],[23.674,66.381],[23.701,66.481],[23.866,66.577],[23.894,66.707],[23.989,66.811],[23.942,66.878],[23.759,67.003],[23.642,67.129],[23.626,67.234],[23.761,67.31],[23.734,67.423],[23.537,67.449],[23.455,67.46],[23.465,67.518],[23.537,67.59],[23.5,67.696],[23.502,67.875],[23.639,67.954],[23.355,68.089],[23.183,68.137],[22.975,68.316],[22.782,68.391],[22.195,68.478],[21.85,68.574],[21.616,68.651],[21.422,68.725],[21.183,68.829],[20.909,68.938],[20.895,68.98],[20.676,69.069],[21.066,69.042],[21.128,69.081],[21.066,69.214],[21.267,69.274],[21.594,69.274],[21.82,69.154],[22.08,68.993],[22.383,68.777],[22.501,68.72],[23.072,68.674],[23.324,68.649],[23.707,68.714],[23.854,68.806],[24.154,68.761],[24.491,68.689],[24.802,68.606],[25.087,68.64],[25.249,68.821],[25.481,68.881],[25.647,68.919],[25.768,69.076],[25.767,69.283],[25.962,69.589],[26.072,69.692],[26.308,69.782],[26.584,69.926],[26.934,69.928],[27.128,69.906],[27.348,69.96],[27.748,70.065],[28.047,69.972],[28.412,69.823],[29.142,69.671],[29.239,69.394],[29.025,69.288],[28.833,69.119],[28.966,69.022],[28.692,68.961],[28.414,68.904],[28.706,68.866],[28.773,68.84],[28.752,68.771],[28.471,68.488],[28.685,68.19],[29.344,68.062],[29.822,67.754],[29.988,67.668],[29.751,67.426],[29.388,67.201],[29.087,66.971],[29.066,66.892],[29.293,66.696],[29.464,66.532],[29.591,66.357],[29.721,66.235],[29.903,66.091],[30.087,65.787],[30.095,65.682],[29.883,65.664],[29.716,65.625],[29.728,65.473],[29.617,65.265],[29.612,65.235],[29.811,65.205],[29.827,65.145],[29.72,65.08],[29.601,65.002],[29.637,64.912],[29.783,64.804],[30.11,64.733],[30.12,64.645],[29.987,64.524],[30.108,64.366],[30.488,64.237],[30.528,64.141],[30.504,64.021],[30.21,63.803],[29.992,63.735],[30.419,63.504],[30.975,63.301],[31.247,63.142],[31.437,63.008],[31.537,62.922],[31.437,62.776],[31.286,62.568],[30.936,62.324],[30.48,62.068],[30.01,61.757],[29.69,61.546],[29.492,61.444],[28.993,61.169],[28.663,61.003],[28.455,60.92],[28.152,60.746],[27.762,60.533],[27.525,60.491],[27.242,60.539],[27.076,60.525],[26.721,60.455],[26.535,60.413],[26.551,60.546],[26.606,60.628],[26.496,60.552],[26.378,60.424],[26.036,60.475],[26.006,60.425],[26.036,60.342],[25.846,60.315],[25.715,60.267],[25.548,60.302],[25.268,60.248],[24.958,60.157],[24.6,60.114],[24.446,60.021],[24.025,60.009],[23.593,59.968],[23.327,59.926],[23.021,59.816],[23.01,59.869],[23.188,59.972],[23.148,60.041],[22.994,60.099],[22.867,60.216],[22.819,60.101],[22.75,60.057],[22.646,60.028],[22.439,60.072],[22.471,60.147],[22.47,60.201],[22.564,60.206],[22.588,60.256],[22.512,60.281],[22.585,60.381],[22.521,60.377],[21.934,60.5],[21.805,60.594],[21.613,60.531],[21.436,60.596],[21.412,60.697],[21.379,60.85],[21.378,61.059],[21.479,61.171],[21.521,61.411],[21.507,61.484],[21.552,61.51],[21.498,61.552],[21.592,61.568],[21.606,61.592],[21.546,61.703],[21.385,61.915],[21.302,62.113],[21.343,62.277],[21.166,62.414],[21.104,62.623],[21.144,62.74],[21.458,62.95],[21.651,63.039],[21.549,63.156],[21.8,63.238],[22.12,63.244],[22.316,63.346],[22.243,63.438],[22.346,63.442],[22.319,63.504],[22.528,63.58],[22.756,63.683],[23.134,63.865],[23.494,64.034],[23.653,64.134],[23.925,64.274],[24.278,64.515],[24.53,64.739],[24.658,64.806],[24.942,64.884],[25.214,64.853],[25.281,64.916],[25.271,64.984],[25.362,65.065],[25.256,65.143],[25.308,65.353],[25.242,65.546],[24.764,65.656],[24.582,65.757],[24.628,65.859],[24.533,65.822],[24.238,65.812],[24.155,65.805]]],[[[21.994,60.337],[21.819,60.382],[21.846,60.412],[21.827,60.47],[21.95,60.402],[21.98,60.355],[21.994,60.337]]],[[[21.218,63.241],[21.287,63.228],[21.422,63.246],[21.378,63.199],[21.318,63.179],[21.253,63.152],[21.084,63.278],[21.222,63.259],[21.218,63.241]]],[[[22.175,60.371],[22.355,60.356],[22.313,60.27],[22.346,60.203],[22.258,60.166],[22.188,60.237],[22.077,60.286],[22.126,60.356],[22.175,60.371]]],[[[21.451,60.53],[21.369,60.488],[21.244,60.526],[21.225,60.621],[21.301,60.596],[21.451,60.53]]],[[[21.833,60.141],[21.733,60.106],[21.695,60.114],[21.705,60.172],[21.764,60.199],[21.864,60.202],[21.833,60.141]]],[[[21.628,60.108],[21.541,60.098],[21.486,60.127],[21.507,60.148],[21.568,60.172],[21.634,60.169],[21.648,60.141],[21.628,60.108]]],[[[24.848,64.991],[24.579,64.979],[24.651,65.074],[24.971,65.055],[24.892,65.026],[24.848,64.991]]]]}},{"type":"Feature","properties":{"iso_a2":"EG"},"geometry":{"type":"Polygon","coordinates":[[[36.871,21.997],[36.215,21.997],[35.559,21.996],[34.903,21.996],[34.246,21.996],[33.59,21.996],[32.934,21.996],[32.278,21.996],[31.622,21.996],[31.466,22.085],[31.464,22.192],[31.358,22.189],[31.209,21.995],[30.711,21.995],[29.947,21.995],[29.183,21.995],[28.419,21.995],[27.654,21.995],[26.89,21.996],[26.126,21.996],[25.362,21.996],[24.98,22.22],[24.98,22.67],[24.98,23.119],[24.98,23.568],[24.98,24.017],[24.98,24.466],[24.98,24.915],[24.98,25.364],[24.98,25.813],[24.98,26.263],[24.98,26.712],[24.98,27.161],[24.98,27.61],[24.98,28.059],[24.98,28.508],[24.98,28.957],[24.972,29.224],[24.866,29.57],[24.804,29.886],[24.703,30.201],[24.878,30.458],[24.961,30.679],[24.929,30.926],[24.86,31.199],[24.93,31.427],[25.057,31.567],[25.15,31.655],[25.382,31.513],[26.457,31.512],[27.248,31.378],[27.62,31.192],[27.968,31.097],[28.807,30.943],[29.072,30.83],[29.279,30.867],[29.592,31.012],[30.049,31.265],[30.223,31.258],[30.312,31.357],[30.395,31.458],[30.924,31.567],[30.563,31.417],[30.841,31.44],[31.031,31.508],[31.083,31.603],[31.524,31.458],[31.839,31.526],[31.964,31.502],[32.076,31.344],[31.876,31.414],[31.902,31.24],[32.066,31.153],[32.207,31.119],[32.243,31.247],[32.251,31.295],[32.533,31.101],[32.685,31.074],[32.902,31.111],[33.157,31.126],[33.378,31.131],[33.903,31.181],[34.198,31.323],[34.245,31.208],[34.401,30.828],[34.518,30.507],[34.659,30.191],[34.791,29.812],[34.904,29.477],[34.736,29.271],[34.446,28.357],[34.4,28.016],[34.22,27.764],[33.76,28.048],[33.416,28.39],[33.202,28.696],[33.13,28.978],[32.871,29.286],[32.767,29.45],[32.647,29.798],[32.473,29.925],[32.409,29.749],[32.397,29.534],[32.599,29.322],[32.632,28.992],[32.784,28.787],[32.857,28.631],[33.023,28.442],[33.372,28.051],[33.547,27.898],[33.55,27.607],[33.697,27.341],[33.849,27.185],[33.959,26.649],[34.329,26.024],[34.679,25.443],[35.194,24.475],[35.478,24.155],[35.784,23.938],[35.594,23.943],[35.515,23.843],[35.523,23.443],[35.698,22.946],[35.846,22.786],[36.23,22.629],[36.83,22.098],[36.871,21.997]]]}},{"type":"Feature","properties":{"iso_a2":"DK"},"geometry":{"type":"MultiPolygon","coordinates":[[[[12.569,55.785],[12.545,55.656],[12.407,55.616],[12.243,55.538],[12.275,55.414],[12.413,55.286],[12.09,55.188],[12.073,54.977],[12.05,54.815],[11.741,54.915],[11.704,55.039],[11.654,55.187],[11.407,55.215],[11.286,55.204],[11.19,55.466],[11.12,55.566],[11.07,55.629],[10.979,55.722],[11.224,55.731],[11.322,55.753],[11.46,55.907],[11.628,55.957],[11.682,55.829],[11.784,55.702],[11.858,55.772],[11.922,55.828],[11.913,55.937],[12.04,56.052],[12.323,56.122],[12.526,56.083],[12.608,56.033],[12.525,55.918],[12.569,55.785]]],[[[9.74,54.826],[9.661,54.834],[9.499,54.84],[9.255,54.808],[8.903,54.897],[8.671,54.903],[8.661,54.986],[8.573,55.134],[8.651,55.329],[8.345,55.51],[8.181,55.901],[8.121,56.14],[8.164,56.607],[8.281,56.617],[8.553,56.56],[8.672,56.496],[8.736,56.627],[8.995,56.775],[9.14,56.75],[9.21,56.808],[9.11,57.044],[8.876,56.887],[8.603,56.71],[8.347,56.712],[8.266,56.815],[8.427,56.984],[8.812,57.11],[9.036,57.155],[9.434,57.174],[9.815,57.478],[10.259,57.617],[10.61,57.737],[10.46,57.615],[10.537,57.449],[10.524,57.243],[10.338,57.021],[10.287,56.823],[10.283,56.621],[10.49,56.521],[10.883,56.493],[10.894,56.359],[10.753,56.242],[10.539,56.2],[10.374,56.252],[10.227,56.005],[10.159,55.854],[10.017,55.876],[9.962,55.813],[9.999,55.736],[9.81,55.651],[9.661,55.557],[9.626,55.414],[9.671,55.266],[9.505,55.116],[9.572,55.041],[9.688,55.0],[9.705,54.928],[9.74,54.826]]],[[[10.645,55.61],[10.738,55.446],[10.785,55.27],[10.785,55.133],[10.443,55.049],[9.989,55.163],[9.93,55.229],[9.861,55.515],[10.286,55.611],[10.424,55.56],[10.623,55.613],[10.645,55.61]]],[[[11.361,54.892],[11.658,54.833],[11.759,54.768],[11.68,54.654],[11.457,54.629],[11.042,54.893],[11.258,54.952],[11.361,54.892]]],[[[10.734,54.751],[10.629,54.826],[10.692,54.903],[10.857,55.052],[10.951,55.156],[10.765,54.8],[10.734,54.751]]],[[[12.549,54.966],[12.358,54.962],[12.119,54.914],[12.162,54.975],[12.259,55.021],[12.31,55.041],[12.47,55.017],[12.549,54.966]]],[[[12.666,55.597],[12.551,55.556],[12.57,55.65],[12.62,55.679],[12.666,55.597]]],[[[10.484,54.848],[10.341,54.859],[10.2,54.963],[10.347,54.906],[10.505,54.861],[10.484,54.848]]],[[[10.061,54.886],[9.904,54.897],[9.771,55.06],[9.83,55.058],[10.058,54.908],[10.061,54.886]]],[[[10.607,55.783],[10.527,55.784],[10.544,55.907],[10.547,55.992],[10.662,55.878],[10.607,55.783]]],[[[11.052,57.253],[11.011,57.229],[10.874,57.262],[10.935,57.309],[11.086,57.33],[11.175,57.323],[11.077,57.277],[11.052,57.253]]],[[[15.088,55.022],[14.886,55.033],[14.714,55.238],[15.133,55.145],[15.088,55.022]]]]}},{"type":"Feature","properties":{"iso_a2":"CZ"},"geometry":{"type":"Polygon","coordinates":[[[18.832,49.511],[18.75,49.494],[18.596,49.491],[18.476,49.421],[18.383,49.364],[18.161,49.257],[18.11,49.18],[18.086,49.065],[17.941,49.012],[17.893,48.971],[17.758,48.888],[17.483,48.828],[17.188,48.861],[17.063,48.781],[16.953,48.599],[16.884,48.704],[16.764,48.722],[16.601,48.782],[16.478,48.8],[16.367,48.739],[16.057,48.755],[15.765,48.865],[15.599,48.886],[15.311,48.974],[15.2,48.948],[15.14,48.969],[14.993,49.001],[14.947,48.828],[14.822,48.774],[14.707,48.672],[14.554,48.613],[14.431,48.616],[14.19,48.579],[13.989,48.692],[13.843,48.76],[13.77,48.816],[13.548,48.96],[13.401,48.978],[13.339,49.061],[13.228,49.112],[13.024,49.26],[12.813,49.329],[12.681,49.415],[12.556,49.575],[12.457,49.68],[12.391,49.74],[12.472,49.83],[12.512,49.877],[12.458,49.956],[12.276,50.042],[12.183,50.148],[12.128,50.213],[12.09,50.302],[12.135,50.311],[12.231,50.245],[12.306,50.206],[12.453,50.35],[12.636,50.397],[12.765,50.431],[12.943,50.406],[12.997,50.456],[13.181,50.51],[13.27,50.576],[13.341,50.611],[13.401,50.609],[13.473,50.617],[13.557,50.705],[13.899,50.761],[14.096,50.823],[14.369,50.899],[14.299,50.953],[14.256,51.002],[14.32,51.038],[14.507,51.01],[14.56,50.955],[14.624,50.915],[14.658,50.833],[14.767,50.818],[14.809,50.859],[14.983,50.887],[14.984,51.003],[15.126,50.993],[15.277,50.883],[15.354,50.812],[15.464,50.794],[15.731,50.74],[15.894,50.677],[15.974,50.635],[16.066,50.63],[16.36,50.621],[16.42,50.574],[16.379,50.517],[16.283,50.483],[16.21,50.424],[16.291,50.372],[16.35,50.345],[16.597,50.122],[16.679,50.097],[16.779,50.157],[16.895,50.202],[16.993,50.26],[16.869,50.415],[16.981,50.416],[17.415,50.255],[17.555,50.264],[17.702,50.307],[17.735,50.231],[17.589,50.157],[17.627,50.116],[17.747,50.057],[17.831,49.983],[17.984,49.999],[18.028,50.035],[18.088,50.007],[18.205,49.965],[18.305,49.914],[18.516,49.902],[18.577,49.841],[18.595,49.758],[18.829,49.54],[18.832,49.511]]]}},{"type":"Feature","properties":{"iso_a2":"CO"},"geometry":{"type":"MultiPolygon","coordinates":[[[[-71.32,11.862],[-71.4,11.824],[-71.719,11.727],[-72.012,11.602],[-72.446,11.114],[-72.572,10.977],[-72.739,10.727],[-72.94,10.196],[-73.007,9.789],[-73.141,9.555],[-73.296,9.322],[-73.366,9.194],[-73.193,9.194],[-73.058,9.26],[-72.96,9.135],[-72.852,9.135],[-72.726,8.848],[-72.526,8.49],[-72.39,8.287],[-72.358,8.087],[-72.446,7.966],[-72.469,7.758],[-72.472,7.524],[-72.395,7.415],[-72.208,7.37],[-72.084,7.097],[-71.893,6.99],[-71.621,7.033],[-71.218,6.985],[-71.013,6.994],[-70.737,7.09],[-70.536,7.041],[-70.388,6.973],[-70.188,6.952],[-70.095,6.938],[-69.739,6.494],[-69.439,6.135],[-69.357,6.148],[-69.268,6.1],[-69.09,6.184],[-68.736,6.157],[-68.143,6.198],[-67.859,6.29],[-67.568,6.242],[-67.472,6.12],[-67.474,5.93],[-67.631,5.709],[-67.695,5.448],[-67.825,5.27],[-67.814,4.931],[-67.855,4.507],[-67.795,4.381],[-67.783,4.198],[-67.662,3.864],[-67.551,3.734],[-67.348,3.464],[-67.322,3.374],[-67.354,3.323],[-67.835,2.893],[-67.859,2.794],[-67.667,2.8],[-67.597,2.769],[-67.535,2.677],[-67.392,2.56],[-67.253,2.429],[-67.198,2.333],[-67.165,2.143],[-67.114,2.051],[-67.09,1.94],[-66.988,1.68],[-66.958,1.564],[-66.884,1.358],[-66.876,1.223],[-67.082,1.185],[-67.088,1.401],[-67.119,1.704],[-67.321,2.032],[-67.4,2.117],[-67.5,2.108],[-67.609,2.035],[-67.815,1.79],[-67.936,1.748],[-68.033,1.788],[-68.13,1.956],[-68.218,1.958],[-68.256,1.846],[-68.177,1.72],[-68.443,1.722],[-68.913,1.721],[-69.32,1.721],[-69.47,1.758],[-69.581,1.771],[-69.74,1.735],[-69.849,1.709],[-69.851,1.309],[-69.798,1.078],[-69.717,1.059],[-69.568,1.066],[-69.47,1.059],[-69.403,1.042],[-69.312,1.05],[-69.224,0.963],[-69.163,0.864],[-69.166,0.753],[-69.163,0.687],[-69.156,0.643],[-69.213,0.63],[-69.283,0.627],[-69.327,0.655],[-69.392,0.667],[-69.472,0.73],[-69.565,0.7],[-69.639,0.66],[-69.719,0.65],[-69.807,0.607],[-69.925,0.589],[-70.054,0.579],[-70.066,0.189],[-70.071,-0.139],[-69.923,-0.317],[-69.747,-0.453],[-69.634,-0.509],[-69.601,-0.6],[-69.601,-0.681],[-69.612,-0.763],[-69.574,-0.838],[-69.544,-0.917],[-69.488,-0.966],[-69.444,-1.03],[-69.449,-1.092],[-69.4,-1.195],[-69.435,-1.422],[-69.506,-1.775],[-69.605,-2.314],[-69.733,-3.017],[-69.85,-3.66],[-69.948,-4.201],[-70.017,-4.162],[-70.168,-4.05],[-70.24,-3.883],[-70.34,-3.814],[-70.421,-3.85],[-70.53,-3.866],[-70.735,-3.782],[-70.419,-3.288],[-70.147,-2.864],[-70.064,-2.731],[-70.096,-2.658],[-70.244,-2.607],[-70.364,-2.529],[-70.517,-2.453],[-70.648,-2.406],[-70.915,-2.219],[-71.027,-2.226],[-71.196,-2.313],[-71.397,-2.334],[-71.496,-2.279],[-71.671,-2.182],[-71.803,-2.166],[-71.932,-2.289],[-72.054,-2.325],[-72.218,-2.4],[-72.396,-2.429],[-72.587,-2.365],[-72.66,-2.361],[-72.811,-2.405],[-72.941,-2.394],[-73.068,-2.312],[-73.173,-2.208],[-73.127,-2.081],[-73.181,-1.88],[-73.224,-1.788],[-73.35,-1.784],[-73.496,-1.693],[-73.494,-1.537],[-73.575,-1.401],[-73.664,-1.249],[-73.807,-1.218],[-73.927,-1.125],[-74.054,-1.029],[-74.246,-0.971],[-74.334,-0.851],[-74.353,-0.767],[-74.418,-0.581],[-74.514,-0.47],[-74.616,-0.37],[-74.755,-0.299],[-74.802,-0.2],[-74.889,-0.199],[-75.005,-0.156],[-75.138,-0.05],[-75.225,-0.042],[-75.464,-0.038],[-75.777,0.089],[-75.975,0.248],[-76.068,0.346],[-76.311,0.448],[-76.413,0.379],[-76.427,0.261],[-76.603,0.241],[-76.729,0.272],[-76.768,0.242],[-76.92,0.269],[-77.114,0.355],[-77.293,0.36],[-77.423,0.425],[-77.481,0.651],[-77.601,0.69],[-77.673,0.782],[-77.83,0.825],[-78.181,0.969],[-78.512,1.199],[-78.682,1.283],[-78.829,1.435],[-78.888,1.524],[-78.958,1.752],[-78.577,1.774],[-78.629,2.056],[-78.592,2.357],[-78.46,2.47],[-78.343,2.461],[-78.12,2.488],[-78.03,2.543],[-77.932,2.629],[-77.875,2.726],[-77.808,2.746],[-77.67,2.879],[-77.701,3.008],[-77.632,3.051],[-77.52,3.16],[-77.417,3.342],[-77.324,3.475],[-77.077,3.913],[-77.167,3.862],[-77.264,3.893],[-77.278,4.058],[-77.427,4.06],[-77.404,4.201],[-77.521,4.213],[-77.446,4.301],[-77.354,4.398],[-77.314,4.594],[-77.307,4.785],[-77.367,5.077],[-77.373,5.324],[-77.534,5.537],[-77.249,5.78],[-77.469,6.177],[-77.44,6.272],[-77.36,6.504],[-77.439,6.69],[-77.602,6.837],[-77.681,6.96],[-77.901,7.229],[-77.765,7.484],[-77.769,7.668],[-77.747,7.712],[-77.706,7.691],[-77.619,7.565],[-77.538,7.566],[-77.363,7.749],[-77.283,7.908],[-77.196,7.972],[-77.283,8.187],[-77.386,8.352],[-77.479,8.498],[-77.393,8.645],[-77.344,8.637],[-77.13,8.401],[-76.936,8.147],[-76.852,8.09],[-76.912,8.033],[-76.897,7.939],[-76.787,7.932],[-76.772,8.311],[-76.872,8.513],[-76.888,8.62],[-76.689,8.695],[-76.135,9.266],[-75.905,9.431],[-75.639,9.45],[-75.635,9.658],[-75.637,9.834],[-75.596,10.126],[-75.558,10.236],[-75.708,10.143],[-75.554,10.328],[-75.446,10.611],[-75.248,10.783],[-74.922,11.058],[-74.454,10.989],[-74.352,10.975],[-74.492,10.934],[-74.46,10.787],[-74.35,10.814],[-74.219,11.105],[-74.143,11.321],[-73.91,11.309],[-73.677,11.271],[-72.722,11.712],[-72.275,11.889],[-72.136,12.189],[-71.97,12.238],[-71.919,12.309],[-71.597,12.434],[-71.262,12.335],[-71.137,12.046],[-71.32,11.862]]],[[[-78.114,2.542],[-78.141,2.52],[-78.192,2.559],[-78.21,2.609],[-78.178,2.646],[-78.138,2.634],[-78.119,2.604],[-78.114,2.542]]]]}},{"type":"Feature","properties":{"iso_a2":"CN"},"geometry":{"type":"MultiPolygon","coordinates":[[[[118.183,24.496],[118.091,24.446],[118.077,24.501],[118.104,24.552],[118.183,24.496]]],[[[121.863,31.492],[121.52,31.55],[121.227,31.758],[121.339,31.797],[121.492,31.694],[121.577,31.637],[121.844,31.526],[121.863,31.492]]],[[[122.296,29.963],[122.158,30.001],[121.978,30.064],[122.111,30.14],[122.322,30.031],[122.296,29.963]]],[[[122.173,29.679],[122.169,29.66],[122.084,29.725],[122.043,29.736],[122.062,29.773],[122.12,29.782],[122.165,29.701],[122.173,29.679]]],[[[122.404,29.892],[122.394,29.846],[122.368,29.853],[122.332,29.935],[122.351,29.955],[122.402,29.95],[122.404,29.892]]],[[[119.821,25.457],[119.7,25.433],[119.723,25.551],[119.723,25.639],[119.797,25.623],[119.838,25.591],[119.809,25.508],[119.821,25.457]]],[[[110.385,21.093],[110.522,21.083],[110.539,21.018],[110.422,21.007],[110.281,21.001],[110.31,21.075],[110.385,21.093]]],[[[121.251,28.086],[121.164,28.062],[121.132,28.063],[121.134,28.135],[121.205,28.204],[121.234,28.181],[121.251,28.145],[121.251,28.086]]],[[[113.555,22.804],[113.486,22.828],[113.426,22.859],[113.465,22.905],[113.555,22.804]]],[[[112.79,21.602],[112.742,21.618],[112.713,21.698],[112.782,21.772],[112.863,21.753],[112.801,21.695],[112.79,21.602]]],[[[112.644,21.64],[112.546,21.619],[112.525,21.623],[112.559,21.675],[112.648,21.71],[112.644,21.64]]],[[[107.973,21.508],[107.802,21.645],[107.641,21.614],[107.433,21.642],[107.272,21.711],[107.062,21.794],[107.006,21.893],[106.925,21.92],[106.794,21.982],[106.698,21.986],[106.658,22.018],[106.654,22.241],[106.593,22.325],[106.536,22.395],[106.582,22.573],[106.702,22.638],[106.78,22.779],[106.542,22.908],[106.338,22.863],[106.249,22.869],[106.148,22.97],[106.001,22.975],[105.903,22.925],[105.782,22.969],[105.548,23.073],[105.495,23.181],[105.35,23.308],[105.239,23.322],[104.996,23.194],[104.865,23.136],[104.815,23.011],[104.74,22.86],[104.632,22.818],[104.527,22.804],[104.298,22.712],[104.213,22.809],[104.054,22.752],[103.991,22.586],[103.942,22.54],[103.637,22.77],[103.571,22.734],[103.493,22.588],[103.356,22.755],[103.301,22.764],[103.193,22.639],[103.136,22.542],[103.005,22.453],[102.935,22.466],[102.83,22.587],[102.599,22.7],[102.471,22.751],[102.406,22.708],[102.302,22.546],[102.176,22.415],[102.092,22.412],[101.945,22.439],[101.76,22.49],[101.708,22.487],[101.646,22.405],[101.568,22.276],[101.537,22.21],[101.56,22.121],[101.603,21.99],[101.737,21.827],[101.747,21.606],[101.724,21.395],[101.763,21.279],[101.801,21.213],[101.728,21.156],[101.669,21.17],[101.584,21.204],[101.444,21.231],[101.248,21.197],[101.212,21.278],[101.206,21.383],[101.197,21.522],[101.147,21.582],[101.131,21.736],[101.08,21.756],[100.835,21.655],[100.605,21.472],[100.446,21.484],[100.215,21.463],[100.117,21.511],[100.106,21.617],[100.041,21.683],[99.941,21.759],[99.94,21.902],[99.918,22.028],[99.593,22.089],[99.303,22.101],[99.193,22.126],[99.172,22.192],[99.243,22.37],[99.343,22.587],[99.385,22.825],[99.507,22.959],[99.465,23.046],[99.341,23.096],[99.055,23.131],[98.886,23.307],[98.859,23.44],[98.798,23.52],[98.788,23.738],[98.681,23.842],[98.702,23.964],[98.835,24.121],[98.764,24.116],[98.564,24.099],[98.367,24.119],[98.017,24.065],[97.756,23.932],[97.63,23.887],[97.568,23.988],[97.708,24.229],[97.667,24.38],[97.563,24.444],[97.529,24.631],[97.671,24.82],[97.738,24.87],[97.715,25.034],[97.82,25.252],[97.962,25.259],[98.064,25.349],[98.143,25.571],[98.297,25.569],[98.402,25.678],[98.558,25.823],[98.656,25.864],[98.591,26.004],[98.572,26.114],[98.686,26.189],[98.709,26.43],[98.739,26.698],[98.729,26.877],[98.675,27.191],[98.677,27.422],[98.6,27.599],[98.453,27.657],[98.392,27.587],[98.299,27.55],[98.241,27.663],[98.118,28.055],[98.062,28.186],[97.934,28.314],[97.865,28.364],[97.769,28.356],[97.695,28.469],[97.599,28.517],[97.502,28.456],[97.431,28.354],[97.322,28.218],[97.145,28.34],[96.981,28.338],[96.776,28.367],[96.603,28.46],[96.389,28.368],[96.32,28.387],[96.279,28.428],[96.33,28.497],[96.396,28.607],[96.55,28.83],[96.467,29.022],[96.347,29.027],[96.137,28.923],[96.122,29.082],[96.271,29.161],[96.356,29.249],[96.235,29.246],[96.129,29.381],[96.035,29.447],[95.71,29.314],[95.517,29.151],[95.457,29.102],[95.389,29.037],[95.279,29.05],[94.999,29.149],[94.769,29.176],[94.733,29.252],[94.623,29.312],[94.293,29.145],[94.112,28.976],[94.013,28.908],[93.902,28.803],[93.665,28.69],[93.252,28.629],[93.158,28.493],[93.035,28.328],[92.702,28.147],[92.643,28.062],[92.688,28.026],[92.664,27.949],[92.481,27.846],[92.341,27.821],[92.25,27.842],[92.158,27.812],[91.978,27.73],[91.825,27.746],[91.632,27.76],[91.642,27.923],[91.493,27.982],[91.307,28.064],[91.226,28.071],[91.078,27.974],[90.963,27.995],[90.716,28.072],[90.477,28.071],[90.333,28.094],[90.352,28.168],[90.348,28.244],[90.104,28.302],[89.898,28.294],[89.75,28.188],[89.537,28.107],[89.396,27.958],[89.16,27.711],[89.025,27.518],[88.891,27.316],[88.765,27.43],[88.83,27.767],[88.829,27.907],[88.756,28.04],[88.578,28.093],[88.486,28.034],[88.275,27.969],[88.109,27.933],[88.11,27.871],[87.933,27.891],[87.683,27.821],[87.555,27.822],[87.291,27.822],[87.02,27.929],[86.842,27.999],[86.72,28.071],[86.614,28.103],[86.517,27.964],[86.409,27.929],[86.218,28.022],[86.137,28.114],[86.075,27.995],[85.995,27.91],[85.922,27.99],[85.759,28.221],[85.411,28.276],[85.122,28.316],[85.121,28.484],[85.159,28.592],[85.069,28.61],[84.797,28.56],[84.714,28.596],[84.651,28.66],[84.411,28.804],[84.229,28.912],[84.128,29.156],[84.022,29.254],[83.79,29.227],[83.583,29.184],[83.355,29.439],[83.155,29.613],[82.854,29.683],[82.487,29.942],[82.159,30.115],[82.099,30.245],[81.855,30.362],[81.417,30.338],[81.177,30.04],[81.056,30.099],[80.985,30.237],[80.747,30.36],[80.609,30.449],[80.41,30.509],[80.191,30.568],[80.207,30.684],[80.149,30.79],[79.925,30.889],[79.917,30.894],[79.795,30.968],[79.565,30.949],[79.388,31.064],[79.339,31.106],[79.107,31.403],[79.011,31.414],[78.946,31.337],[78.845,31.302],[78.758,31.302],[78.759,31.437],[78.755,31.55],[78.754,31.668],[78.687,31.806],[78.735,31.958],[78.678,32.023],[78.486,32.236],[78.441,32.397],[78.39,32.52],[78.412,32.558],[78.632,32.579],[78.737,32.558],[78.771,32.468],[78.919,32.358],[79.067,32.388],[79.17,32.497],[79.219,32.508],[79.234,32.703],[79.206,32.809],[79.202,32.946],[79.109,33.023],[79.122,33.108],[79.112,33.226],[79.013,33.291],[78.917,33.387],[78.802,33.5],[78.784,33.809],[78.727,34.013],[78.753,34.088],[78.971,34.228],[78.97,34.303],[78.865,34.39],[78.671,34.518],[78.327,34.606],[78.236,34.77],[78.076,35.135],[78.009,35.307],[78.043,35.48],[77.946,35.472],[77.852,35.461],[77.803,35.493],[77.724,35.481],[77.52,35.473],[77.295,35.508],[76.879,35.613],[76.728,35.679],[76.563,35.773],[76.502,35.878],[76.252,35.811],[76.148,35.829],[76.071,35.983],[75.945,36.018],[75.905,36.088],[75.969,36.169],[75.952,36.458],[75.885,36.601],[75.772,36.695],[75.574,36.759],[75.424,36.738],[75.347,36.913],[75.054,36.987],[74.889,36.952],[74.766,37.013],[74.601,37.037],[74.526,37.031],[74.376,37.137],[74.559,37.237],[74.727,37.291],[74.767,37.249],[74.891,37.232],[75.008,37.294],[75.119,37.386],[74.986,37.53],[74.894,37.601],[74.938,37.773],[74.9,37.833],[74.842,38.038],[74.775,38.192],[74.836,38.404],[74.745,38.51],[74.277,38.66],[74.131,38.661],[74.026,38.54],[73.869,38.563],[73.754,38.699],[73.696,38.854],[73.73,38.915],[73.805,38.969],[73.744,39.045],[73.607,39.229],[73.636,39.397],[73.716,39.462],[73.873,39.533],[73.915,39.606],[73.84,39.763],[73.856,39.829],[73.939,39.979],[74.021,40.059],[74.243,40.092],[74.613,40.272],[74.768,40.33],[74.842,40.345],[74.811,40.459],[74.866,40.494],[75.111,40.454],[75.521,40.628],[75.583,40.605],[75.656,40.329],[75.872,40.303],[76.062,40.388],[76.206,40.408],[76.319,40.352],[76.48,40.45],[76.578,40.578],[76.64,40.742],[76.708,40.818],[76.908,41.024],[77.182,41.011],[77.582,40.993],[77.815,41.056],[78.123,41.076],[78.349,41.325],[78.443,41.418],[78.743,41.56],[79.294,41.783],[79.504,41.821],[79.84,41.996],[80.216,42.032],[80.246,42.06],[80.209,42.19],[80.259,42.235],[80.206,42.399],[80.162,42.626],[80.202,42.734],[80.424,42.856],[80.544,42.912],[80.383,42.974],[80.375,43.02],[80.507,43.086],[80.751,43.102],[80.786,43.162],[80.73,43.274],[80.665,43.353],[80.651,43.564],[80.496,43.892],[80.396,44.047],[80.359,44.171],[80.355,44.327],[80.355,44.552],[80.381,44.655],[80.455,44.684],[80.455,44.746],[80.255,44.808],[79.997,44.797],[79.875,44.861],[79.95,44.944],[80.228,45.034],[80.509,45.105],[80.78,45.136],[81.04,45.169],[81.602,45.311],[81.759,45.311],[81.867,45.182],[81.989,45.162],[82.267,45.219],[82.397,45.162],[82.521,45.125],[82.597,45.216],[82.626,45.374],[82.583,45.443],[82.327,45.52],[82.315,45.595],[82.43,45.812],[82.555,46.159],[82.8,46.624],[83.004,47.033],[83.029,47.186],[83.193,47.187],[83.634,47.043],[83.833,46.998],[84.122,46.979],[84.339,46.996],[84.592,46.975],[84.72,46.939],[84.786,46.831],[85.012,46.909],[85.233,47.036],[85.485,47.064],[85.577,47.188],[85.67,47.338],[85.587,47.494],[85.562,47.746],[85.562,48.052],[85.652,48.251],[85.749,48.385],[86.056,48.424],[86.373,48.486],[86.549,48.529],[86.718,48.697],[86.729,48.939],[86.808,49.05],[86.938,49.098],[87.23,49.106],[87.417,49.077],[87.516,49.122],[87.668,49.147],[87.814,49.162],[87.816,49.08],[87.872,49.0],[87.807,48.946],[87.743,48.882],[87.832,48.792],[88.028,48.736],[88.05,48.675],[87.972,48.603],[87.98,48.555],[88.158,48.509],[88.414,48.403],[88.567,48.317],[88.682,48.171],[88.918,48.089],[89.048,48.003],[89.196,47.981],[89.479,48.029],[89.638,47.909],[89.726,47.852],[89.831,47.823],[89.959,47.886],[90.054,47.85],[90.103,47.745],[90.313,47.676],[90.347,47.597],[90.425,47.504],[90.476,47.329],[90.553,47.214],[90.716,47.004],[90.87,46.954],[90.986,46.749],[91.004,46.596],[91.034,46.529],[90.918,46.324],[90.948,46.177],[91.002,46.036],[90.887,45.922],[90.796,45.854],[90.671,45.595],[90.694,45.475],[90.763,45.371],[90.877,45.196],[90.954,45.216],[91.138,45.194],[91.312,45.118],[91.51,45.098],[91.738,45.069],[92.03,45.069],[92.424,45.009],[92.788,45.036],[93.294,44.983],[93.656,44.901],[93.868,44.724],[94.199,44.645],[94.494,44.473],[94.866,44.303],[95.35,44.278],[95.344,44.195],[95.326,44.039],[95.471,43.986],[95.567,43.892],[95.687,43.664],[95.86,43.276],[96.08,43.096],[96.3,42.929],[96.352,42.747],[96.625,42.744],[97.206,42.79],[98.248,42.685],[98.947,42.616],[99.757,42.629],[100.086,42.671],[100.773,42.588],[101.314,42.538],[101.579,42.524],[101.714,42.466],[101.973,42.216],[102.575,42.092],[103.073,42.006],[103.45,41.856],[103.997,41.797],[104.498,41.877],[104.774,41.641],[104.982,41.596],[105.115,41.663],[105.314,41.771],[105.566,41.875],[106.317,42.141],[106.579,42.227],[106.77,42.289],[107.091,42.322],[107.749,42.401],[108.062,42.427],[108.334,42.437],[108.687,42.416],[109.132,42.441],[109.443,42.456],[109.698,42.554],[110.058,42.661],[110.289,42.743],[110.43,42.814],[110.521,42.895],[110.709,43.074],[110.84,43.194],[111.007,43.341],[111.187,43.392],[111.504,43.493],[111.641,43.563],[111.771,43.665],[111.933,43.711],[111.932,43.815],[111.837,43.935],[111.603,44.107],[111.486,44.272],[111.402,44.367],[111.489,44.512],[111.547,44.673],[111.681,44.899],[111.898,45.064],[112.113,45.063],[112.411,45.058],[112.597,44.918],[113.049,44.81],[113.301,44.792],[113.508,44.762],[113.653,44.763],[113.877,44.896],[114.03,44.943],[114.167,45.05],[114.419,45.203],[114.502,45.316],[114.56,45.39],[114.739,45.42],[115.163,45.39],[115.439,45.42],[115.681,45.458],[115.934,45.626],[116.11,45.687],[116.241,45.796],[116.213,45.887],[116.358,46.097],[116.517,46.209],[116.619,46.313],[116.787,46.377],[116.979,46.362],[117.269,46.352],[117.357,46.391],[117.392,46.538],[117.438,46.586],[117.621,46.552],[117.741,46.518],[117.91,46.619],[118.157,46.679],[118.404,46.703],[118.649,46.702],[118.79,46.747],[118.957,46.735],[119.162,46.639],[119.474,46.627],[119.707,46.606],[119.867,46.672],[119.884,46.791],[119.863,46.907],[119.76,47.027],[119.711,47.15],[119.527,47.256],[119.326,47.41],[119.291,47.473],[119.162,47.525],[119.097,47.616],[119.018,47.685],[118.88,47.725],[118.691,47.822],[118.498,47.984],[118.147,48.029],[117.979,48.0],[117.768,47.988],[117.555,47.805],[117.384,47.676],[117.286,47.666],[117.07,47.806],[116.901,47.853],[116.652,47.865],[116.378,47.844],[116.231,47.858],[115.994,47.711],[115.812,47.738],[115.616,47.875],[115.525,48.131],[115.786,48.248],[115.792,48.456],[115.954,48.689],[116.034,48.84],[116.16,49.037],[116.402,49.406],[116.683,49.824],[117.022,49.693],[117.477,49.609],[117.813,49.514],[118.187,49.693],[118.756,49.963],[119.147,50.013],[119.326,50.155],[119.302,50.354],[119.164,50.406],[119.256,50.484],[119.344,50.634],[119.502,50.779],[119.573,50.947],[119.746,51.108],[119.813,51.267],[120.067,51.601],[120.511,51.849],[120.75,52.097],[120.665,52.3],[120.699,52.494],[120.521,52.615],[120.173,52.602],[120.044,52.718],[120.218,52.84],[120.704,53.172],[121.405,53.317],[122.089,53.451],[122.38,53.462],[122.745,53.469],[123.154,53.545],[123.424,53.531],[123.535,53.526],[123.608,53.547],[123.995,53.406],[124.22,53.37],[124.369,53.271],[124.64,53.211],[124.882,53.13],[124.971,53.197],[125.226,53.166],[125.546,53.048],[125.649,53.042],[125.695,52.956],[125.728,52.891],[125.872,52.872],[126.004,52.768],[126.056,52.716],[126.047,52.673],[126.016,52.61],[126.157,52.547],[126.203,52.484],[126.313,52.4],[126.324,52.332],[126.383,52.287],[126.395,52.173],[126.468,52.031],[126.654,51.781],[126.689,51.61],[126.775,51.545],[126.802,51.448],[126.848,51.374],[126.854,51.261],[126.912,51.172],[127.02,50.986],[127.307,50.708],[127.347,50.55],[127.306,50.454],[127.351,50.394],[127.395,50.299],[127.512,50.072],[127.502,49.873],[127.637,49.76],[127.711,49.672],[128.0,49.569],[128.527,49.594],[128.769,49.577],[128.77,49.495],[128.938,49.449],[129.065,49.375],[129.185,49.381],[129.31,49.354],[129.385,49.389],[129.498,49.389],[129.591,49.287],[129.793,49.199],[130.196,48.892],[130.553,48.861],[130.566,48.68],[130.597,48.575],[130.747,48.43],[130.804,48.342],[130.712,48.128],[130.849,47.929],[130.933,47.76],[131.003,47.691],[131.319,47.728],[131.557,47.682],[132.15,47.718],[132.476,47.715],[132.637,47.89],[132.773,47.94],[133.02,48.064],[133.301,48.102],[133.573,48.133],[133.842,48.274],[134.293,48.373],[134.456,48.355],[134.665,48.254],[134.669,48.153],[134.605,48.083],[134.591,47.975],[134.699,47.801],[134.728,47.684],[134.596,47.524],[134.483,47.447],[134.339,47.429],[134.26,47.378],[134.168,47.302],[134.189,47.194],[134.137,47.069],[134.071,46.951],[134.039,46.858],[133.958,46.614],[133.887,46.431],[133.88,46.336],[133.861,46.248],[133.75,46.186],[133.711,46.07],[133.648,45.955],[133.551,45.898],[133.485,45.81],[133.449,45.705],[133.436,45.605],[133.31,45.553],[133.186,45.495],[133.097,45.22],[133.012,45.075],[132.889,45.046],[132.723,45.081],[132.549,45.123],[132.181,45.203],[131.978,45.244],[131.852,45.327],[131.742,45.243],[131.614,45.137],[131.488,45.013],[131.268,44.936],[131.082,44.91],[130.982,44.844],[131.004,44.753],[131.087,44.596],[131.255,44.072],[131.174,43.705],[131.18,43.567],[131.209,43.49],[131.262,43.433],[131.239,43.338],[131.176,43.142],[131.109,43.062],[131.083,42.956],[131.006,42.883],[130.869,42.863],[130.722,42.836],[130.493,42.779],[130.425,42.727],[130.439,42.686],[130.577,42.623],[130.527,42.535],[130.45,42.582],[130.296,42.685],[130.249,42.873],[130.151,42.918],[130.083,42.974],[129.977,42.975],[129.898,42.998],[129.842,42.894],[129.773,42.705],[129.72,42.475],[129.628,42.444],[129.568,42.392],[129.485,42.41],[129.366,42.439],[129.253,42.358],[129.205,42.271],[129.134,42.169],[128.961,42.069],[128.84,42.038],[128.627,42.021],[128.308,42.026],[128.045,41.987],[128.033,41.898],[128.084,41.841],[128.182,41.7],[128.289,41.607],[128.255,41.507],[128.149,41.388],[128.053,41.416],[127.919,41.461],[127.572,41.455],[127.42,41.484],[127.18,41.531],[127.128,41.607],[127.061,41.687],[126.955,41.769],[126.847,41.748],[126.743,41.725],[126.697,41.692],[126.578,41.594],[126.514,41.394],[126.451,41.352],[126.329,41.226],[126.145,41.078],[126.067,40.974],[125.875,40.892],[125.728,40.867],[125.659,40.796],[125.594,40.779],[125.417,40.66],[125.186,40.589],[125.026,40.524],[124.997,40.465],[124.889,40.46],[124.712,40.319],[124.387,40.104],[124.35,40.012],[124.106,39.841],[123.651,39.882],[123.581,39.786],[123.348,39.763],[123.227,39.687],[122.961,39.62],[122.335,39.366],[122.121,39.152],[121.982,39.053],[121.864,38.996],[121.745,39.01],[121.633,38.955],[121.65,38.865],[121.32,38.808],[121.207,38.744],[121.122,38.813],[121.188,38.947],[121.68,39.109],[121.665,39.269],[121.818,39.387],[121.513,39.375],[121.275,39.385],[121.286,39.519],[121.406,39.621],[121.518,39.639],[121.474,39.755],[121.801,39.951],[121.983,40.136],[122.203,40.396],[122.275,40.542],[122.14,40.688],[121.835,40.974],[121.766,40.876],[121.599,40.843],[121.175,40.901],[121.003,40.749],[120.841,40.649],[120.479,40.231],[119.85,39.987],[119.391,39.752],[119.261,39.561],[119.04,39.222],[118.912,39.166],[118.752,39.16],[118.472,39.118],[118.148,39.195],[117.866,39.191],[117.617,38.853],[117.558,38.625],[117.767,38.312],[118.543,38.095],[118.8,38.127],[119.028,37.904],[119.038,37.777],[119.089,37.701],[118.991,37.641],[118.953,37.331],[119.112,37.201],[119.45,37.125],[119.888,37.253],[119.883,37.351],[120.312,37.623],[120.257,37.679],[120.37,37.701],[121.049,37.725],[121.388,37.579],[121.64,37.46],[121.965,37.445],[122.057,37.529],[122.169,37.456],[122.493,37.408],[122.667,37.403],[122.587,37.181],[122.447,37.068],[122.523,37.003],[122.457,36.915],[122.274,36.834],[122.22,36.88],[122.162,36.959],[121.933,36.959],[121.413,36.738],[121.054,36.611],[120.879,36.635],[120.797,36.607],[120.905,36.485],[120.847,36.426],[120.712,36.413],[120.681,36.168],[120.519,36.109],[120.348,36.079],[120.343,36.189],[120.27,36.226],[120.117,36.15],[120.181,36.017],[120.285,35.984],[120.055,35.861],[119.979,35.74],[119.866,35.644],[119.72,35.589],[119.526,35.359],[119.353,35.114],[119.165,34.849],[119.351,34.749],[119.583,34.582],[119.964,34.448],[120.267,34.274],[120.426,33.866],[120.505,33.638],[120.734,33.237],[120.897,32.843],[120.853,32.661],[121.293,32.457],[121.401,32.372],[121.451,32.153],[121.674,32.051],[121.832,31.9],[121.866,31.704],[121.681,31.712],[121.266,31.863],[120.974,31.869],[120.661,32.081],[120.184,31.966],[120.074,31.96],[120.192,31.906],[120.497,32.02],[120.752,31.923],[120.938,31.75],[121.205,31.628],[121.661,31.32],[121.834,31.062],[121.769,30.87],[121.528,30.841],[121.31,30.7],[120.938,30.47],[120.821,30.355],[120.45,30.388],[120.195,30.241],[120.261,30.263],[120.495,30.303],[120.904,30.161],[121.258,30.304],[121.433,30.227],[121.812,29.952],[122.017,29.888],[121.906,29.78],[121.575,29.537],[121.69,29.511],[121.888,29.628],[121.968,29.491],[121.854,29.129],[121.717,29.256],[121.534,29.237],[121.448,29.131],[121.665,29.011],[121.641,28.916],[121.662,28.851],[121.59,28.735],[121.475,28.641],[121.602,28.367],[121.51,28.324],[121.272,28.222],[121.146,28.327],[121.035,28.157],[120.892,28.004],[120.748,28.01],[120.833,27.938],[120.685,27.745],[120.665,27.639],[120.629,27.482],[120.54,27.318],[120.385,27.156],[120.139,26.886],[120.087,26.672],[119.968,26.586],[119.879,26.683],[119.821,26.737],[119.824,26.846],[119.767,26.775],[119.652,26.747],[119.59,26.73],[119.638,26.621],[119.785,26.547],[119.84,26.414],[119.881,26.334],[119.693,26.236],[119.463,26.055],[119.313,26.063],[119.139,26.122],[119.332,25.949],[119.501,26.009],[119.648,25.919],[119.553,25.699],[119.619,25.437],[119.593,25.368],[119.422,25.46],[119.263,25.468],[119.146,25.414],[119.244,25.307],[119.236,25.206],[118.978,25.209],[118.956,25.005],[118.822,24.911],[118.637,24.836],[118.692,24.782],[118.657,24.621],[118.412,24.601],[118.195,24.626],[118.014,24.56],[117.935,24.474],[117.843,24.474],[117.879,24.396],[118.051,24.327],[117.904,24.106],[117.742,24.015],[117.628,23.837],[117.466,23.841],[117.46,23.771],[117.417,23.621],[117.347,23.636],[117.291,23.714],[117.148,23.599],[117.033,23.623],[116.861,23.453],[116.712,23.36],[116.682,23.327],[116.669,23.228],[116.538,23.18],[116.471,22.946],[116.252,22.981],[116.206,22.919],[116.063,22.879],[115.756,22.824],[115.561,22.825],[115.498,22.719],[115.29,22.776],[115.092,22.782],[114.914,22.685],[114.854,22.617],[114.711,22.739],[114.593,22.698],[114.544,22.621],[114.496,22.527],[114.341,22.593],[114.228,22.554],[114.123,22.565],[114.05,22.543],[114.015,22.512],[113.828,22.607],[113.661,22.802],[113.603,22.969],[113.592,23.077],[113.52,23.102],[113.46,22.996],[113.331,22.912],[113.345,22.865],[113.45,22.726],[113.553,22.594],[113.589,22.35],[113.549,22.225],[113.527,22.246],[113.481,22.217],[113.473,22.194],[113.367,22.165],[113.266,22.089],[113.089,22.208],[112.984,21.938],[112.904,21.881],[112.725,21.902],[112.634,21.82],[112.495,21.818],[112.439,21.927],[112.396,21.981],[112.377,21.917],[112.356,21.768],[112.193,21.763],[112.025,21.843],[111.926,21.776],[111.825,21.71],[111.712,21.655],[111.603,21.559],[111.319,21.486],[111.144,21.482],[111.061,21.511],[110.997,21.43],[110.771,21.387],[110.567,21.214],[110.458,21.231],[110.411,21.338],[110.375,21.172],[110.194,21.038],[110.18,20.859],[110.388,20.791],[110.326,20.72],[110.512,20.518],[110.487,20.427],[110.345,20.295],[109.938,20.295],[109.886,20.413],[109.984,20.403],[109.946,20.474],[109.792,20.622],[109.767,20.781],[109.685,20.874],[109.704,21.053],[109.76,21.228],[109.921,21.376],[109.83,21.484],[109.743,21.528],[109.594,21.672],[109.521,21.693],[109.436,21.479],[109.22,21.443],[109.082,21.44],[109.133,21.544],[109.031,21.627],[108.846,21.634],[108.744,21.651],[108.616,21.77],[108.616,21.869],[108.48,21.905],[108.493,21.739],[108.502,21.633],[108.383,21.679],[108.325,21.694],[108.246,21.558],[108.067,21.526],[107.973,21.508]]],[[[110.889,19.992],[110.971,19.883],[111.014,19.655],[110.822,19.558],[110.603,19.207],[110.562,19.135],[110.519,18.97],[110.451,18.748],[110.334,18.673],[110.252,18.656],[110.049,18.505],[110.067,18.448],[109.968,18.422],[109.76,18.348],[109.681,18.247],[109.519,18.218],[109.341,18.3],[109.03,18.368],[108.702,18.535],[108.638,18.866],[108.65,19.265],[108.694,19.338],[108.903,19.481],[109.179,19.674],[109.22,19.757],[109.219,19.843],[109.315,19.904],[109.514,19.904],[109.651,19.984],[110.083,19.993],[110.213,20.056],[110.392,19.976],[110.394,20.059],[110.588,19.976],[110.598,20.098],[110.679,20.137],[110.809,20.014],[110.889,19.992]]]]}},{"type":"Feature","properties":{"iso_a2":"MO"},"geometry":{"type":"Polygon","coordinates":[[[113.479,22.196],[113.494,22.242],[113.548,22.223],[113.499,22.202],[113.479,22.196]]]}},{"type":"Feature","properties":{"iso_a2":"HK"},"geometry":{"type":"MultiPolygon","coordinates":[[[[114.015,22.512],[114.05,22.543],[114.123,22.565],[114.228,22.554],[114.27,22.537],[114.285,22.458],[114.335,22.396],[114.288,22.325],[114.139,22.348],[113.937,22.365],[113.896,22.428],[114.015,22.512]]],[[[114.232,22.211],[114.207,22.195],[114.139,22.268],[114.134,22.292],[114.187,22.297],[114.247,22.264],[114.244,22.234],[114.232,22.211]]],[[[113.998,22.21],[113.877,22.21],[113.852,22.22],[113.839,22.242],[113.882,22.28],[114.044,22.333],[114.003,22.278],[113.998,22.21]]]]}},{"type":"Feature","properties":{"iso_a2":"CL"},"geometry":{"type":"MultiPolygon","coordinates":[[[[-109.28,-27.14],[-109.434,-27.171],[-109.429,-27.116],[-109.39,-27.068],[-109.276,-27.096],[-109.223,-27.101],[-109.28,-27.14]]],[[[-78.804,-33.646],[-78.989,-33.662],[-78.938,-33.614],[-78.877,-33.575],[-78.838,-33.585],[-78.769,-33.627],[-78.804,-33.646]]],[[[-70.418,-18.346],[-70.282,-18.325],[-70.059,-18.283],[-69.84,-18.093],[-69.802,-17.9],[-69.852,-17.704],[-69.685,-17.65],[-69.511,-17.506],[-69.358,-17.772],[-69.282,-17.965],[-69.09,-18.071],[-69.145,-18.144],[-69.092,-18.282],[-69.06,-18.433],[-69.027,-18.656],[-68.969,-18.91],[-68.931,-19.025],[-68.759,-19.162],[-68.621,-19.297],[-68.492,-19.382],[-68.463,-19.433],[-68.575,-19.56],[-68.696,-19.741],[-68.559,-19.902],[-68.6,-20.045],[-68.756,-20.091],[-68.73,-20.148],[-68.689,-20.31],[-68.759,-20.378],[-68.745,-20.459],[-68.5,-20.612],[-68.487,-20.641],[-68.571,-20.769],[-68.558,-20.902],[-68.435,-20.948],[-68.197,-21.3],[-68.186,-21.619],[-68.102,-21.861],[-67.988,-22.057],[-67.945,-22.282],[-67.882,-22.493],[-67.89,-22.729],[-67.879,-22.823],[-67.794,-22.879],[-67.58,-22.892],[-67.195,-22.822],[-67.09,-23.245],[-67.319,-23.935],[-67.356,-24.034],[-67.886,-24.243],[-68.25,-24.392],[-68.358,-24.497],[-68.447,-24.597],[-68.562,-24.747],[-68.527,-24.899],[-68.447,-24.999],[-68.384,-25.092],[-68.431,-25.149],[-68.541,-25.237],[-68.6,-25.486],[-68.511,-25.741],[-68.415,-26.154],[-68.576,-26.352],[-68.592,-26.47],[-68.485,-26.67],[-68.319,-26.878],[-68.346,-27.028],[-68.537,-27.085],[-68.652,-27.148],[-68.77,-27.115],[-68.875,-27.247],[-68.999,-27.449],[-69.119,-27.744],[-69.174,-27.925],[-69.341,-28.071],[-69.437,-28.193],[-69.527,-28.286],[-69.688,-28.562],[-69.743,-28.784],[-69.828,-29.103],[-69.996,-29.25],[-69.983,-29.545],[-69.924,-29.874],[-69.96,-30.078],[-69.863,-30.12],[-69.888,-30.213],[-69.956,-30.358],[-70.153,-30.361],[-70.161,-30.44],[-70.269,-30.677],[-70.348,-30.902],[-70.312,-30.993],[-70.351,-31.06],[-70.429,-31.129],[-70.52,-31.148],[-70.555,-31.317],[-70.585,-31.569],[-70.45,-31.842],[-70.331,-31.881],[-70.254,-31.958],[-70.356,-32.042],[-70.345,-32.176],[-70.258,-32.31],[-70.17,-32.472],[-70.116,-32.807],[-70.022,-32.885],[-70.093,-33.027],[-70.085,-33.202],[-69.969,-33.279],[-69.82,-33.284],[-69.798,-33.399],[-69.883,-33.601],[-69.881,-33.93],[-69.857,-34.18],[-69.88,-34.254],[-70.003,-34.276],[-70.063,-34.35],[-70.141,-34.493],[-70.255,-34.673],[-70.287,-34.775],[-70.338,-34.922],[-70.467,-35.194],[-70.555,-35.247],[-70.47,-35.326],[-70.457,-35.452],[-70.42,-35.609],[-70.416,-35.879],[-70.405,-36.062],[-70.563,-36.146],[-70.722,-36.283],[-70.749,-36.393],[-70.853,-36.412],[-70.978,-36.487],[-71.073,-36.578],[-71.107,-36.685],[-71.192,-36.844],[-71.124,-37.057],[-71.163,-37.227],[-71.165,-37.393],[-71.163,-37.559],[-71.168,-37.762],[-71.028,-38.041],[-71.0,-38.315],[-70.9,-38.498],[-70.859,-38.604],[-70.952,-38.738],[-71.197,-38.809],[-71.353,-38.889],[-71.426,-38.986],[-71.42,-39.287],[-71.508,-39.495],[-71.531,-39.564],[-71.587,-39.611],[-71.693,-39.605],[-71.697,-39.707],[-71.638,-39.887],[-71.66,-40.021],[-71.764,-40.095],[-71.818,-40.177],[-71.723,-40.3],[-71.709,-40.382],[-71.805,-40.439],[-71.884,-40.621],[-71.941,-40.789],[-71.881,-40.995],[-71.892,-41.393],[-71.898,-41.607],[-71.844,-41.772],[-71.75,-42.047],[-71.861,-42.148],[-71.993,-42.134],[-72.064,-42.205],[-72.125,-42.298],[-72.053,-42.473],[-72.144,-42.577],[-72.114,-42.777],[-72.102,-43.066],[-71.899,-43.145],[-71.751,-43.237],[-71.82,-43.323],[-71.905,-43.44],[-71.751,-43.59],[-71.737,-43.705],[-71.716,-43.858],[-71.716,-43.984],[-71.812,-44.106],[-71.831,-44.241],[-71.82,-44.383],[-71.213,-44.441],[-71.16,-44.56],[-71.261,-44.763],[-71.455,-44.75],[-71.652,-44.77],[-71.957,-44.792],[-72.073,-44.82],[-71.812,-44.931],[-71.531,-45.068],[-71.354,-45.23],[-71.49,-45.438],[-71.693,-45.535],[-71.773,-45.724],[-71.68,-45.879],[-71.684,-46.042],[-71.876,-46.161],[-71.778,-46.28],[-71.731,-46.428],[-71.7,-46.651],[-71.856,-46.792],[-71.957,-46.937],[-71.954,-47.087],[-71.905,-47.202],[-72.042,-47.241],[-72.283,-47.446],[-72.342,-47.572],[-72.472,-47.784],[-72.509,-47.973],[-72.328,-48.11],[-72.355,-48.366],[-72.583,-48.475],[-72.586,-48.663],[-72.614,-48.793],[-72.728,-48.896],[-72.982,-48.977],[-73.095,-49.097],[-73.135,-49.301],[-73.484,-49.398],[-73.576,-49.583],[-73.47,-49.795],[-73.508,-50.03],[-73.387,-50.231],[-73.274,-50.473],[-73.222,-50.611],[-73.153,-50.738],[-72.956,-50.696],[-72.804,-50.638],[-72.51,-50.608],[-72.393,-50.634],[-72.301,-50.79],[-72.307,-51.033],[-72.377,-51.095],[-72.302,-51.223],[-72.366,-51.47],[-72.335,-51.62],[-72.137,-51.744],[-71.953,-51.88],[-71.919,-51.99],[-71.415,-51.994],[-70.483,-52.002],[-69.713,-52.075],[-69.206,-52.136],[-68.715,-52.255],[-68.461,-52.29],[-69.007,-52.263],[-69.241,-52.205],[-69.561,-52.422],[-69.763,-52.506],[-70.391,-52.661],[-70.68,-52.712],[-70.839,-52.89],[-70.952,-53.227],[-70.985,-53.448],[-70.996,-53.779],[-71.298,-53.883],[-71.694,-53.803],[-72.101,-53.666],[-72.377,-53.471],[-72.413,-53.35],[-72.249,-53.247],[-71.942,-53.234],[-71.828,-53.398],[-71.903,-53.496],[-71.791,-53.485],[-71.4,-53.107],[-71.18,-52.921],[-71.155,-52.846],[-71.388,-52.764],[-72.129,-53.064],[-72.458,-53.254],[-72.531,-53.372],[-72.727,-53.42],[-73.053,-53.243],[-72.916,-53.122],[-72.889,-52.872],[-72.728,-52.762],[-72.632,-52.774],[-72.453,-52.814],[-71.979,-52.646],[-71.591,-52.661],[-71.511,-52.605],[-71.812,-52.537],[-72.315,-52.539],[-72.478,-52.604],[-72.645,-52.529],[-72.777,-52.577],[-72.802,-52.712],[-73.02,-52.892],[-73.023,-53.022],[-73.122,-53.074],[-73.46,-52.965],[-73.645,-52.837],[-73.241,-52.707],[-73.073,-52.535],[-73.184,-52.488],[-73.244,-52.624],[-73.586,-52.686],[-73.915,-52.688],[-74.036,-52.577],[-74.037,-52.403],[-74.151,-52.383],[-74.238,-52.202],[-74.296,-52.118],[-74.195,-52.12],[-74.04,-52.159],[-73.749,-52.216],[-73.685,-52.137],[-73.649,-52.078],[-73.458,-52.146],[-73.26,-52.158],[-72.944,-52.047],[-72.795,-51.95],[-72.695,-51.985],[-72.65,-52.1],[-72.571,-52.2],[-72.694,-52.33],[-72.677,-52.385],[-72.569,-52.334],[-72.523,-52.255],[-72.524,-52.17],[-72.625,-52.007],[-72.523,-51.891],[-72.49,-51.764],[-72.761,-51.573],[-73.169,-51.454],[-73.163,-51.496],[-72.789,-51.614],[-72.649,-51.695],[-72.6,-51.799],[-73.189,-51.991],[-73.518,-52.041],[-73.65,-51.856],[-73.811,-51.801],[-73.894,-51.758],[-74.146,-51.712],[-74.07,-51.579],[-73.896,-51.331],[-74.121,-51.195],[-74.332,-51.195],[-74.508,-51.15],[-74.69,-51.087],[-74.983,-50.881],[-75.095,-50.681],[-74.686,-50.662],[-74.702,-50.535],[-74.722,-50.408],[-74.564,-50.382],[-74.331,-50.56],[-74.156,-50.797],[-73.847,-50.94],[-73.825,-50.836],[-73.659,-50.651],[-73.614,-50.628],[-73.654,-50.493],[-73.75,-50.54],[-73.978,-50.827],[-74.164,-50.638],[-74.186,-50.485],[-74.031,-50.47],[-74.374,-50.363],[-74.516,-50.266],[-74.434,-50.065],[-74.019,-50.023],[-74.011,-49.929],[-74.171,-49.907],[-74.319,-49.72],[-74.23,-49.579],[-73.956,-49.593],[-73.836,-49.609],[-73.988,-49.491],[-74.083,-49.362],[-74.023,-49.244],[-74.015,-49.091],[-73.938,-49.046],[-74.028,-49.026],[-74.074,-49.188],[-74.168,-49.321],[-74.221,-49.501],[-74.349,-49.426],[-74.358,-49.351],[-74.382,-48.794],[-74.228,-48.517],[-74.129,-48.504],[-74.009,-48.475],[-74.27,-48.455],[-74.474,-48.464],[-74.577,-48.274],[-74.585,-47.999],[-74.25,-48.045],[-73.528,-48.198],[-73.391,-48.146],[-73.57,-48.019],[-73.629,-47.942],[-73.716,-47.655],[-73.779,-47.738],[-73.941,-47.929],[-74.227,-47.969],[-74.379,-47.891],[-74.43,-47.8],[-74.609,-47.758],[-74.588,-47.618],[-74.467,-47.578],[-74.323,-47.667],[-74.152,-47.627],[-74.191,-47.568],[-74.324,-47.531],[-74.403,-47.328],[-74.158,-47.183],[-74.152,-46.974],[-74.314,-46.788],[-74.484,-46.795],[-74.467,-46.864],[-74.512,-46.885],[-74.811,-46.8],[-75.031,-46.695],[-74.984,-46.512],[-75.146,-46.6],[-75.478,-46.662],[-75.565,-46.729],[-75.446,-46.751],[-75.401,-46.906],[-75.497,-46.94],[-75.708,-46.775],[-75.657,-46.61],[-75.376,-46.429],[-75.075,-46.235],[-74.998,-46.098],[-75.067,-45.875],[-74.631,-45.845],[-74.369,-45.81],[-74.158,-45.767],[-74.082,-45.678],[-74.099,-45.603],[-74.099,-45.46],[-73.957,-45.404],[-73.825,-45.447],[-73.882,-45.569],[-74.0,-45.895],[-74.02,-46.056],[-74.357,-46.213],[-74.372,-46.246],[-74.09,-46.222],[-73.929,-46.05],[-73.813,-45.818],[-73.695,-45.86],[-73.708,-46.07],[-73.935,-46.501],[-73.944,-46.572],[-73.77,-46.5],[-73.662,-46.297],[-73.652,-46.159],[-73.592,-45.899],[-73.662,-45.731],[-73.78,-45.628],[-73.55,-45.484],[-73.266,-45.346],[-72.978,-45.451],[-72.941,-45.417],[-73.064,-45.36],[-73.445,-45.238],[-73.362,-44.978],[-73.078,-44.92],[-72.68,-44.594],[-72.828,-44.395],[-73.141,-44.237],[-73.241,-44.066],[-73.069,-43.862],[-73.101,-43.455],[-72.94,-43.211],[-72.878,-43.048],[-72.755,-42.993],[-72.845,-42.808],[-72.774,-42.505],[-72.632,-42.51],[-72.785,-42.301],[-72.707,-42.221],[-72.548,-42.256],[-72.412,-42.388],[-72.499,-41.981],[-72.738,-41.995],[-72.824,-41.909],[-72.744,-41.801],[-72.486,-41.722],[-72.318,-41.499],[-72.428,-41.646],[-72.601,-41.684],[-72.805,-41.544],[-72.953,-41.515],[-73.174,-41.747],[-73.521,-41.797],[-73.735,-41.742],[-73.688,-41.639],[-73.624,-41.581],[-73.811,-41.517],[-73.876,-41.319],[-73.984,-40.974],[-73.784,-40.468],[-73.669,-40.082],[-73.482,-39.854],[-73.25,-39.422],[-73.481,-38.624],[-73.533,-38.367],[-73.465,-38.04],[-73.662,-37.699],[-73.603,-37.479],[-73.634,-37.255],[-73.375,-37.224],[-73.216,-37.167],[-73.151,-36.876],[-73.118,-36.688],[-72.968,-36.538],[-72.778,-35.979],[-72.587,-35.76],[-72.562,-35.505],[-72.455,-35.341],[-72.224,-35.096],[-72.056,-34.616],[-71.992,-34.288],[-71.927,-34.016],[-71.831,-33.82],[-71.636,-33.519],[-71.697,-33.289],[-71.636,-33.023],[-71.452,-32.66],[-71.421,-32.387],[-71.526,-31.806],[-71.662,-31.17],[-71.706,-30.759],[-71.669,-30.33],[-71.348,-29.933],[-71.327,-29.443],[-71.486,-29.198],[-71.494,-28.855],[-71.307,-28.672],[-71.186,-28.378],[-71.087,-27.814],[-70.946,-27.618],[-70.909,-27.505],[-70.898,-27.188],[-70.803,-26.841],[-70.687,-26.422],[-70.662,-26.225],[-70.7,-25.861],[-70.633,-25.546],[-70.49,-25.376],[-70.445,-25.173],[-70.574,-24.644],[-70.507,-24.13],[-70.507,-23.886],[-70.41,-23.656],[-70.42,-23.529],[-70.588,-23.368],[-70.569,-23.173],[-70.45,-23.034],[-70.332,-22.849],[-70.229,-22.193],[-70.155,-21.867],[-70.088,-21.493],[-70.088,-21.253],[-70.194,-20.531],[-70.148,-19.805],[-70.198,-19.613],[-70.276,-19.268],[-70.336,-18.595],[-70.418,-18.346]]],[[[-68.63,-52.653],[-68.633,-53.242],[-68.637,-53.789],[-68.64,-54.324],[-68.653,-54.854],[-68.844,-54.877],[-69.486,-54.859],[-69.723,-54.712],[-69.899,-54.782],[-70.138,-54.819],[-70.259,-54.756],[-70.497,-54.81],[-70.925,-54.714],[-71.441,-54.62],[-71.902,-54.602],[-71.907,-54.495],[-71.8,-54.434],[-71.606,-54.497],[-71.5,-54.445],[-71.355,-54.395],[-71.08,-54.444],[-70.946,-54.398],[-70.898,-54.338],[-70.699,-54.349],[-70.701,-54.485],[-70.418,-54.502],[-70.298,-54.486],[-70.54,-54.303],[-70.76,-54.241],[-70.857,-53.996],[-70.644,-53.823],[-70.619,-53.655],[-70.443,-53.893],[-70.461,-54.006],[-70.535,-54.136],[-70.246,-54.277],[-70.169,-54.379],[-69.867,-54.367],[-69.742,-54.306],[-69.419,-54.407],[-69.325,-54.488],[-69.312,-54.571],[-69.169,-54.483],[-69.077,-54.445],[-69.044,-54.407],[-69.988,-54.109],[-70.151,-53.888],[-70.091,-53.722],[-69.69,-53.601],[-69.352,-53.48],[-69.394,-53.373],[-69.637,-53.334],[-69.874,-53.35],[-70.213,-53.414],[-70.416,-53.305],[-70.46,-53.143],[-70.391,-53.026],[-70.256,-53.004],[-70.161,-52.97],[-70.14,-52.919],[-70.259,-52.857],[-70.38,-52.752],[-70.19,-52.724],[-69.994,-52.821],[-69.883,-52.799],[-69.663,-52.646],[-69.498,-52.491],[-69.167,-52.668],[-68.79,-52.577],[-68.659,-52.632],[-68.63,-52.653]]],[[[-67.08,-55.154],[-67.173,-55.243],[-67.34,-55.293],[-67.429,-55.237],[-67.463,-55.182],[-67.535,-55.179],[-67.691,-55.243],[-67.768,-55.26],[-68.1,-55.207],[-68.174,-55.071],[-68.107,-54.929],[-67.425,-54.969],[-67.107,-55.064],[-67.08,-55.154]]],[[[-73.773,-43.346],[-73.919,-43.372],[-74.114,-43.358],[-74.355,-43.264],[-74.373,-43.186],[-74.209,-42.879],[-74.199,-42.481],[-74.174,-42.382],[-74.17,-42.269],[-74.072,-42.106],[-74.057,-42.002],[-74.031,-41.854],[-74.037,-41.796],[-73.528,-41.896],[-73.478,-42.047],[-73.423,-42.193],[-73.533,-42.314],[-73.471,-42.466],[-73.634,-42.508],[-73.715,-42.545],[-73.767,-42.622],[-73.568,-42.762],[-73.436,-42.937],[-73.541,-43.074],[-73.75,-43.159],[-73.773,-43.346]]],[[[-74.476,-49.148],[-74.484,-49.442],[-74.516,-49.66],[-74.459,-49.691],[-74.496,-49.859],[-74.57,-49.991],[-74.703,-50.019],[-74.811,-49.93],[-74.822,-49.814],[-74.882,-49.692],[-74.812,-49.605],[-74.781,-49.489],[-74.719,-49.437],[-74.744,-49.422],[-74.981,-49.564],[-74.994,-49.752],[-75.066,-49.852],[-75.3,-49.847],[-75.55,-49.791],[-75.521,-49.622],[-75.306,-49.494],[-75.429,-49.408],[-75.433,-49.322],[-75.27,-49.263],[-75.086,-49.27],[-75.21,-49.148],[-75.037,-49.022],[-74.945,-48.889],[-74.97,-48.791],[-74.793,-48.705],[-74.652,-48.75],[-74.546,-48.767],[-74.476,-49.148]]],[[[-75.51,-48.763],[-75.651,-48.586],[-75.509,-48.231],[-75.571,-48.096],[-75.391,-48.02],[-75.275,-48.218],[-75.158,-48.623],[-75.434,-48.721],[-75.51,-48.763]]],[[[-74.386,-52.922],[-74.33,-52.929],[-74.066,-52.965],[-73.782,-53.056],[-73.549,-53.126],[-73.451,-53.144],[-73.302,-53.259],[-73.135,-53.354],[-73.409,-53.321],[-73.567,-53.307],[-73.596,-53.253],[-73.794,-53.121],[-73.994,-53.076],[-74.236,-53.076],[-74.414,-52.995],[-74.62,-52.835],[-74.712,-52.749],[-74.572,-52.771],[-74.422,-52.86],[-74.386,-52.922]]],[[[-74.567,-48.592],[-74.71,-48.601],[-75.013,-48.536],[-75.079,-48.362],[-75.158,-48.225],[-75.234,-48.053],[-75.198,-47.975],[-74.896,-47.839],[-74.846,-48.021],[-74.729,-48.126],[-74.702,-48.206],[-74.615,-48.343],[-74.6,-48.393],[-74.567,-48.592]]],[[[-72.923,-53.482],[-72.882,-53.578],[-72.685,-53.558],[-72.459,-53.599],[-72.307,-53.725],[-72.306,-53.862],[-72.369,-53.981],[-72.471,-54.028],[-72.677,-54.079],[-72.84,-54.125],[-72.907,-54.115],[-72.959,-54.066],[-72.782,-53.955],[-72.872,-53.849],[-72.984,-53.861],[-73.073,-53.875],[-73.071,-53.978],[-73.12,-54.009],[-73.305,-53.944],[-73.293,-53.836],[-73.314,-53.729],[-73.36,-53.724],[-73.582,-53.655],[-73.845,-53.546],[-73.447,-53.41],[-73.099,-53.512],[-73.111,-53.425],[-73.054,-53.394],[-72.971,-53.423],[-72.923,-53.482]]],[[[-74.823,-51.63],[-74.75,-51.852],[-74.537,-51.965],[-74.666,-52.16],[-74.852,-52.271],[-75.017,-52.038],[-75.105,-51.789],[-74.915,-51.738],[-74.823,-51.63]]],[[[-69.703,-54.919],[-68.654,-54.958],[-68.4,-55.042],[-68.613,-55.156],[-68.382,-55.192],[-68.283,-55.255],[-68.327,-55.333],[-68.153,-55.437],[-68.058,-55.518],[-68.048,-55.643],[-68.157,-55.634],[-68.293,-55.521],[-68.467,-55.489],[-68.694,-55.452],[-68.867,-55.45],[-68.931,-55.371],[-68.889,-55.263],[-68.913,-55.239],[-69.047,-55.244],[-69.193,-55.172],[-69.356,-55.274],[-69.299,-55.369],[-69.241,-55.477],[-69.456,-55.424],[-69.61,-55.34],[-69.656,-55.298],[-69.68,-55.219],[-69.854,-55.22],[-69.887,-55.174],[-69.988,-55.131],[-69.921,-55.061],[-69.703,-54.919]]],[[[-71.39,-54.033],[-71.022,-54.112],[-71.005,-54.247],[-71.083,-54.316],[-71.143,-54.374],[-71.473,-54.231],[-71.671,-54.225],[-71.818,-54.276],[-71.972,-54.207],[-72.21,-54.048],[-72.069,-53.921],[-71.705,-53.923],[-71.39,-54.033]]],[[[-73.735,-44.395],[-73.862,-44.445],[-73.996,-44.538],[-73.919,-44.655],[-73.828,-44.84],[-73.795,-44.979],[-73.727,-45.119],[-73.728,-45.196],[-73.771,-45.277],[-73.834,-45.327],[-74.016,-45.345],[-74.089,-45.196],[-74.268,-45.059],[-74.419,-44.865],[-74.618,-44.648],[-74.502,-44.474],[-74.301,-44.396],[-74.133,-44.416],[-74.108,-44.276],[-73.995,-44.14],[-73.865,-44.185],[-73.703,-44.274],[-73.735,-44.395]]],[[[-72.986,-44.78],[-73.35,-44.833],[-73.42,-44.725],[-73.404,-44.596],[-73.282,-44.49],[-73.272,-44.394],[-73.208,-44.335],[-72.842,-44.458],[-72.764,-44.549],[-72.897,-44.712],[-72.986,-44.78]]],[[[-75.042,-44.89],[-75.099,-44.902],[-75.142,-44.816],[-75.079,-44.795],[-75.032,-44.871],[-75.042,-44.89]]],[[[-75.302,-50.68],[-75.411,-50.764],[-75.453,-50.683],[-75.443,-50.596],[-75.428,-50.481],[-75.156,-50.497],[-75.16,-50.554],[-75.292,-50.597],[-75.302,-50.68]]],[[[-75.107,-48.837],[-75.263,-49.069],[-75.506,-49.231],[-75.641,-49.195],[-75.488,-49.082],[-75.54,-48.988],[-75.638,-48.943],[-75.583,-48.859],[-75.49,-48.85],[-75.236,-48.779],[-75.107,-48.837]]],[[[-75.112,-47.838],[-75.194,-47.818],[-75.203,-47.728],[-75.004,-47.695],[-74.916,-47.757],[-75.084,-47.825],[-75.112,-47.838]]],[[[-74.669,-43.608],[-74.843,-43.596],[-74.818,-43.549],[-74.697,-43.553],[-74.665,-43.6],[-74.669,-43.608]]],[[[-73.632,-44.821],[-73.695,-44.831],[-73.735,-44.752],[-73.818,-44.652],[-73.779,-44.559],[-73.686,-44.546],[-73.628,-44.681],[-73.632,-44.821]]],[[[-74.559,-51.277],[-74.593,-51.388],[-74.691,-51.37],[-74.797,-51.412],[-74.937,-51.428],[-75.146,-51.524],[-75.289,-51.625],[-75.238,-51.454],[-75.154,-51.279],[-74.881,-51.279],[-74.612,-51.207],[-74.559,-51.277]]],[[[-75.055,-50.296],[-75.308,-50.343],[-75.412,-50.257],[-75.377,-50.168],[-75.327,-50.012],[-75.123,-50.055],[-74.876,-50.11],[-74.963,-50.237],[-75.055,-50.296]]],[[[-73.811,-43.827],[-73.834,-43.883],[-73.938,-43.914],[-74.118,-43.888],[-74.14,-43.821],[-73.857,-43.784],[-73.811,-43.827]]],[[[-74.142,-51.931],[-74.283,-51.919],[-74.424,-51.845],[-74.475,-51.726],[-74.362,-51.751],[-74.277,-51.812],[-74.115,-51.888],[-74.142,-51.931]]],[[[-74.313,-45.692],[-74.466,-45.757],[-74.678,-45.739],[-74.646,-45.6],[-74.495,-45.426],[-74.45,-45.253],[-74.311,-45.173],[-74.315,-45.464],[-74.229,-45.611],[-74.313,-45.692]]],[[[-67.575,-55.89],[-67.7,-55.873],[-67.846,-55.857],[-67.834,-55.828],[-67.545,-55.826],[-67.51,-55.844],[-67.575,-55.89]]],[[[-66.472,-55.229],[-66.611,-55.27],[-66.637,-55.234],[-66.6,-55.194],[-66.523,-55.166],[-66.472,-55.229]]],[[[-70.992,-54.868],[-70.928,-54.943],[-70.749,-54.953],[-70.535,-54.921],[-70.283,-55.066],[-70.404,-55.166],[-70.543,-55.161],[-70.551,-55.112],[-70.641,-55.085],[-70.744,-55.104],[-70.94,-55.062],[-70.967,-55.007],[-71.12,-54.938],[-71.274,-54.887],[-71.325,-54.914],[-71.407,-54.931],[-71.437,-54.889],[-71.374,-54.835],[-71.089,-54.867],[-70.992,-54.868]]],[[[-67.289,-55.777],[-67.352,-55.766],[-67.56,-55.725],[-67.546,-55.684],[-67.449,-55.641],[-67.374,-55.589],[-67.31,-55.689],[-67.267,-55.763],[-67.289,-55.777]]]]}},{"type":"Feature","properties":{"iso_a2":"CA"},"geometry":{"type":"MultiPolygon","coordinates":[[[[-132.656,54.127],[-132.344,54.106],[-132.262,54.076],[-132.166,53.955],[-132.175,53.847],[-132.565,53.688],[-132.567,53.664],[-132.464,53.653],[-132.172,53.707],[-132.114,53.86],[-132.136,53.996],[-131.941,54.042],[-131.696,54.143],[-131.685,54.023],[-131.821,53.842],[-131.922,53.588],[-131.957,53.309],[-132.347,53.189],[-132.675,53.263],[-132.693,53.368],[-132.546,53.359],[-132.425,53.337],[-132.67,53.459],[-132.898,53.563],[-132.913,53.629],[-133.079,53.837],[-133.098,54.006],[-133.048,54.159],[-132.893,54.141],[-132.656,54.127]]],[[[-131.754,53.196],[-131.622,53.02],[-131.795,52.885],[-131.916,52.909],[-131.904,52.867],[-131.727,52.756],[-131.455,52.702],[-131.591,52.578],[-131.43,52.422],[-131.274,52.426],[-131.26,52.39],[-131.32,52.303],[-131.143,52.291],[-131.222,52.154],[-131.511,52.322],[-131.624,52.444],[-132.092,52.753],[-132.239,52.867],[-132.258,52.934],[-132.145,52.957],[-132.469,53.072],[-132.547,53.138],[-132.345,53.136],[-132.036,53.179],[-131.893,53.231],[-131.754,53.196]]],[[[-127.197,50.64],[-126.204,50.454],[-125.615,50.359],[-125.482,50.317],[-125.314,50.107],[-125.066,49.848],[-124.905,49.685],[-124.931,49.643],[-124.643,49.429],[-124.186,49.301],[-123.937,49.171],[-123.82,49.083],[-123.627,48.824],[-123.473,48.602],[-123.443,48.69],[-123.39,48.67],[-123.284,48.455],[-123.335,48.406],[-123.485,48.4],[-123.573,48.323],[-123.917,48.387],[-124.376,48.515],[-124.868,48.654],[-125.121,48.761],[-125.136,48.822],[-124.85,49.028],[-124.8,49.142],[-124.821,49.207],[-124.868,49.079],[-124.927,49.014],[-125.363,48.998],[-125.489,48.934],[-125.66,49.029],[-125.812,49.107],[-125.644,49.186],[-125.694,49.19],[-125.796,49.26],[-125.918,49.25],[-125.984,49.288],[-125.935,49.401],[-126.048,49.379],[-126.1,49.421],[-126.244,49.443],[-126.28,49.392],[-126.419,49.449],[-126.5,49.4],[-126.549,49.419],[-126.557,49.579],[-126.443,49.619],[-126.134,49.672],[-126.403,49.678],[-126.525,49.72],[-126.593,49.764],[-126.745,49.905],[-126.903,49.944],[-126.948,49.903],[-127.049,49.872],[-127.166,49.91],[-127.208,49.992],[-127.18,50.073],[-127.216,50.121],[-127.268,50.129],[-127.29,50.071],[-127.398,50.085],[-127.467,50.163],[-127.77,50.121],[-127.864,50.128],[-127.828,50.211],[-127.851,50.314],[-127.963,50.346],[-127.874,50.464],[-127.641,50.479],[-127.487,50.405],[-127.524,50.496],[-127.466,50.583],[-127.751,50.607],[-127.731,50.536],[-127.964,50.493],[-128.136,50.521],[-128.35,50.697],[-128.301,50.794],[-128.101,50.858],[-127.713,50.821],[-127.197,50.64]]],[[[-130.025,55.888],[-130.023,56.015],[-130.098,56.109],[-130.413,56.123],[-130.649,56.264],[-130.93,56.379],[-131.199,56.449],[-131.472,56.557],[-131.652,56.596],[-131.833,56.685],[-131.866,56.793],[-132.104,56.857],[-132.032,57.027],[-132.338,57.079],[-132.232,57.199],[-132.442,57.407],[-132.692,57.645],[-132.917,57.877],[-133.12,58.078],[-133.423,58.337],[-133.546,58.503],[-133.821,58.705],[-134.069,58.796],[-134.297,58.898],[-134.364,58.969],[-134.41,59.056],[-134.622,59.155],[-134.802,59.25],[-134.944,59.288],[-135.051,59.496],[-135.051,59.579],[-135.368,59.743],[-135.703,59.729],[-136.097,59.638],[-136.247,59.533],[-136.348,59.456],[-136.467,59.28],[-136.813,59.15],[-137.126,59.041],[-137.439,58.903],[-137.484,58.991],[-137.593,59.226],[-137.871,59.374],[-138.187,59.542],[-138.454,59.683],[-138.705,59.901],[-139.043,59.993],[-139.137,60.173],[-139.079,60.344],[-139.468,60.334],[-139.831,60.253],[-140.197,60.237],[-140.525,60.218],[-141.002,60.3],[-141.002,60.885],[-141.002,61.469],[-141.002,62.053],[-141.002,62.638],[-141.002,63.222],[-141.002,63.807],[-141.002,64.391],[-141.002,64.976],[-141.002,65.56],[-141.002,66.144],[-141.002,66.729],[-141.002,67.313],[-141.002,67.898],[-141.002,68.482],[-141.002,69.066],[-141.002,69.651],[-140.405,69.602],[-139.182,69.516],[-138.291,69.219],[-137.869,69.093],[-137.07,68.951],[-136.499,68.897],[-135.867,68.833],[-135.259,68.684],[-135.407,68.829],[-135.638,68.892],[-135.895,68.927],[-135.925,68.993],[-135.695,69.001],[-135.576,69.027],[-135.743,69.049],[-135.91,69.111],[-135.615,69.291],[-135.293,69.308],[-135.23,69.425],[-135.141,69.468],[-134.494,69.468],[-134.491,69.545],[-134.474,69.633],[-134.409,69.682],[-134.19,69.639],[-134.077,69.558],[-133.88,69.508],[-134.018,69.388],[-134.174,69.253],[-133.694,69.368],[-133.294,69.412],[-133.084,69.471],[-132.915,69.63],[-132.527,69.643],[-132.404,69.659],[-132.479,69.693],[-132.571,69.707],[-132.488,69.738],[-132.232,69.708],[-131.934,69.753],[-131.441,69.918],[-131.216,69.901],[-131.032,69.979],[-130.926,70.052],[-130.498,70.143],[-130.275,70.098],[-130.043,70.095],[-129.898,70.106],[-129.676,70.193],[-129.538,70.105],[-129.648,69.998],[-130.709,69.686],[-130.96,69.632],[-131.306,69.597],[-131.863,69.549],[-131.989,69.518],[-132.197,69.365],[-132.481,69.273],[-132.817,69.206],[-133.089,69.029],[-133.379,68.887],[-133.373,68.788],[-133.197,68.74],[-133.192,68.777],[-133.337,68.835],[-132.706,68.815],[-132.533,68.876],[-132.704,68.896],[-132.765,68.972],[-132.755,69.042],[-132.545,69.141],[-132.214,69.202],[-131.92,69.291],[-131.787,69.371],[-131.82,69.402],[-131.632,69.459],[-131.343,69.435],[-131.325,69.361],[-131.209,69.432],[-131.113,69.459],[-131.013,69.429],[-130.982,69.253],[-130.914,69.285],[-130.661,69.481],[-130.354,69.656],[-129.572,69.827],[-129.109,69.882],[-128.984,69.933],[-128.884,69.963],[-128.939,69.875],[-129.158,69.8],[-129.102,69.717],[-128.971,69.712],[-128.706,69.81],[-128.359,69.988],[-128.096,70.161],[-127.684,70.26],[-128.034,70.315],[-127.989,70.363],[-128.17,70.418],[-128.127,70.524],[-127.991,70.574],[-127.753,70.517],[-127.226,70.296],[-126.927,70.062],[-126.759,69.853],[-126.612,69.73],[-126.064,69.467],[-125.728,69.38],[-125.387,69.349],[-125.167,69.48],[-125.357,69.626],[-125.219,69.732],[-125.201,69.829],[-125.08,69.818],[-124.968,69.894],[-124.794,69.969],[-124.863,70.006],[-124.963,70.013],[-124.952,70.042],[-124.706,70.117],[-124.555,70.151],[-124.444,70.111],[-124.467,69.983],[-124.407,69.767],[-124.125,69.69],[-124.398,69.494],[-124.481,69.425],[-124.426,69.379],[-124.112,69.359],[-123.609,69.377],[-123.46,69.42],[-123.249,69.52],[-123.144,69.632],[-123.077,69.782],[-122.957,69.819],[-122.705,69.817],[-122.07,69.816],[-121.531,69.776],[-120.962,69.66],[-120.293,69.421],[-119.853,69.342],[-118.745,69.234],[-118.307,69.093],[-117.83,69.0],[-117.227,68.913],[-117.026,68.916],[-116.425,68.881],[-116.223,68.847],[-116.065,68.855],[-116.243,68.974],[-115.936,68.958],[-115.806,68.987],[-115.442,68.941],[-114.994,68.85],[-114.414,68.66],[-114.111,68.477],[-114.051,68.415],[-113.964,68.399],[-114.053,68.283],[-114.275,68.248],[-114.852,68.195],[-115.176,68.104],[-115.167,68.019],[-115.427,67.924],[-115.288,67.872],[-115.011,67.806],[-114.663,67.795],[-114.267,67.731],[-114.051,67.727],[-113.682,67.7],[-113.075,67.687],[-112.503,67.682],[-112.315,67.72],[-112.101,67.732],[-111.576,67.757],[-111.291,67.815],[-111.155,67.798],[-110.99,67.791],[-110.372,67.954],[-110.102,67.992],[-110.042,67.977],[-109.904,67.874],[-109.76,67.82],[-109.63,67.733],[-109.081,67.711],[-108.994,67.637],[-108.95,67.494],[-108.852,67.422],[-108.715,67.583],[-108.613,67.598],[-108.492,67.483],[-107.989,67.256],[-107.909,67.163],[-107.991,67.095],[-108.221,67.051],[-108.459,67.09],[-108.455,67.063],[-108.158,66.893],[-108.05,66.844],[-107.958,66.781],[-107.705,66.637],[-107.374,66.435],[-107.259,66.399],[-107.564,66.619],[-107.731,66.769],[-107.746,66.961],[-107.626,67.003],[-107.451,66.927],[-107.402,66.948],[-107.2,66.883],[-107.254,66.976],[-107.348,67.055],[-107.318,67.128],[-107.567,67.273],[-107.651,67.428],[-107.65,67.511],[-107.865,67.639],[-107.972,67.732],[-107.891,67.856],[-107.729,67.959],[-107.798,68.037],[-107.509,68.059],[-107.351,68.061],[-107.125,68.108],[-106.923,68.114],[-106.791,68.145],[-106.668,68.216],[-106.459,68.196],[-106.429,68.288],[-106.271,68.383],[-106.039,68.407],[-105.857,68.475],[-105.75,68.592],[-105.932,68.637],[-106.237,68.577],[-106.543,68.461],[-106.608,68.357],[-106.854,68.387],[-107.043,68.347],[-107.298,68.296],[-107.619,68.331],[-107.734,68.252],[-107.734,68.174],[-108.105,68.169],[-108.323,68.154],[-108.687,68.277],[-108.641,68.379],[-108.313,68.611],[-107.436,68.689],[-106.713,68.819],[-106.164,68.92],[-105.798,68.865],[-105.606,68.782],[-105.457,68.578],[-105.377,68.414],[-105.101,68.298],[-104.994,68.307],[-104.937,68.303],[-104.879,68.245],[-104.653,68.23],[-104.661,68.149],[-104.487,68.063],[-104.194,68.031],[-103.657,68.069],[-103.323,68.064],[-102.842,67.853],[-102.389,67.762],[-102.21,67.733],[-101.884,67.745],[-101.555,67.693],[-101.026,67.766],[-100.746,67.809],[-100.52,67.818],[-100.213,67.839],[-99.472,67.784],[-99.147,67.724],[-98.92,67.726],[-98.697,67.78],[-98.412,67.807],[-98.468,67.856],[-98.704,67.966],[-98.72,68.042],[-98.632,68.073],[-98.415,67.988],[-97.978,67.739],[-97.607,67.631],[-97.274,67.666],[-97.155,67.726],[-97.14,67.796],[-97.207,67.855],[-97.547,67.961],[-97.913,67.954],[-98.193,67.923],[-98.5,68.118],[-98.386,68.115],[-98.449,68.201],[-98.633,68.331],[-98.562,68.371],[-98.469,68.382],[-98.091,68.346],[-97.911,68.45],[-97.925,68.524],[-97.64,68.482],[-97.481,68.495],[-97.336,68.479],[-97.136,68.378],[-97.0,68.265],[-96.628,68.25],[-96.435,68.29],[-96.725,68.061],[-96.592,68.048],[-96.494,68.085],[-96.439,68.151],[-95.97,68.249],[-96.171,67.832],[-96.228,67.679],[-96.369,67.51],[-96.185,67.376],[-96.141,67.272],[-95.879,67.298],[-95.695,67.299],[-95.778,67.185],[-95.557,67.215],[-95.416,67.156],[-95.407,67.056],[-95.457,66.989],[-95.559,66.973],[-95.769,66.967],[-95.954,67.011],[-96.095,66.994],[-96.35,67.07],[-96.423,67.052],[-96.36,66.989],[-95.813,66.69],[-95.788,66.617],[-95.772,66.726],[-96.045,66.923],[-95.972,66.952],[-95.49,66.924],[-95.354,66.981],[-95.259,67.263],[-95.39,67.518],[-95.634,67.704],[-95.461,68.021],[-95.384,68.056],[-95.126,68.083],[-94.861,68.042],[-94.485,68.19],[-94.255,68.297],[-93.928,68.474],[-93.483,68.599],[-93.606,68.624],[-93.676,68.686],[-93.663,68.838],[-93.716,68.931],[-93.811,68.993],[-93.881,68.997],[-93.938,68.889],[-94.065,68.785],[-94.478,68.743],[-94.6,68.803],[-94.476,68.958],[-94.084,69.123],[-94.222,69.136],[-94.285,69.242],[-94.255,69.314],[-93.854,69.376],[-93.613,69.403],[-93.82,69.253],[-93.567,69.297],[-93.431,69.375],[-93.543,69.406],[-93.532,69.481],[-93.794,69.498],[-94.015,69.447],[-94.271,69.455],[-94.419,69.517],[-94.634,69.65],[-94.713,69.649],[-94.823,69.578],[-95.491,69.718],[-95.707,69.778],[-95.965,69.803],[-96.119,69.872],[-96.269,69.992],[-96.551,70.21],[-96.546,70.327],[-96.298,70.511],[-96.123,70.561],[-95.879,70.549],[-95.988,70.617],[-95.906,70.698],[-96.258,70.642],[-96.549,70.809],[-96.491,71.002],[-96.525,71.127],[-96.445,71.159],[-96.447,71.24],[-96.271,71.339],[-96.062,71.414],[-95.924,71.393],[-95.725,71.328],[-95.564,71.337],[-95.406,71.492],[-95.674,71.504],[-95.83,71.526],[-95.838,71.598],[-95.512,71.777],[-94.887,71.963],[-94.611,71.987],[-94.491,71.916],[-94.308,71.765],[-94.086,71.771],[-93.746,71.743],[-93.782,71.674],[-93.576,71.569],[-93.256,71.461],[-92.983,71.3],[-92.89,71.122],[-92.904,70.916],[-92.981,70.852],[-92.783,70.798],[-92.567,70.693],[-92.356,70.634],[-92.214,70.493],[-92.037,70.367],[-92.047,70.303],[-91.926,70.295],[-91.82,70.342],[-91.716,70.299],[-91.564,70.178],[-91.616,70.148],[-91.995,70.143],[-92.209,70.198],[-92.321,70.235],[-92.455,70.15],[-92.446,70.083],[-92.058,70.071],[-92.069,69.984],[-92.751,69.714],[-92.855,69.655],[-92.643,69.659],[-92.312,69.673],[-92.258,69.634],[-91.912,69.531],[-91.532,69.615],[-91.202,69.645],[-91.17,69.62],[-91.427,69.538],[-91.288,69.543],[-90.786,69.509],[-90.555,69.504],[-90.416,69.457],[-90.606,69.445],[-90.749,69.392],[-90.822,69.29],[-91.005,69.277],[-91.025,69.315],[-91.148,69.303],[-91.237,69.286],[-90.587,68.947],[-90.468,68.864],[-90.543,68.786],[-90.525,68.611],[-90.528,68.432],[-90.36,68.347],[-90.285,68.292],[-90.205,68.257],[-90.157,68.306],[-90.005,68.398],[-89.879,68.522],[-89.884,68.626],[-89.751,68.812],[-89.667,69.015],[-89.352,69.227],[-89.198,69.269],[-88.954,69.22],[-88.638,69.059],[-88.224,68.915],[-87.964,68.709],[-87.866,68.478],[-87.81,68.404],[-87.828,68.3],[-87.893,68.248],[-88.111,68.251],[-88.209,68.335],[-88.347,68.288],[-88.32,68.166],[-88.314,67.95],[-87.997,67.626],[-87.471,67.325],[-87.392,67.191],[-87.32,67.173],[-87.083,67.268],[-86.813,67.402],[-86.682,67.422],[-86.561,67.482],[-86.504,67.649],[-86.398,67.8],[-85.984,68.045],[-85.789,68.328],[-85.723,68.515],[-85.734,68.63],[-85.643,68.7],[-85.518,68.77],[-85.425,68.774],[-85.275,68.741],[-84.867,68.79],[-85.104,68.871],[-85.008,68.949],[-84.895,68.989],[-84.862,69.074],[-85.114,69.166],[-85.275,69.172],[-85.428,69.318],[-85.416,69.411],[-85.409,69.452],[-85.44,69.52],[-85.43,69.581],[-85.502,69.652],[-85.446,69.778],[-85.535,69.835],[-85.415,69.85],[-85.177,69.805],[-84.834,69.835],[-84.319,69.844],[-83.917,69.745],[-83.552,69.704],[-82.746,69.695],[-82.374,69.642],[-82.496,69.532],[-82.755,69.494],[-82.31,69.41],[-82.208,69.297],[-82.228,69.249],[-81.952,69.276],[-81.412,69.198],[-81.322,69.139],[-81.611,69.003],[-81.952,68.909],[-81.687,68.879],[-81.381,68.85],[-81.264,68.781],[-81.259,68.692],[-81.527,68.556],[-81.831,68.487],[-82.006,68.463],[-82.21,68.506],[-82.499,68.479],[-82.553,68.446],[-82.413,68.357],[-82.431,68.307],[-82.393,68.285],[-82.187,68.134],[-82.078,68.18],[-82.013,68.194],[-82.092,68.051],[-82.1,67.99],[-81.976,67.862],[-81.709,67.722],[-81.412,67.595],[-81.27,67.46],[-81.387,67.189],[-81.468,67.07],[-81.722,66.986],[-81.926,66.975],[-82.113,66.825],[-82.261,66.739],[-82.554,66.621],[-82.949,66.551],[-83.298,66.392],[-83.523,66.369],[-83.628,66.461],[-83.739,66.534],[-83.998,66.729],[-84.154,66.732],[-84.324,66.782],[-84.361,66.823],[-84.31,66.863],[-84.531,66.961],[-84.693,67.017],[-85.04,66.956],[-85.111,66.891],[-84.978,66.881],[-84.857,66.941],[-84.639,66.902],[-84.59,66.857],[-84.223,66.682],[-84.153,66.59],[-83.964,66.421],[-83.798,66.238],[-83.905,66.212],[-84.293,66.292],[-84.398,66.259],[-84.478,66.179],[-84.908,66.271],[-85.192,66.37],[-85.442,66.537],[-85.792,66.533],[-86.633,66.531],[-86.737,66.511],[-86.7,66.443],[-86.747,66.417],[-86.585,66.322],[-86.113,66.225],[-85.964,66.154],[-86.012,66.048],[-86.702,65.671],[-87.081,65.441],[-87.291,65.355],[-87.678,65.335],[-88.121,65.395],[-88.587,65.588],[-88.744,65.679],[-88.946,65.703],[-89.42,65.861],[-89.749,65.936],[-89.944,65.934],[-89.89,65.869],[-90.117,65.882],[-90.513,65.921],[-90.826,65.954],[-91.305,65.965],[-91.427,65.948],[-91.041,65.83],[-91.065,65.9],[-90.597,65.885],[-90.048,65.806],[-89.788,65.737],[-89.242,65.446],[-88.974,65.348],[-87.93,65.28],[-87.108,65.225],[-87.003,65.109],[-87.183,64.927],[-87.885,64.4],[-87.998,64.244],[-88.379,64.089],[-88.818,63.992],[-89.06,64.034],[-89.209,64.105],[-89.132,63.969],[-89.404,64.04],[-89.501,64.015],[-89.616,64.031],[-89.764,64.1],[-89.811,64.181],[-90.08,64.128],[-89.954,64.081],[-89.856,63.957],[-90.142,63.982],[-90.06,63.877],[-90.013,63.804],[-90.245,63.642],[-90.446,63.636],[-90.596,63.661],[-90.707,63.597],[-90.946,63.588],[-91.539,63.726],[-91.926,63.757],[-91.954,63.787],[-91.929,63.812],[-92.038,63.813],[-92.195,63.776],[-92.55,63.83],[-93.43,64.029],[-93.597,64.041],[-93.656,63.973],[-93.56,63.865],[-93.27,63.841],[-93.327,63.872],[-93.406,63.941],[-93.25,63.927],[-92.529,63.761],[-92.196,63.708],[-92.205,63.657],[-92.465,63.555],[-92.077,63.64],[-91.842,63.698],[-91.489,63.562],[-91.103,63.476],[-90.747,63.352],[-90.691,63.111],[-90.728,63.017],[-90.871,62.946],[-91.115,62.922],[-91.449,62.804],[-92.034,62.863],[-92.152,62.839],[-92.361,62.819],[-92.378,62.772],[-92.305,62.712],[-92.149,62.665],[-91.936,62.592],[-92.008,62.541],[-92.207,62.585],[-92.324,62.565],[-92.497,62.565],[-92.562,62.503],[-92.707,62.418],[-92.766,62.35],[-92.627,62.279],[-92.528,62.168],[-92.648,62.208],[-92.866,62.306],[-93.205,62.365],[-92.988,62.286],[-92.906,62.215],[-93.07,62.128],[-93.016,62.093],[-93.167,62.034],[-93.366,62.015],[-93.273,61.961],[-93.372,61.929],[-93.527,61.872],[-93.43,61.812],[-93.312,61.767],[-93.421,61.706],[-93.913,61.481],[-93.889,61.364],[-93.942,61.308],[-94.083,61.304],[-94.05,61.211],[-94.154,61.025],[-94.427,60.731],[-94.569,60.542],[-94.762,60.498],[-94.671,60.453],[-94.67,60.301],[-94.786,59.953],[-94.788,59.268],[-94.87,59.088],[-94.847,59.05],[-94.744,58.975],[-94.673,58.87],[-94.579,58.868],[-94.419,58.746],[-94.281,58.659],[-94.332,58.297],[-94.209,58.626],[-94.056,58.76],[-93.486,58.744],[-93.278,58.756],[-93.155,58.695],[-93.1,58.49],[-92.842,58.076],[-92.702,57.778],[-92.449,57.385],[-92.44,57.275],[-92.548,57.111],[-92.675,56.99],[-92.802,56.928],[-92.725,56.934],[-92.51,57.022],[-92.303,57.046],[-92.372,56.975],[-92.249,57.009],[-91.111,57.241],[-90.592,57.224],[-90.075,57.052],[-89.342,56.915],[-88.948,56.851],[-88.68,56.725],[-88.271,56.536],[-87.878,56.342],[-87.482,56.021],[-86.919,55.915],[-86.139,55.718],[-85.831,55.657],[-85.559,55.54],[-85.407,55.431],[-85.218,55.349],[-85.362,55.095],[-85.214,55.224],[-85.061,55.286],[-84.706,55.259],[-84.356,55.283],[-84.105,55.291],[-83.972,55.314],[-83.668,55.265],[-83.214,55.215],[-82.947,55.222],[-82.801,55.156],[-82.577,55.149],[-82.308,54.998],[-82.219,54.813],[-82.418,54.356],[-82.394,54.18],[-82.24,54.045],[-82.141,53.818],[-82.191,53.611],[-82.146,53.365],[-82.219,53.211],[-82.292,53.066],[-82.26,52.961],[-82.108,52.877],[-81.859,52.651],[-81.599,52.433],[-81.612,52.324],[-81.776,52.254],[-81.815,52.217],[-81.55,52.237],[-81.398,52.142],[-81.127,52.045],[-80.706,51.798],[-80.588,51.667],[-80.448,51.432],[-80.496,51.345],[-80.851,51.125],[-80.677,51.191],[-80.368,51.33],[-80.104,51.283],[-79.836,51.173],[-79.456,50.876],[-79.381,50.835],[-79.636,51.049],[-79.731,51.15],[-79.723,51.252],[-79.643,51.414],[-79.547,51.494],[-79.498,51.57],[-79.297,51.623],[-79.226,51.537],[-79.091,51.502],[-79.005,51.425],[-78.937,51.259],[-78.898,51.272],[-78.827,51.43],[-78.736,51.527],[-78.978,51.734],[-78.928,51.799],[-78.871,51.913],[-78.702,52.033],[-78.537,52.213],[-78.448,52.261],[-78.526,52.311],[-78.557,52.492],[-78.724,52.628],[-78.766,52.76],[-78.722,52.856],[-78.854,52.976],[-78.947,53.206],[-79.043,53.56],[-79.113,53.717],[-79.04,53.818],[-78.946,53.832],[-79.032,53.881],[-79.073,53.951],[-79.01,54.024],[-79.242,54.099],[-79.139,54.157],[-79.216,54.186],[-79.356,54.263],[-79.476,54.395],[-79.598,54.602],[-79.67,54.647],[-79.712,54.672],[-78.909,54.881],[-78.475,55.011],[-78.129,55.151],[-77.775,55.291],[-77.325,55.556],[-77.073,55.756],[-76.762,55.996],[-76.604,56.2],[-76.53,56.5],[-76.526,56.892],[-76.601,57.272],[-76.786,57.599],[-76.891,57.758],[-77.489,58.195],[-77.684,58.291],[-78.014,58.399],[-78.463,58.602],[-78.515,58.682],[-78.483,58.829],[-78.431,58.902],[-78.14,59.142],[-77.988,59.246],[-77.761,59.38],[-77.845,59.444],[-77.749,59.558],[-77.748,59.658],[-77.59,59.681],[-77.349,59.579],[-77.485,59.685],[-77.332,59.797],[-77.368,59.884],[-77.289,60.022],[-77.547,60.061],[-77.572,60.101],[-77.453,60.146],[-77.681,60.427],[-77.504,60.543],[-77.639,60.567],[-77.791,60.64],[-77.734,60.697],[-77.59,60.809],[-77.872,60.786],[-78.122,60.81],[-78.16,60.852],[-77.83,61.084],[-77.731,61.206],[-77.75,61.393],[-77.649,61.479],[-77.698,61.626],[-77.89,61.729],[-78.021,61.832],[-78.137,62.107],[-78.133,62.282],[-78.068,62.355],[-77.604,62.531],[-77.205,62.55],[-76.616,62.466],[-75.676,62.25],[-75.79,62.18],[-75.409,62.307],[-75.114,62.271],[-74.908,62.23],[-74.613,62.125],[-74.646,62.211],[-74.205,62.321],[-73.878,62.434],[-73.705,62.473],[-73.428,62.369],[-73.195,62.279],[-72.992,62.18],[-72.735,62.131],[-72.671,62.114],[-72.633,62.053],[-72.666,61.955],[-72.727,61.839],[-72.574,61.907],[-72.361,61.888],[-72.178,61.802],[-72.081,61.728],[-72.043,61.665],[-72.247,61.602],[-72.023,61.612],[-71.922,61.677],[-71.638,61.617],[-71.619,61.573],[-71.756,61.527],[-71.854,61.44],[-71.645,61.413],[-71.732,61.372],[-71.552,61.213],[-71.348,61.149],[-71.035,61.126],[-70.541,61.042],[-70.279,61.069],[-70.158,61.021],[-70.146,60.922],[-69.992,60.856],[-69.8,60.907],[-69.678,60.95],[-69.624,61.05],[-69.503,61.04],[-69.414,60.922],[-69.405,60.847],[-69.49,60.78],[-69.64,60.69],[-69.751,60.487],[-69.756,60.389],[-69.708,60.286],[-69.629,60.199],[-69.63,60.122],[-69.796,60.03],[-70.509,60.015],[-70.62,59.984],[-70.327,59.971],[-69.734,59.918],[-69.63,59.822],[-69.579,59.675],[-69.656,59.565],[-69.711,59.393],[-69.4,59.338],[-69.35,59.277],[-69.46,59.152],[-69.42,59.068],[-69.475,59.0],[-69.532,58.869],[-69.648,58.821],[-69.753,58.94],[-69.814,58.946],[-69.829,58.905],[-69.868,58.856],[-70.16,58.789],[-70.033,58.745],[-69.79,58.689],[-69.382,58.851],[-69.173,58.897],[-68.942,58.889],[-68.637,58.893],[-68.475,58.823],[-68.381,58.744],[-68.253,58.557],[-68.229,58.485],[-68.315,58.227],[-68.468,58.076],[-68.826,58.0],[-69.035,57.926],[-68.781,57.976],[-68.414,58.052],[-68.289,58.178],[-68.111,58.473],[-67.981,58.461],[-67.888,58.296],[-68.064,58.139],[-67.856,58.273],[-67.805,58.365],[-67.737,58.385],[-67.688,58.14],[-67.698,58.009],[-67.632,58.076],[-67.596,58.186],[-67.382,58.3],[-67.019,58.433],[-66.722,58.491],[-66.558,58.637],[-66.48,58.731],[-66.299,58.795],[-66.168,58.727],[-66.045,58.606],[-66.017,58.431],[-65.931,58.535],[-65.928,58.611],[-66.021,58.735],[-66.043,58.821],[-65.855,58.847],[-65.918,58.896],[-65.841,58.977],[-65.704,58.971],[-65.721,59.024],[-65.544,59.012],[-65.396,59.038],[-65.496,59.091],[-65.64,59.128],[-65.7,59.213],[-65.661,59.23],[-65.578,59.245],[-65.513,59.35],[-65.407,59.33],[-65.475,59.47],[-65.274,59.464],[-65.038,59.388],[-65.171,59.462],[-65.346,59.511],[-65.475,59.617],[-65.481,59.69],[-65.406,59.795],[-65.289,59.818],[-65.054,59.753],[-65.113,59.802],[-65.181,59.867],[-65.105,59.993],[-64.931,60.252],[-64.845,60.308],[-64.706,60.336],[-64.436,60.228],[-64.528,60.095],[-64.768,60.012],[-64.559,60.043],[-64.283,60.064],[-64.169,59.847],[-64.151,59.794],[-63.979,59.754],[-63.929,59.645],[-63.75,59.513],[-63.971,59.409],[-63.781,59.349],[-63.776,59.277],[-63.638,59.341],[-63.415,59.194],[-63.646,59.079],[-63.91,59.066],[-63.941,59.027],[-63.568,59.047],[-63.326,59.082],[-63.223,59.057],[-63.31,59.026],[-63.216,58.928],[-63.282,58.867],[-63.05,58.878],[-62.926,58.765],[-63.102,58.546],[-63.39,58.453],[-63.537,58.33],[-63.296,58.441],[-63.146,58.46],[-63.132,58.411],[-62.837,58.479],[-62.608,58.496],[-62.674,58.319],[-63.063,58.127],[-63.262,58.015],[-62.981,58.093],[-62.588,58.158],[-62.306,57.972],[-62.117,57.964],[-61.899,57.861],[-61.968,57.803],[-61.931,57.669],[-62.084,57.562],[-62.254,57.529],[-62.377,57.478],[-62.455,57.462],[-62.303,57.441],[-62.088,57.453],[-61.851,57.381],[-61.886,57.348],[-61.977,57.248],[-61.861,57.198],[-61.716,57.196],[-61.334,57.011],[-61.39,56.853],[-61.372,56.681],[-62.062,56.699],[-62.382,56.788],[-62.372,56.836],[-62.497,56.802],[-62.117,56.667],[-61.855,56.584],[-61.738,56.526],[-61.899,56.505],[-61.94,56.424],[-61.515,56.39],[-61.499,56.328],[-61.713,56.231],[-61.421,56.222],[-61.324,56.076],[-61.449,56.022],[-61.351,55.974],[-61.134,55.93],[-61.089,55.866],[-60.893,55.914],[-60.743,55.941],[-60.631,55.825],[-60.562,55.727],[-60.413,55.789],[-60.365,55.709],[-60.352,55.612],[-60.192,55.481],[-60.361,55.366],[-60.45,55.2],[-60.617,55.06],[-60.341,55.194],[-59.93,55.259],[-59.759,55.31],[-59.689,55.196],[-59.518,55.197],[-59.486,55.13],[-59.816,54.867],[-59.75,54.887],[-59.394,55.081],[-59.26,55.2],[-58.997,55.149],[-58.886,54.952],[-58.5,54.783],[-58.223,54.813],[-58.058,54.882],[-57.929,54.773],[-57.725,54.674],[-57.483,54.64],[-57.404,54.57],[-57.563,54.44],[-57.889,54.384],[-58.162,54.32],[-58.359,54.253],[-58.558,54.103],[-58.719,54.039],[-58.92,54.033],[-59.013,53.976],[-59.201,53.929],[-59.653,53.831],[-59.823,53.834],[-60.014,53.762],[-60.081,53.701],[-60.117,53.61],[-60.263,53.61],[-60.37,53.607],[-60.1,53.487],[-60.29,53.391],[-60.251,53.344],[-60.346,53.289],[-60.329,53.266],[-59.987,53.393],[-59.829,53.505],[-59.498,53.575],[-59.129,53.744],[-58.652,53.978],[-58.088,54.09],[-57.928,54.104],[-58.177,54.131],[-58.361,54.154],[-58.31,54.202],[-57.615,54.191],[-57.199,53.924],[-57.135,53.792],[-57.244,53.715],[-57.524,53.611],[-57.42,53.583],[-57.332,53.469],[-57.012,53.673],[-56.697,53.758],[-56.465,53.765],[-56.354,53.624],[-56.11,53.588],[-55.911,53.391],[-55.863,53.312],[-55.817,53.246],[-55.808,53.135],[-55.83,52.878],[-55.873,52.736],[-55.803,52.643],[-56.167,52.575],[-56.325,52.545],[-56.053,52.537],[-55.746,52.475],[-55.716,52.392],[-55.897,52.37],[-56.005,52.37],[-55.783,52.28],[-55.673,52.19],[-56.017,51.929],[-56.549,51.681],[-57.018,51.447],[-57.299,51.478],[-57.77,51.426],[-58.023,51.322],[-58.27,51.295],[-58.51,51.295],[-58.615,51.237],[-59.055,50.879],[-59.378,50.675],[-59.815,50.418],[-60.08,50.255],[-60.608,50.221],[-60.956,50.205],[-61.29,50.202],[-61.835,50.197],[-62.165,50.239],[-62.541,50.285],[-62.83,50.301],[-63.136,50.294],[-63.587,50.258],[-63.854,50.314],[-64.17,50.269],[-64.868,50.275],[-65.269,50.32],[-65.955,50.294],[-66.242,50.22],[-66.411,50.224],[-66.55,50.161],[-66.741,50.066],[-67.234,49.602],[-67.372,49.348],[-67.549,49.332],[-68.282,49.197],[-68.295,49.114],[-68.544,49.056],[-68.669,48.94],[-69.231,48.574],[-69.55,48.251],[-69.762,48.191],[-70.001,48.271],[-70.384,48.367],[-70.923,48.422],[-70.671,48.353],[-70.145,48.244],[-69.866,48.172],[-69.84,47.953],[-69.994,47.74],[-70.448,47.423],[-70.973,47.007],[-71.268,46.796],[-71.757,46.674],[-72.028,46.607],[-72.257,46.485],[-72.843,46.262],[-73.022,46.12],[-73.18,46.025],[-73.477,45.738],[-73.798,45.655],[-74.038,45.502],[-74.248,45.493],[-73.974,45.345],[-74.358,45.206],[-74.762,44.999],[-74.996,44.97],[-75.401,44.772],[-75.819,44.468],[-76.02,44.363],[-76.186,44.242],[-76.465,44.058],[-76.696,43.785],[-77.073,43.627],[-77.597,43.629],[-78.215,43.631],[-78.72,43.625],[-79.002,43.527],[-79.083,43.331],[-79.066,43.106],[-79.029,43.062],[-79.012,42.997],[-78.946,42.961],[-78.915,42.909],[-79.037,42.802],[-79.446,42.651],[-80.036,42.441],[-80.683,42.3],[-81.278,42.209],[-81.761,41.987],[-82.213,41.779],[-82.69,41.675],[-83.03,41.833],[-83.15,42.142],[-83.073,42.3],[-82.868,42.385],[-82.645,42.558],[-82.488,42.74],[-82.408,43.073],[-82.19,43.474],[-82.197,43.822],[-82.281,44.192],[-82.368,44.573],[-82.447,44.916],[-82.515,45.204],[-82.76,45.448],[-83.179,45.633],[-83.593,45.817],[-83.48,46.024],[-83.616,46.117],[-83.763,46.109],[-83.978,46.085],[-84.088,46.227],[-84.115,46.371],[-84.128,46.484],[-84.125,46.527],[-84.192,46.55],[-84.402,46.516],[-84.502,46.462],[-84.666,46.543],[-84.827,46.767],[-85.07,46.98],[-85.458,47.14],[-85.846,47.3],[-86.234,47.46],[-86.496,47.567],[-86.922,47.735],[-87.494,47.962],[-87.921,48.13],[-88.161,48.225],[-88.612,48.264],[-89.063,48.094],[-89.273,48.02],[-89.551,48.0],[-89.901,47.995],[-90.04,48.078],[-90.32,48.099],[-90.744,48.105],[-90.84,48.201],[-91.043,48.194],[-91.387,48.059],[-91.647,48.105],[-92.005,48.302],[-92.299,48.329],[-92.415,48.277],[-92.501,48.435],[-92.733,48.532],[-92.996,48.612],[-93.155,48.625],[-93.378,48.617],[-93.564,48.537],[-93.804,48.549],[-94.055,48.659],[-94.621,48.743],[-94.705,48.808],[-94.713,48.863],[-94.843,49.119],[-94.854,49.305],[-94.939,49.349],[-95.158,49.203],[-95.398,48.993],[-96.251,48.993],[-97.103,48.993],[-97.956,48.993],[-98.809,48.993],[-99.662,48.993],[-100.515,48.993],[-101.367,48.993],[-102.22,48.993],[-103.073,48.993],[-103.926,48.993],[-104.778,48.993],[-105.631,48.993],[-106.484,48.993],[-107.337,48.993],[-108.189,48.993],[-109.042,48.993],[-109.895,48.993],[-110.748,48.993],[-111.6,48.993],[-112.453,48.993],[-113.306,48.993],[-114.159,48.993],[-115.012,48.993],[-115.864,48.993],[-116.717,48.993],[-117.57,48.993],[-118.423,48.993],[-119.275,48.993],[-120.128,48.993],[-120.981,48.993],[-121.834,48.993],[-122.686,48.993],[-122.827,49.028],[-122.963,49.075],[-123.027,49.039],[-123.063,48.978],[-123.086,48.993],[-123.109,49.085],[-123.08,49.131],[-123.182,49.129],[-123.191,49.22],[-123.184,49.278],[-122.948,49.293],[-122.879,49.399],[-123.016,49.322],[-123.277,49.344],[-123.286,49.375],[-123.248,49.443],[-123.191,49.644],[-123.188,49.68],[-123.337,49.545],[-123.336,49.459],[-123.437,49.451],[-123.531,49.397],[-123.892,49.495],[-124.029,49.603],[-124.024,49.711],[-123.96,49.736],[-123.847,49.637],[-123.739,49.594],[-123.582,49.681],[-123.763,49.658],[-123.874,49.737],[-123.904,49.981],[-123.824,50.044],[-123.788,50.107],[-123.88,50.174],[-123.946,50.184],[-123.866,50.072],[-123.971,49.97],[-123.985,49.876],[-124.142,49.793],[-124.413,49.778],[-124.702,49.958],[-124.784,50.073],[-124.933,50.298],[-125.044,50.364],[-124.937,50.537],[-124.854,50.669],[-124.875,50.826],[-124.934,50.811],[-124.931,50.718],[-124.985,50.592],[-125.21,50.476],[-125.507,50.507],[-125.539,50.649],[-125.586,50.574],[-125.641,50.466],[-125.741,50.479],[-125.84,50.511],[-126.024,50.497],[-126.237,50.523],[-126.45,50.55],[-126.416,50.607],[-126.067,50.664],[-125.904,50.705],[-126.37,50.667],[-126.514,50.679],[-126.472,50.767],[-126.375,50.837],[-126.488,50.842],[-126.485,50.96],[-126.563,50.965],[-126.96,50.894],[-127.058,50.868],[-127.357,50.946],[-127.591,51.088],[-127.714,51.269],[-127.633,51.427],[-127.347,51.642],[-126.968,51.67],[-126.691,51.703],[-127.339,51.707],[-127.576,51.563],[-127.645,51.478],[-127.714,51.49],[-127.748,51.544],[-127.851,51.673],[-127.863,51.821],[-127.728,51.993],[-127.843,52.086],[-127.673,52.253],[-127.438,52.356],[-127.176,52.315],[-126.959,52.255],[-126.826,52.125],[-126.714,52.061],[-126.895,52.225],[-126.938,52.309],[-127.161,52.395],[-127.208,52.498],[-126.995,52.658],[-126.951,52.751],[-127.008,52.843],[-127.006,52.755],[-127.035,52.682],[-127.107,52.633],[-127.56,52.343],[-127.792,52.289],[-127.902,52.151],[-128.102,51.788],[-128.358,52.159],[-128.029,52.342],[-128.052,52.453],[-127.94,52.545],[-128.038,52.531],[-128.241,52.368],[-128.275,52.435],[-128.132,52.806],[-128.053,52.911],[-128.365,52.826],[-128.525,53.141],[-128.869,53.328],[-129.13,53.442],[-129.114,53.641],[-128.936,53.715],[-128.85,53.665],[-128.833,53.549],[-128.479,53.41],[-128.291,53.458],[-128.079,53.369],[-127.95,53.33],[-128.207,53.483],[-128.47,53.471],[-128.6,53.506],[-128.751,53.661],[-128.764,53.747],[-128.715,53.81],[-128.56,53.845],[-128.651,53.919],[-128.89,53.83],[-128.944,53.84],[-129.014,53.797],[-129.208,53.642],[-129.24,53.479],[-129.284,53.393],[-129.564,53.251],[-129.822,53.413],[-130.074,53.576],[-130.335,53.724],[-130.086,53.976],[-130.043,54.134],[-129.626,54.23],[-129.898,54.226],[-130.29,54.27],[-130.43,54.421],[-130.389,54.539],[-130.35,54.655],[-130.219,54.73],[-130.109,54.887],[-129.89,55.165],[-129.561,55.463],[-129.667,55.437],[-129.734,55.458],[-129.795,55.56],[-129.816,55.418],[-129.877,55.251],[-130.048,55.057],[-130.058,55.195],[-129.985,55.359],[-130.08,55.563],[-130.095,55.695],[-130.06,55.814],[-130.025,55.888]]],[[[-109.816,78.65],[-109.581,78.593],[-109.467,78.567],[-109.342,78.456],[-109.352,78.369],[-109.484,78.316],[-110.022,78.323],[-110.418,78.295],[-110.84,78.322],[-111.169,78.386],[-111.3,78.337],[-111.517,78.275],[-112.131,78.366],[-113.0,78.293],[-113.223,78.298],[-113.282,78.353],[-112.856,78.467],[-112.214,78.548],[-111.52,78.603],[-111.071,78.708],[-110.618,78.758],[-110.14,78.704],[-109.816,78.65]]],[[[-110.458,78.103],[-109.622,78.075],[-109.679,77.999],[-110.2,77.905],[-110.866,77.834],[-110.812,77.803],[-110.292,77.786],[-110.153,77.763],[-110.118,77.716],[-110.139,77.572],[-110.372,77.491],[-110.894,77.426],[-111.226,77.429],[-112.177,77.344],[-112.644,77.444],[-113.046,77.511],[-113.197,77.559],[-113.189,77.6],[-113.121,77.633],[-113.19,77.718],[-113.283,77.813],[-113.269,77.86],[-113.187,77.912],[-112.805,77.942],[-111.207,78.088],[-110.727,78.097],[-110.458,78.103]]],[[[-115.551,77.363],[-115.47,77.309],[-115.624,77.266],[-116.329,77.137],[-116.073,77.03],[-115.81,76.939],[-116.11,76.918],[-116.253,76.901],[-116.016,76.785],[-115.946,76.711],[-116.076,76.654],[-116.468,76.577],[-117.017,76.496],[-117.026,76.404],[-117.108,76.322],[-117.234,76.282],[-117.492,76.273],[-117.841,76.345],[-118.02,76.447],[-117.965,76.574],[-117.808,76.734],[-117.818,76.804],[-118.076,76.772],[-118.301,76.737],[-118.409,76.662],[-118.468,76.547],[-118.732,76.526],[-118.821,76.486],[-118.644,76.418],[-118.643,76.335],[-118.851,76.258],[-118.994,76.145],[-119.168,76.127],[-119.368,76.222],[-119.489,76.32],[-119.58,76.327],[-119.651,76.244],[-119.64,76.157],[-119.725,76.1],[-119.527,76.031],[-119.538,75.982],[-119.667,75.946],[-119.913,75.859],[-120.365,75.825],[-120.458,75.87],[-120.563,76.008],[-120.729,76.134],[-120.813,76.179],[-120.9,76.163],[-121.213,75.984],[-121.428,75.981],[-121.908,76.035],[-122.303,75.96],[-122.533,75.951],[-122.64,76.009],[-122.607,76.039],[-122.548,76.097],[-122.609,76.14],[-122.593,76.162],[-122.685,76.162],[-122.878,76.165],[-122.519,76.353],[-122.365,76.401],[-121.561,76.453],[-121.102,76.661],[-120.485,76.793],[-120.358,76.887],[-120.2,76.931],[-119.495,77.177],[-119.09,77.305],[-118.005,77.381],[-117.279,77.313],[-117.149,77.361],[-116.844,77.34],[-116.704,77.38],[-117.03,77.432],[-117.04,77.465],[-116.835,77.529],[-116.363,77.543],[-116.008,77.461],[-115.551,77.363]]],[[[-108.292,76.057],[-108.019,76.065],[-107.777,76.035],[-107.721,75.974],[-107.755,75.94],[-108.021,75.805],[-107.918,75.802],[-107.541,75.901],[-107.216,75.892],[-107.08,75.863],[-106.971,75.773],[-106.904,75.689],[-106.892,75.782],[-106.688,75.819],[-106.82,75.872],[-106.846,75.952],[-106.677,76.024],[-106.397,76.06],[-105.711,75.967],[-105.604,75.93],[-105.481,75.746],[-105.519,75.632],[-105.703,75.412],[-105.972,75.131],[-106.588,75.015],[-107.056,74.928],[-107.462,74.952],[-108.024,74.986],[-108.354,74.943],[-108.594,74.96],[-108.67,75.007],[-108.666,75.04],[-109.003,75.01],[-110.176,74.84],[-110.543,74.78],[-110.749,74.688],[-111.288,74.585],[-112.519,74.417],[-113.514,74.43],[-113.837,74.489],[-114.268,74.604],[-114.313,74.715],[-113.863,74.813],[-112.836,74.976],[-112.193,75.01],[-111.784,75.006],[-111.503,75.056],[-111.079,75.195],[-111.093,75.256],[-111.474,75.191],[-111.781,75.166],[-112.214,75.133],[-112.478,75.2],[-112.652,75.205],[-112.8,75.138],[-112.951,75.108],[-113.712,75.069],[-113.845,75.112],[-113.861,75.188],[-113.853,75.259],[-113.759,75.322],[-113.467,75.416],[-113.879,75.375],[-113.984,75.43],[-114.053,75.417],[-114.125,75.291],[-114.285,75.25],[-114.483,75.285],[-114.504,75.258],[-114.356,75.141],[-114.859,75.0],[-115.077,74.985],[-115.174,75.049],[-115.343,75.113],[-115.478,75.104],[-115.574,75.056],[-115.683,74.974],[-116.143,75.042],[-116.841,75.152],[-117.502,75.204],[-117.6,75.272],[-117.576,75.314],[-117.388,75.421],[-117.258,75.46],[-116.891,75.481],[-116.077,75.493],[-115.251,75.639],[-115.117,75.695],[-116.034,75.607],[-117.025,75.602],[-117.164,75.645],[-116.973,75.746],[-116.39,75.808],[-115.477,75.841],[-114.992,75.896],[-116.338,75.881],[-116.654,75.929],[-116.58,75.992],[-116.61,76.074],[-116.454,76.143],[-116.059,76.202],[-114.939,76.166],[-114.88,76.195],[-115.664,76.24],[-115.822,76.27],[-115.826,76.33],[-115.581,76.438],[-114.767,76.506],[-114.299,76.475],[-114.141,76.423],[-114.113,76.349],[-114.059,76.301],[-113.823,76.207],[-113.171,76.258],[-112.698,76.202],[-111.865,75.939],[-112.047,75.866],[-112.057,75.834],[-111.709,75.832],[-111.513,75.811],[-111.373,75.676],[-111.163,75.57],[-110.89,75.547],[-110.459,75.555],[-109.005,75.515],[-108.913,75.587],[-108.918,75.675],[-109.796,75.863],[-109.455,76.021],[-109.417,76.072],[-109.487,76.145],[-109.908,76.223],[-110.247,76.306],[-110.314,76.369],[-110.27,76.417],[-109.865,76.522],[-109.339,76.76],[-109.098,76.812],[-108.554,76.758],[-108.467,76.738],[-108.512,76.68],[-108.635,76.609],[-108.56,76.536],[-108.524,76.447],[-108.345,76.392],[-108.123,76.233],[-108.306,76.154],[-108.406,76.085],[-108.292,76.057]]],[[[-114.522,72.593],[-114.342,72.591],[-113.958,72.651],[-113.622,72.647],[-113.5,72.694],[-113.496,72.754],[-113.45,72.863],[-113.208,72.981],[-112.754,72.986],[-112.048,72.888],[-111.27,72.714],[-111.356,72.572],[-111.816,72.386],[-111.762,72.335],[-111.544,72.351],[-111.311,72.455],[-111.253,72.449],[-111.287,72.401],[-111.268,72.364],[-111.14,72.365],[-110.782,72.534],[-110.439,72.633],[-110.208,72.681],[-110.279,72.792],[-110.689,72.945],[-110.509,72.999],[-110.008,72.984],[-109.469,72.808],[-109.122,72.726],[-108.987,72.671],[-108.985,72.637],[-108.951,72.583],[-108.755,72.551],[-108.628,72.412],[-108.47,72.139],[-108.21,71.751],[-108.145,71.705],[-107.925,71.639],[-107.785,71.63],[-107.687,71.716],[-107.329,71.835],[-107.382,71.875],[-107.306,71.895],[-107.696,72.149],[-107.809,72.347],[-107.856,72.468],[-107.933,72.52],[-107.934,72.588],[-108.238,73.106],[-108.204,73.183],[-107.98,73.207],[-107.987,73.233],[-108.089,73.304],[-107.72,73.329],[-107.113,73.192],[-107.033,73.245],[-106.828,73.266],[-106.082,73.072],[-105.624,72.927],[-105.415,72.788],[-105.43,72.74],[-105.355,72.67],[-105.298,72.56],[-105.234,72.415],[-104.81,71.903],[-104.518,71.699],[-104.373,71.495],[-104.35,71.434],[-104.385,71.338],[-104.487,71.248],[-104.57,71.104],[-104.167,70.927],[-103.853,70.734],[-103.295,70.572],[-103.105,70.51],[-103.021,70.516],[-103.001,70.541],[-103.089,70.65],[-102.75,70.522],[-102.369,70.413],[-101.937,70.275],[-101.676,70.278],[-101.627,70.248],[-101.562,70.135],[-101.149,70.148],[-101.043,70.111],[-100.909,69.869],[-100.935,69.715],[-101.044,69.669],[-101.337,69.71],[-101.457,69.834],[-101.508,69.833],[-101.602,69.721],[-101.734,69.704],[-102.098,69.825],[-102.234,69.842],[-102.523,69.758],[-102.565,69.692],[-102.535,69.621],[-102.563,69.574],[-102.744,69.548],[-103.059,69.595],[-103.359,69.685],[-103.465,69.644],[-103.294,69.568],[-103.102,69.483],[-103.049,69.472],[-103.04,69.368],[-103.12,69.205],[-102.884,69.341],[-102.546,69.434],[-102.151,69.488],[-101.978,69.425],[-102.053,69.36],[-102.071,69.308],[-102.046,69.258],[-101.899,69.246],[-101.823,69.217],[-101.788,69.132],[-101.981,68.989],[-102.488,68.889],[-102.835,68.833],[-103.162,68.829],[-103.82,68.848],[-104.353,68.928],[-104.571,68.872],[-105.169,68.955],[-105.022,69.052],[-105.02,69.081],[-105.533,69.134],[-106.008,69.148],[-106.27,69.195],[-106.354,69.251],[-106.344,69.34],[-106.42,69.414],[-106.659,69.44],[-106.856,69.347],[-107.123,69.152],[-107.44,69.002],[-108.365,68.935],[-108.73,68.827],[-109.472,68.677],[-110.468,68.61],[-110.957,68.594],[-111.311,68.542],[-112.305,68.516],[-112.864,68.477],[-113.128,68.494],[-113.338,68.599],[-113.617,68.838],[-113.609,69.03],[-113.694,69.195],[-114.323,69.269],[-115.159,69.265],[-115.861,69.304],[-116.513,69.425],[-116.569,69.463],[-116.712,69.576],[-117.104,69.804],[-117.149,69.888],[-117.195,70.054],[-117.135,70.1],[-115.529,70.257],[-114.167,70.307],[-113.666,70.27],[-112.638,70.225],[-112.266,70.255],[-111.784,70.273],[-111.633,70.309],[-112.114,70.447],[-113.397,70.652],[-113.966,70.696],[-114.331,70.675],[-114.841,70.621],[-115.991,70.586],[-116.226,70.616],[-116.993,70.604],[-118.264,70.888],[-118.353,71.0],[-117.934,71.135],[-117.314,71.212],[-116.422,71.338],[-116.042,71.362],[-115.922,71.401],[-116.044,71.454],[-115.734,71.485],[-115.341,71.472],[-115.338,71.511],[-116.78,71.444],[-117.723,71.391],[-118.188,71.436],[-118.226,71.467],[-117.878,71.561],[-117.888,71.661],[-118.583,71.649],[-118.952,71.732],[-118.994,71.803],[-118.96,71.972],[-118.59,72.167],[-118.213,72.263],[-118.246,72.311],[-118.449,72.399],[-118.457,72.473],[-118.133,72.633],[-117.256,72.914],[-116.573,73.055],[-114.638,73.373],[-114.206,73.298],[-114.127,73.231],[-114.052,73.071],[-114.054,72.958],[-114.109,72.861],[-114.28,72.739],[-114.522,72.593]]],[[[-119.736,74.113],[-119.471,74.201],[-119.206,74.198],[-119.15,74.168],[-119.132,74.028],[-119.083,74.021],[-118.744,74.192],[-118.544,74.245],[-117.966,74.266],[-117.515,74.232],[-116.95,74.101],[-115.958,73.748],[-115.511,73.619],[-115.408,73.542],[-115.412,73.465],[-115.524,73.417],[-116.239,73.295],[-117.065,73.107],[-117.983,72.902],[-119.078,72.64],[-119.408,72.36],[-119.767,72.244],[-120.18,72.213],[-120.31,71.984],[-120.443,71.631],[-120.52,71.557],[-120.93,71.446],[-121.472,71.389],[-121.622,71.448],[-121.749,71.445],[-122.55,71.194],[-122.84,71.097],[-123.096,71.094],[-123.315,71.169],[-123.595,71.423],[-123.756,71.528],[-124.008,71.677],[-125.126,71.924],[-125.297,71.973],[-125.829,71.966],[-125.79,72.025],[-125.76,72.083],[-125.763,72.138],[-125.613,72.193],[-125.647,72.237],[-125.575,72.265],[-125.438,72.382],[-125.306,72.451],[-125.07,72.552],[-124.985,72.604],[-125.03,72.645],[-125.015,72.776],[-124.97,72.843],[-124.583,72.926],[-124.561,72.965],[-124.588,73.005],[-124.736,73.023],[-124.836,73.076],[-124.647,73.204],[-124.424,73.419],[-124.03,73.644],[-123.798,73.785],[-124.088,73.857],[-124.261,73.953],[-124.629,74.27],[-124.709,74.327],[-123.468,74.436],[-121.748,74.541],[-121.315,74.53],[-120.882,74.421],[-119.944,74.254],[-119.715,74.154],[-119.736,74.113]]],[[[-69.489,83.017],[-68.409,83.005],[-67.925,82.956],[-67.406,82.954],[-66.423,82.927],[-66.6,82.861],[-68.358,82.677],[-68.173,82.646],[-67.397,82.668],[-66.866,82.719],[-66.12,82.807],[-65.55,82.827],[-65.299,82.8],[-65.162,82.87],[-64.984,82.902],[-64.777,82.876],[-64.504,82.778],[-64.134,82.823],[-63.641,82.813],[-63.473,82.771],[-63.621,82.729],[-63.593,82.694],[-63.085,82.565],[-63.251,82.467],[-62.475,82.52],[-61.477,82.467],[-61.302,82.4],[-61.274,82.28],[-61.969,82.11],[-62.496,82.007],[-64.128,81.794],[-64.574,81.734],[-65.399,81.715],[-65.701,81.646],[-66.626,81.616],[-66.801,81.527],[-66.914,81.485],[-68.721,81.261],[-68.318,81.261],[-65.24,81.51],[-64.833,81.439],[-66.313,81.146],[-67.774,80.859],[-68.959,80.587],[-69.551,80.383],[-69.949,80.374],[-70.403,80.459],[-70.713,80.54],[-70.213,80.278],[-71.1,80.187],[-71.661,80.136],[-71.928,80.139],[-72.063,80.106],[-71.616,80.071],[-70.758,80.119],[-70.559,80.071],[-71.356,79.911],[-71.106,79.876],[-71.299,79.783],[-71.965,79.701],[-72.437,79.694],[-73.805,79.846],[-74.394,79.874],[-74.541,79.816],[-73.642,79.771],[-73.406,79.732],[-73.201,79.597],[-73.294,79.522],[-73.466,79.495],[-74.015,79.491],[-74.406,79.454],[-75.259,79.421],[-75.774,79.431],[-76.376,79.494],[-76.855,79.488],[-76.296,79.414],[-75.948,79.311],[-75.354,79.228],[-74.727,79.235],[-74.532,79.053],[-75.233,79.036],[-75.639,79.088],[-76.158,79.1],[-76.531,79.087],[-77.398,79.057],[-77.974,79.076],[-78.582,79.075],[-78.422,79.048],[-78.037,78.964],[-77.698,78.955],[-76.825,79.018],[-76.256,79.007],[-75.953,78.959],[-75.4,78.881],[-74.618,78.758],[-74.433,78.724],[-74.547,78.62],[-75.397,78.523],[-76.373,78.521],[-76.137,78.492],[-75.237,78.356],[-75.551,78.221],[-75.97,77.993],[-76.356,77.991],[-76.974,77.927],[-78.013,77.946],[-78.084,77.846],[-78.047,77.615],[-78.168,77.458],[-78.493,77.369],[-78.87,77.333],[-79.906,77.3],[-80.573,77.315],[-81.377,77.482],[-81.659,77.525],[-81.504,77.43],[-81.278,77.365],[-81.523,77.311],[-82.057,77.297],[-81.968,77.248],[-81.756,77.204],[-81.277,77.257],[-80.798,77.259],[-80.274,77.151],[-79.924,77.194],[-79.341,77.158],[-79.274,77.026],[-79.221,76.936],[-78.792,76.884],[-78.456,76.967],[-78.289,76.978],[-77.999,76.852],[-78.119,76.644],[-78.934,76.451],[-79.286,76.355],[-79.954,76.251],[-80.69,76.176],[-80.963,76.184],[-80.955,76.27],[-80.835,76.369],[-80.975,76.47],[-81.171,76.513],[-81.474,76.488],[-81.717,76.495],[-82.034,76.629],[-82.218,76.64],[-82.393,76.69],[-82.493,76.698],[-82.262,76.575],[-82.233,76.466],[-83.886,76.453],[-84.224,76.675],[-85.141,76.305],[-85.681,76.349],[-86.296,76.492],[-86.419,76.58],[-86.562,76.517],[-86.978,76.413],[-87.49,76.586],[-88.104,76.413],[-88.482,76.58],[-88.614,76.651],[-88.546,76.421],[-89.37,76.474],[-89.544,76.66],[-88.771,76.993],[-88.398,77.104],[-87.828,77.136],[-87.362,77.136],[-86.852,77.174],[-86.874,77.2],[-87.182,77.332],[-87.43,77.348],[-87.681,77.436],[-87.938,77.6],[-88.017,77.785],[-87.497,77.872],[-87.018,77.892],[-86.385,77.809],[-85.907,77.614],[-85.588,77.461],[-84.739,77.361],[-83.974,77.391],[-83.608,77.442],[-83.477,77.514],[-82.903,77.733],[-82.665,77.889],[-82.595,77.992],[-83.304,77.674],[-83.779,77.533],[-84.168,77.523],[-84.861,77.5],[-85.289,77.559],[-85.548,77.928],[-85.031,78.062],[-84.524,78.197],[-84.388,78.206],[-84.91,78.24],[-85.024,78.312],[-85.419,78.142],[-86.218,78.081],[-85.92,78.343],[-86.427,78.197],[-86.913,78.127],[-87.552,78.177],[-87.491,78.417],[-87.164,78.558],[-86.808,78.774],[-85.691,78.844],[-85.004,78.912],[-83.908,78.839],[-83.389,78.779],[-83.147,78.808],[-82.442,78.84],[-82.151,78.864],[-81.781,78.95],[-81.889,78.975],[-82.237,78.924],[-82.644,78.908],[-83.779,78.945],[-84.316,78.975],[-84.496,79.029],[-84.53,79.101],[-84.257,79.122],[-83.825,79.059],[-83.662,79.09],[-84.197,79.225],[-84.522,79.377],[-85.09,79.612],[-85.457,79.69],[-86.147,79.743],[-86.494,80.018],[-86.499,80.258],[-85.16,80.272],[-84.057,80.262],[-83.344,80.147],[-82.677,79.993],[-82.049,79.783],[-81.688,79.686],[-81.038,79.614],[-80.476,79.606],[-80.124,79.669],[-80.714,79.675],[-81.179,79.733],[-81.644,79.89],[-82.332,80.066],[-82.961,80.278],[-82.785,80.354],[-80.98,80.445],[-79.674,80.625],[-78.386,80.784],[-77.169,80.843],[-76.85,80.878],[-77.389,80.905],[-78.551,80.921],[-78.682,81.001],[-78.464,81.114],[-77.536,81.321],[-76.885,81.43],[-78.352,81.259],[-78.932,81.119],[-79.198,81.118],[-79.402,81.037],[-79.545,80.909],[-79.761,80.842],[-81.007,80.655],[-81.553,80.623],[-82.613,80.559],[-82.768,80.631],[-82.222,80.772],[-82.78,80.736],[-83.647,80.674],[-84.076,80.556],[-84.418,80.527],[-85.307,80.526],[-86.097,80.562],[-86.532,80.605],[-86.603,80.664],[-86.252,80.79],[-85.246,80.988],[-83.349,81.103],[-84.635,81.098],[-85.967,81.012],[-87.08,80.726],[-87.712,80.656],[-88.232,80.704],[-88.921,80.806],[-89.145,80.854],[-89.263,80.914],[-88.413,81.0],[-86.929,81.0],[-85.81,81.124],[-84.941,81.286],[-85.402,81.285],[-86.623,81.123],[-88.887,81.058],[-89.623,81.032],[-89.981,81.125],[-89.563,81.226],[-89.209,81.25],[-89.674,81.329],[-88.892,81.474],[-88.127,81.519],[-87.597,81.526],[-88.479,81.565],[-90.304,81.401],[-90.609,81.43],[-89.845,81.612],[-90.331,81.632],[-90.626,81.656],[-91.103,81.592],[-91.403,81.578],[-91.648,81.684],[-91.219,81.788],[-90.49,81.877],[-89.633,81.895],[-89.156,81.955],[-88.567,82.061],[-87.639,82.085],[-87.218,82.0],[-86.999,81.992],[-86.627,82.051],[-86.158,82.026],[-85.646,81.953],[-85.403,81.982],[-85.052,81.995],[-85.311,82.044],[-86.616,82.219],[-85.92,82.283],[-85.481,82.366],[-84.897,82.449],[-84.553,82.398],[-83.824,82.351],[-83.176,82.187],[-82.774,82.095],[-82.356,82.066],[-82.657,82.158],[-82.709,82.229],[-82.537,82.247],[-81.584,82.121],[-80.153,81.978],[-79.686,81.886],[-79.425,81.854],[-80.13,82.028],[-81.998,82.278],[-82.448,82.395],[-82.269,82.465],[-81.718,82.506],[-81.959,82.563],[-82.117,82.629],[-81.58,82.643],[-80.862,82.572],[-81.147,82.716],[-81.128,82.762],[-80.657,82.769],[-79.035,82.675],[-78.792,82.694],[-79.642,82.785],[-79.974,82.859],[-80.155,82.911],[-79.181,82.933],[-77.969,82.906],[-77.48,82.883],[-76.421,82.671],[-76.244,82.604],[-76.009,82.535],[-75.566,82.609],[-76.087,82.724],[-76.41,82.816],[-77.041,82.968],[-75.745,83.047],[-74.198,82.989],[-73.917,82.904],[-73.272,82.772],[-72.776,82.756],[-73.442,82.905],[-73.404,82.977],[-72.812,83.081],[-71.983,83.101],[-71.132,82.923],[-70.933,82.911],[-71.402,83.001],[-71.085,83.083],[-69.97,83.116],[-69.782,83.093],[-69.489,83.017]]],[[[-95.484,77.792],[-94.96,77.774],[-94.015,77.76],[-93.471,77.764],[-93.211,77.71],[-93.339,77.63],[-93.544,77.467],[-93.836,77.452],[-95.987,77.484],[-96.264,77.595],[-96.239,77.673],[-96.143,77.714],[-95.484,77.792]]],[[[-93.543,75.028],[-93.467,74.921],[-93.491,74.772],[-93.536,74.749],[-93.547,74.691],[-93.626,74.661],[-94.206,74.647],[-94.697,74.642],[-94.959,74.7],[-95.451,74.797],[-96.094,74.933],[-96.27,74.92],[-96.319,74.948],[-96.386,74.999],[-96.591,75.002],[-96.597,75.058],[-96.383,75.211],[-96.18,75.24],[-96.125,75.358],[-95.853,75.469],[-95.05,75.622],[-94.649,75.623],[-94.257,75.544],[-93.751,75.349],[-93.591,75.23],[-93.532,75.1],[-93.543,75.028]]],[[[-100.002,73.946],[-99.04,73.749],[-98.519,73.792],[-97.928,73.866],[-97.67,73.888],[-97.327,73.862],[-97.171,73.825],[-97.011,73.706],[-97.002,73.667],[-97.156,73.592],[-97.395,73.564],[-97.597,73.537],[-97.615,73.481],[-97.532,73.474],[-97.35,73.481],[-97.23,73.421],[-97.484,73.339],[-98.176,73.116],[-98.417,73.023],[-98.431,72.958],[-98.367,72.934],[-98.061,73.021],[-97.725,73.037],[-97.476,72.992],[-97.296,72.918],[-97.371,72.878],[-97.238,72.837],[-97.073,72.718],[-97.159,72.643],[-97.052,72.637],[-96.671,72.713],[-96.542,72.699],[-96.446,72.552],[-96.473,72.434],[-96.638,72.342],[-96.801,72.322],[-96.669,72.271],[-96.593,72.204],[-96.618,72.146],[-96.758,72.032],[-96.624,71.968],[-96.946,71.792],[-97.117,71.711],[-97.461,71.634],[-98.181,71.662],[-98.284,71.716],[-98.313,71.803],[-98.306,71.848],[-98.389,71.824],[-98.421,71.717],[-98.195,71.491],[-98.199,71.441],[-98.536,71.318],[-98.784,71.314],[-98.986,71.369],[-99.224,71.387],[-99.404,71.557],[-99.735,71.757],[-100.326,72.004],[-100.707,72.186],[-100.984,72.21],[-101.093,72.279],[-101.251,72.322],[-101.498,72.278],[-101.775,72.341],[-101.833,72.409],[-101.974,72.486],[-102.657,72.719],[-102.714,72.783],[-102.628,72.911],[-102.504,73.006],[-102.204,73.077],[-101.922,73.057],[-101.798,72.973],[-101.618,72.91],[-101.435,72.821],[-101.273,72.722],[-100.896,72.726],[-100.468,72.779],[-100.396,72.977],[-100.228,72.899],[-100.128,72.907],[-100.097,72.963],[-100.236,73.095],[-100.334,73.128],[-100.531,73.138],[-100.536,73.198],[-100.439,73.255],[-100.226,73.255],[-99.966,73.201],[-100.006,73.24],[-100.366,73.359],[-100.587,73.3],[-100.889,73.275],[-101.482,73.446],[-101.518,73.505],[-101.323,73.572],[-100.976,73.6],[-100.677,73.494],[-100.509,73.465],[-100.607,73.575],[-100.783,73.613],[-100.953,73.691],[-100.985,73.765],[-100.915,73.805],[-100.182,73.801],[-99.912,73.847],[-100.04,73.844],[-100.225,73.873],[-100.138,73.929],[-100.002,73.946]]],[[[-84.92,65.261],[-84.842,65.256],[-84.612,65.447],[-84.501,65.458],[-84.18,65.316],[-84.085,65.218],[-83.723,65.169],[-83.407,65.104],[-83.201,64.96],[-82.668,64.78],[-82.272,64.721],[-82.05,64.644],[-81.787,64.426],[-81.667,64.171],[-81.721,64.119],[-81.887,64.016],[-81.336,64.076],[-81.024,64.031],[-80.921,64.1],[-80.694,64.025],[-80.569,63.932],[-80.668,63.901],[-80.261,63.802],[-80.504,63.674],[-80.954,63.48],[-81.046,63.462],[-81.372,63.538],[-82.146,63.691],[-82.412,63.737],[-82.571,63.961],[-83.034,64.023],[-83.016,64.127],[-83.186,64.158],[-83.494,64.099],[-83.617,64.013],[-83.662,63.873],[-84.022,63.66],[-84.26,63.6],[-84.388,63.529],[-84.555,63.35],[-84.796,63.247],[-85.238,63.139],[-85.496,63.139],[-85.714,63.658],[-85.769,63.7],[-86.302,63.657],[-86.847,63.575],[-87.053,63.572],[-87.177,63.595],[-87.189,63.672],[-87.032,63.83],[-86.886,63.924],[-86.309,64.094],[-86.252,64.181],[-86.354,64.377],[-86.374,64.566],[-86.228,64.896],[-86.114,65.417],[-86.017,65.64],[-85.814,65.832],[-85.555,65.919],[-85.496,65.9],[-85.241,65.796],[-85.13,65.693],[-85.13,65.592],[-85.243,65.526],[-85.056,65.437],[-84.92,65.261]]],[[[-97.701,76.467],[-97.702,76.387],[-97.739,76.335],[-97.573,76.224],[-97.524,76.139],[-97.613,76.053],[-97.652,75.94],[-97.602,75.851],[-97.891,75.76],[-97.44,75.685],[-97.41,75.552],[-97.363,75.417],[-97.653,75.508],[-97.853,75.26],[-97.66,75.151],[-97.799,75.117],[-97.971,75.153],[-98.069,75.199],[-98.077,75.153],[-97.953,75.06],[-98.121,75.033],[-98.569,75.009],[-98.835,75.018],[-99.156,75.016],[-99.326,75.049],[-99.627,74.984],[-100.234,75.008],[-100.357,75.067],[-100.459,75.219],[-100.146,75.246],[-100.615,75.321],[-100.704,75.394],[-100.28,75.461],[-99.77,75.612],[-99.591,75.655],[-99.195,75.698],[-100.902,75.62],[-101.461,75.608],[-102.587,75.514],[-102.798,75.6],[-102.411,75.713],[-102.271,75.813],[-101.943,75.884],[-101.421,75.782],[-101.119,75.763],[-101.01,75.802],[-101.288,75.789],[-101.47,75.882],[-101.508,75.944],[-101.717,76.008],[-101.872,76.083],[-101.771,76.15],[-101.557,76.236],[-101.987,76.243],[-102.105,76.331],[-101.858,76.439],[-101.677,76.451],[-101.34,76.41],[-101.088,76.308],[-101.056,76.246],[-100.231,76.008],[-100.02,75.94],[-99.775,75.927],[-99.689,75.96],[-100.051,76.067],[-100.086,76.134],[-99.79,76.133],[-99.817,76.168],[-100.183,76.197],[-100.414,76.257],[-100.043,76.291],[-99.978,76.312],[-100.175,76.359],[-100.82,76.437],[-100.891,76.475],[-100.574,76.585],[-100.069,76.635],[-99.669,76.624],[-99.17,76.454],[-98.971,76.537],[-98.941,76.643],[-98.528,76.667],[-98.236,76.575],[-97.808,76.519],[-97.701,76.467]]],[[[-103.426,79.316],[-102.914,79.231],[-102.639,79.078],[-102.648,79.027],[-102.731,78.969],[-102.581,78.93],[-102.576,78.879],[-102.425,78.933],[-102.393,79.01],[-101.974,79.079],[-101.704,79.079],[-101.145,78.973],[-101.037,78.939],[-101.116,78.858],[-101.128,78.802],[-100.435,78.82],[-99.782,78.62],[-99.582,78.563],[-99.68,78.494],[-99.848,78.438],[-99.769,78.365],[-99.751,78.303],[-99.132,78.118],[-99.005,78.016],[-99.061,77.966],[-99.166,77.857],[-99.659,77.824],[-100.275,77.833],[-100.68,77.931],[-100.778,77.996],[-100.826,78.088],[-101.074,78.194],[-101.829,78.264],[-102.284,78.275],[-102.668,78.256],[-102.772,78.307],[-102.731,78.371],[-103.947,78.26],[-104.513,78.295],[-104.879,78.401],[-104.996,78.519],[-104.82,78.573],[-104.214,78.54],[-103.571,78.54],[-103.588,78.623],[-103.929,78.663],[-103.372,78.736],[-103.518,78.769],[-104.185,78.781],[-104.155,78.814],[-103.887,78.919],[-104.113,78.986],[-104.395,78.956],[-104.817,78.807],[-104.97,78.829],[-104.893,78.89],[-104.747,79.027],[-105.309,79.033],[-105.571,79.061],[-105.571,79.164],[-105.436,79.302],[-104.847,79.311],[-103.706,79.352],[-103.426,79.316]]],[[[-91.886,81.133],[-91.272,80.85],[-90.683,80.688],[-90.632,80.642],[-90.537,80.576],[-89.862,80.498],[-89.674,80.531],[-89.329,80.532],[-89.167,80.48],[-89.134,80.44],[-89.197,80.394],[-89.147,80.36],[-89.198,80.263],[-88.857,80.166],[-88.329,80.134],[-88.197,80.125],[-88.381,80.225],[-88.646,80.29],[-88.644,80.387],[-88.424,80.428],[-87.96,80.416],[-87.646,80.348],[-87.618,80.207],[-87.869,80.134],[-87.861,80.088],[-87.329,80.047],[-87.076,79.967],[-87.05,79.805],[-87.22,79.63],[-87.243,79.571],[-86.861,79.598],[-86.337,79.635],[-86.18,79.605],[-86.007,79.479],[-85.804,79.573],[-85.679,79.615],[-85.501,79.53],[-85.064,79.328],[-85.181,79.234],[-86.092,79.1],[-86.629,78.991],[-86.913,78.983],[-87.016,78.899],[-87.246,78.813],[-87.617,78.676],[-87.922,78.751],[-87.961,78.893],[-87.923,78.951],[-87.829,79.045],[-88.04,78.995],[-88.164,78.933],[-88.167,78.746],[-88.254,78.672],[-88.037,78.627],[-87.982,78.595],[-87.983,78.537],[-88.148,78.477],[-88.581,78.602],[-88.742,78.584],[-88.623,78.462],[-88.648,78.334],[-88.791,78.192],[-88.97,78.184],[-89.47,78.37],[-89.926,78.573],[-90.037,78.607],[-90.001,78.496],[-89.612,78.279],[-89.49,78.172],[-89.579,78.167],[-89.873,78.238],[-90.025,78.291],[-90.297,78.328],[-90.622,78.322],[-90.469,78.269],[-90.358,78.219],[-90.387,78.163],[-90.918,78.158],[-91.899,78.237],[-92.678,78.389],[-92.848,78.46],[-92.297,78.521],[-91.935,78.562],[-92.973,78.613],[-93.267,78.608],[-93.552,78.708],[-93.623,78.768],[-93.208,78.769],[-93.336,78.808],[-94.115,78.929],[-94.17,78.973],[-93.95,79.037],[-93.068,79.155],[-92.684,79.186],[-91.868,79.317],[-91.3,79.373],[-92.248,79.373],[-92.645,79.45],[-93.028,79.429],[-93.55,79.354],[-94.04,79.295],[-94.109,79.315],[-93.94,79.386],[-94.11,79.402],[-94.405,79.391],[-95.044,79.294],[-95.317,79.355],[-95.733,79.418],[-95.563,79.55],[-94.52,79.667],[-94.402,79.736],[-94.973,79.677],[-95.552,79.653],[-95.858,79.674],[-96.463,79.848],[-96.607,79.978],[-96.773,80.136],[-95.394,80.053],[-94.611,80.056],[-94.613,80.103],[-94.583,80.141],[-94.263,80.195],[-95.192,80.134],[-95.646,80.231],[-96.026,80.222],[-96.308,80.267],[-96.394,80.315],[-96.334,80.353],[-96.012,80.383],[-95.549,80.367],[-95.901,80.471],[-96.133,80.691],[-95.714,80.725],[-95.226,80.686],[-94.893,80.571],[-94.485,80.558],[-94.029,80.586],[-94.596,80.641],[-95.196,80.808],[-95.509,80.863],[-94.981,81.05],[-94.216,81.057],[-93.444,81.083],[-93.287,81.1],[-93.235,81.155],[-93.407,81.209],[-94.11,81.225],[-94.219,81.265],[-94.233,81.315],[-94.179,81.339],[-93.605,81.351],[-93.035,81.346],[-92.212,81.244],[-91.886,81.133]]],[[[-94.295,76.912],[-93.948,76.917],[-93.608,76.874],[-93.277,76.784],[-93.212,76.755],[-93.19,76.686],[-93.264,76.626],[-93.426,76.527],[-93.535,76.448],[-92.995,76.62],[-92.297,76.616],[-91.548,76.685],[-91.124,76.662],[-90.605,76.543],[-90.543,76.496],[-90.864,76.484],[-91.336,76.511],[-91.443,76.499],[-91.334,76.446],[-89.285,76.302],[-89.237,76.239],[-89.407,76.189],[-90.827,76.186],[-91.407,76.22],[-91.02,76.142],[-90.712,76.076],[-90.176,76.03],[-89.913,75.966],[-89.695,75.854],[-89.511,75.857],[-89.205,75.762],[-89.257,75.698],[-89.625,75.584],[-89.337,75.572],[-88.917,75.454],[-88.839,75.463],[-88.82,75.539],[-88.852,75.625],[-88.715,75.659],[-88.569,75.645],[-87.73,75.576],[-87.572,75.494],[-87.365,75.591],[-86.814,75.491],[-86.437,75.436],[-85.951,75.395],[-86.069,75.502],[-85.581,75.58],[-84.987,75.645],[-84.605,75.653],[-84.014,75.78],[-83.745,75.813],[-83.093,75.756],[-82.354,75.833],[-81.647,75.795],[-81.151,75.736],[-81.174,75.669],[-81.001,75.643],[-80.322,75.629],[-80.119,75.562],[-80.287,75.49],[-80.1,75.467],[-79.66,75.45],[-79.508,75.295],[-79.634,75.199],[-80.358,75.052],[-80.261,75.002],[-80.036,74.991],[-79.664,75.021],[-79.46,74.959],[-79.508,74.88],[-80.202,74.895],[-80.348,74.903],[-80.19,74.828],[-80.192,74.78],[-80.21,74.704],[-80.263,74.584],[-81.226,74.567],[-81.607,74.502],[-81.94,74.473],[-82.415,74.535],[-82.736,74.53],[-82.978,74.583],[-83.117,74.693],[-83.087,74.788],[-83.158,74.817],[-83.407,74.885],[-83.544,74.892],[-83.487,74.834],[-83.341,74.765],[-83.412,74.655],[-83.622,74.566],[-84.245,74.515],[-84.667,74.52],[-84.916,74.568],[-85.061,74.607],[-85.133,74.517],[-85.339,74.543],[-85.474,74.6],[-85.512,74.545],[-85.808,74.499],[-86.11,74.54],[-86.341,74.513],[-86.731,74.557],[-86.77,74.479],[-87.364,74.502],[-88.006,74.489],[-88.501,74.51],[-88.558,74.57],[-88.477,74.667],[-88.34,74.785],[-88.488,74.829],[-88.682,74.802],[-88.851,74.69],[-88.908,74.764],[-88.98,74.788],[-89.058,74.747],[-89.192,74.745],[-89.197,74.698],[-89.196,74.638],[-89.45,74.568],[-89.844,74.549],[-90.362,74.61],[-90.784,74.696],[-90.958,74.745],[-90.88,74.818],[-91.164,74.71],[-91.168,74.646],[-91.508,74.651],[-91.666,74.699],[-91.962,74.793],[-92.174,75.051],[-92.06,75.101],[-92.207,75.181],[-92.389,75.263],[-92.427,75.346],[-92.411,75.406],[-92.11,75.611],[-92.069,75.658],[-92.142,75.797],[-92.307,75.915],[-92.709,76.114],[-93.092,76.354],[-93.309,76.36],[-93.644,76.289],[-93.852,76.27],[-94.585,76.297],[-94.997,76.258],[-95.447,76.363],[-95.959,76.446],[-96.013,76.513],[-95.696,76.563],[-95.873,76.566],[-96.64,76.703],[-96.881,76.738],[-96.898,76.773],[-96.679,76.766],[-96.451,76.774],[-96.433,76.811],[-96.771,76.889],[-96.77,76.948],[-96.685,76.985],[-96.377,77.005],[-95.85,77.066],[-95.126,77.017],[-94.295,76.912]]],[[[-96.204,78.531],[-95.561,78.517],[-95.031,78.43],[-94.888,78.36],[-95.014,78.313],[-95.329,78.225],[-94.988,78.136],[-94.934,78.076],[-95.199,77.968],[-95.452,77.963],[-96.012,77.887],[-96.603,77.849],[-96.99,77.806],[-97.064,77.859],[-97.019,77.908],[-97.427,77.982],[-97.648,78.072],[-97.227,78.103],[-96.958,78.139],[-97.027,78.157],[-97.819,78.231],[-98.05,78.326],[-98.114,78.403],[-98.276,78.438],[-98.324,78.498],[-98.06,78.558],[-98.29,78.692],[-98.333,78.774],[-98.043,78.805],[-97.382,78.783],[-96.936,78.72],[-96.475,78.665],[-96.243,78.573],[-96.204,78.531]]],[[[-93.171,74.161],[-92.587,74.083],[-92.314,73.992],[-91.874,74.013],[-91.088,74.009],[-90.458,73.908],[-90.381,73.825],[-90.566,73.686],[-90.934,73.528],[-91.002,73.467],[-91.249,73.304],[-91.554,73.236],[-91.426,73.195],[-91.621,73.026],[-91.905,72.849],[-92.235,72.727],[-93.341,72.802],[-94.211,72.757],[-93.92,72.703],[-93.572,72.559],[-93.534,72.499],[-93.555,72.421],[-93.973,72.13],[-94.144,72.001],[-94.611,72.042],[-95.193,72.027],[-95.193,72.345],[-95.548,72.782],[-95.602,72.884],[-95.612,72.999],[-95.589,73.174],[-95.644,73.557],[-95.645,73.671],[-95.569,73.728],[-95.386,73.755],[-94.817,73.663],[-94.691,73.671],[-94.897,73.716],[-95.134,73.881],[-95.153,73.933],[-95.121,73.985],[-94.974,74.041],[-94.483,74.113],[-93.785,74.118],[-93.41,74.179],[-93.171,74.161]]],[[[-97.439,69.643],[-97.351,69.641],[-97.278,69.68],[-97.096,69.615],[-96.875,69.51],[-96.3,69.344],[-96.061,69.125],[-95.855,68.954],[-95.585,68.835],[-95.374,68.892],[-95.268,68.826],[-95.359,68.778],[-95.614,68.745],[-95.802,68.686],[-96.024,68.607],[-96.402,68.471],[-97.008,68.539],[-97.472,68.544],[-97.885,68.672],[-98.258,68.749],[-98.28,68.807],[-98.321,68.843],[-98.432,68.818],[-98.704,68.803],[-98.83,68.839],[-98.864,68.894],[-98.904,68.932],[-99.057,68.918],[-99.073,68.877],[-99.254,68.863],[-99.441,68.918],[-99.564,69.034],[-99.513,69.1],[-99.085,69.15],[-98.724,69.219],[-98.456,69.335],[-98.467,69.375],[-98.559,69.461],[-98.448,69.48],[-98.534,69.527],[-98.546,69.573],[-98.389,69.565],[-98.156,69.469],[-98.163,69.512],[-98.304,69.669],[-98.268,69.754],[-98.2,69.797],[-97.889,69.858],[-97.691,69.841],[-97.411,69.738],[-97.386,69.7],[-97.469,69.667],[-97.439,69.643]]],[[[-61.105,45.945],[-60.937,45.986],[-60.868,45.949],[-61.038,45.882],[-60.972,45.838],[-61.092,45.748],[-60.93,45.748],[-60.806,45.738],[-60.699,45.773],[-60.461,45.969],[-60.733,45.957],[-60.586,46.117],[-60.431,46.256],[-60.298,46.311],[-60.226,46.196],[-59.961,46.191],[-59.85,46.141],[-59.881,46.062],[-59.828,45.965],[-60.016,45.88],[-60.205,45.743],[-60.673,45.591],[-60.872,45.611],[-61.084,45.582],[-61.236,45.573],[-61.323,45.598],[-61.45,45.716],[-61.481,46.06],[-61.302,46.244],[-60.983,46.65],[-60.87,46.797],[-60.617,46.976],[-60.489,47.01],[-60.431,46.963],[-60.332,46.768],[-60.384,46.613],[-60.508,46.303],[-60.534,46.215],[-60.745,46.093],[-60.912,46.045],[-61.105,45.945]]],[[[-67.125,45.169],[-67.213,45.193],[-67.271,45.187],[-67.315,45.154],[-67.4,45.21],[-67.473,45.276],[-67.439,45.34],[-67.454,45.421],[-67.494,45.474],[-67.455,45.514],[-67.414,45.566],[-67.487,45.618],[-67.596,45.621],[-67.699,45.671],[-67.755,45.686],[-67.802,45.728],[-67.792,45.796],[-67.774,45.843],[-67.782,45.874],[-67.767,45.927],[-67.786,46.042],[-67.793,46.337],[-67.798,46.616],[-67.803,46.936],[-67.935,47.168],[-68.235,47.346],[-68.358,47.345],[-68.48,47.286],[-68.829,47.203],[-68.937,47.211],[-69.049,47.274],[-69.05,47.427],[-69.243,47.463],[-69.359,47.351],[-69.63,47.081],[-69.872,46.843],[-70.038,46.571],[-70.18,46.342],[-70.279,46.15],[-70.306,45.98],[-70.296,45.906],[-70.408,45.802],[-70.467,45.707],[-70.702,45.551],[-70.692,45.455],[-70.711,45.409],[-70.799,45.405],[-70.837,45.311],[-70.898,45.262],[-70.96,45.333],[-71.06,45.309],[-71.202,45.26],[-71.419,45.2],[-71.934,45.007],[-72.766,45.006],[-73.598,45.005],[-74.43,45.004],[-74.709,45.004],[-74.269,45.188],[-73.765,45.395],[-73.519,45.459],[-73.465,45.632],[-73.253,45.864],[-72.99,46.104],[-72.496,46.353],[-72.24,46.442],[-72.109,46.551],[-71.671,46.654],[-71.261,46.756],[-70.993,46.852],[-70.388,47.117],[-70.07,47.378],[-69.802,47.623],[-69.471,47.967],[-68.987,48.275],[-68.746,48.376],[-68.431,48.542],[-67.889,48.731],[-67.117,48.964],[-66.178,49.213],[-65.523,49.266],[-64.836,49.192],[-64.262,48.922],[-64.209,48.806],[-64.514,48.841],[-64.246,48.691],[-64.349,48.423],[-64.706,48.311],[-64.822,48.196],[-65.036,48.106],[-65.36,48.011],[-65.755,48.112],[-66.013,48.147],[-66.249,48.117],[-66.449,48.12],[-66.632,48.011],[-66.36,48.061],[-65.849,47.911],[-65.666,47.696],[-65.483,47.687],[-65.228,47.811],[-65.046,47.793],[-64.703,47.725],[-64.852,47.57],[-65.086,47.234],[-65.26,47.069],[-65.042,47.089],[-64.831,47.061],[-64.906,46.888],[-64.817,46.699],[-64.69,46.512],[-64.648,46.356],[-64.542,46.24],[-64.145,46.193],[-63.873,46.146],[-64.056,46.021],[-63.703,45.858],[-63.509,45.875],[-63.316,45.78],[-63.217,45.758],[-62.911,45.776],[-62.718,45.686],[-62.586,45.661],[-62.447,45.641],[-62.218,45.731],[-61.924,45.851],[-61.877,45.714],[-61.657,45.642],[-61.428,45.648],[-61.277,45.476],[-61.376,45.411],[-61.107,45.349],[-61.032,45.292],[-61.101,45.233],[-61.284,45.235],[-61.498,45.157],[-61.647,45.131],[-61.794,45.084],[-62.265,44.936],[-62.768,44.785],[-63.089,44.709],[-63.306,44.643],[-63.457,44.64],[-63.604,44.683],[-63.545,44.544],[-63.61,44.48],[-63.821,44.511],[-63.924,44.604],[-64.045,44.588],[-64.101,44.487],[-64.286,44.55],[-64.312,44.415],[-64.335,44.292],[-64.469,44.185],[-64.692,44.021],[-64.862,43.868],[-65.172,43.731],[-65.33,43.668],[-65.386,43.565],[-65.45,43.524],[-65.564,43.553],[-65.738,43.561],[-65.887,43.795],[-66.002,43.778],[-66.126,43.814],[-66.193,44.144],[-65.868,44.569],[-66.146,44.436],[-66.091,44.505],[-65.917,44.615],[-65.682,44.651],[-65.52,44.733],[-65.587,44.729],[-65.692,44.738],[-64.903,45.121],[-64.449,45.256],[-64.448,45.337],[-64.34,45.268],[-64.366,45.187],[-64.235,45.114],[-64.183,45.147],[-63.748,45.311],[-63.368,45.365],[-63.906,45.378],[-64.336,45.39],[-64.681,45.383],[-64.832,45.35],[-64.913,45.375],[-64.56,45.625],[-64.351,45.783],[-64.404,45.827],[-64.536,45.867],[-64.642,45.913],[-64.779,45.638],[-65.057,45.544],[-65.545,45.337],[-65.956,45.222],[-66.067,45.359],[-66.065,45.401],[-66.183,45.335],[-66.144,45.228],[-66.352,45.133],[-66.511,45.143],[-66.872,45.067],[-66.919,45.146],[-67.084,45.144],[-67.125,45.169]]],[[[-55.459,51.537],[-55.583,51.389],[-55.731,51.359],[-56.031,51.328],[-56.031,51.227],[-55.961,51.191],[-55.841,51.205],[-55.796,51.166],[-55.785,51.087],[-55.871,50.907],[-56.078,50.781],[-56.121,50.734],[-56.196,50.585],[-56.454,50.38],[-56.484,50.271],[-56.694,50.06],[-56.75,49.967],[-56.754,49.883],[-56.839,49.788],[-56.829,49.725],[-56.807,49.673],[-56.757,49.652],[-56.501,49.87],[-56.376,49.934],[-56.247,50.09],[-56.148,50.1],[-56.127,50.015],[-56.161,49.94],[-55.927,50.018],[-55.765,49.96],[-55.53,49.997],[-55.527,49.937],[-55.718,49.829],[-56.14,49.619],[-56.052,49.658],[-55.902,49.681],[-55.882,49.646],[-56.087,49.452],[-55.815,49.515],[-55.49,49.462],[-55.379,49.473],[-55.355,49.381],[-55.29,49.392],[-55.283,49.514],[-55.23,49.508],[-55.2,49.408],[-55.259,49.267],[-55.332,49.126],[-55.335,49.078],[-55.247,49.139],[-55.245,49.2],[-55.063,49.297],[-55.01,49.293],[-54.983,49.268],[-54.844,49.345],[-54.718,49.389],[-54.579,49.491],[-54.469,49.53],[-54.465,49.401],[-54.448,49.329],[-54.356,49.415],[-54.271,49.419],[-53.862,49.426],[-53.619,49.322],[-53.56,49.192],[-53.671,49.078],[-53.809,48.993],[-53.845,48.925],[-54.161,48.788],[-53.951,48.807],[-53.848,48.797],[-53.962,48.739],[-53.966,48.707],[-53.784,48.695],[-53.706,48.656],[-53.795,48.526],[-54.068,48.419],[-54.104,48.388],[-53.853,48.449],[-53.739,48.496],[-53.552,48.482],[-53.361,48.573],[-53.22,48.578],[-53.057,48.659],[-53.028,48.635],[-53.037,48.516],[-53.136,48.402],[-53.225,48.364],[-53.334,48.356],[-53.531,48.232],[-53.56,48.174],[-53.569,48.088],[-53.71,48.057],[-53.87,48.02],[-53.653,48.026],[-53.658,47.969],[-53.862,47.799],[-53.838,47.727],[-53.765,47.65],[-53.604,47.662],[-53.283,47.998],[-52.921,48.147],[-52.866,48.113],[-52.955,48.029],[-53.111,47.812],[-53.176,47.653],[-53.158,47.488],[-53.057,47.483],[-52.873,47.619],[-52.782,47.769],[-52.711,47.745],[-52.672,47.622],[-52.669,47.47],[-52.912,47.103],[-52.882,47.011],[-52.962,46.819],[-53.07,46.681],[-53.167,46.646],[-53.255,46.698],[-53.323,46.718],[-53.536,46.633],[-53.59,46.639],[-53.595,46.888],[-53.612,47.01],[-53.578,47.133],[-53.636,47.138],[-53.774,47.012],[-54.01,46.84],[-54.102,46.825],[-54.174,46.88],[-54.155,46.967],[-53.971,47.262],[-53.85,47.44],[-53.901,47.509],[-53.989,47.756],[-54.192,47.86],[-54.234,47.772],[-54.434,47.462],[-54.488,47.404],[-54.542,47.425],[-54.474,47.547],[-54.651,47.408],[-54.802,47.399],[-55.09,47.174],[-55.14,47.046],[-55.316,46.906],[-55.479,46.917],[-55.652,46.881],[-55.845,46.874],[-55.95,46.928],[-55.954,46.973],[-55.838,47.072],[-55.61,47.12],[-55.401,47.221],[-55.191,47.449],[-54.87,47.571],[-54.785,47.665],[-54.946,47.621],[-55.075,47.658],[-55.366,47.661],[-55.413,47.55],[-55.461,47.485],[-55.576,47.465],[-55.811,47.516],[-56.081,47.5],[-56.084,47.525],[-55.844,47.788],[-55.918,47.792],[-56.09,47.772],[-56.151,47.775],[-56.263,47.658],[-56.46,47.617],[-56.774,47.565],[-57.473,47.631],[-57.884,47.66],[-58.239,47.669],[-58.327,47.72],[-58.428,47.683],[-58.613,47.626],[-59.117,47.571],[-59.26,47.634],[-59.362,47.866],[-59.341,47.934],[-58.961,48.159],[-58.605,48.411],[-58.336,48.514],[-58.492,48.513],[-58.723,48.541],[-59.167,48.522],[-59.063,48.628],[-58.819,48.747],[-58.906,48.65],[-58.843,48.605],[-58.687,48.622],[-58.546,48.897],[-58.404,49.084],[-58.319,49.081],[-58.05,48.988],[-57.991,48.988],[-58.082,49.045],[-58.049,49.18],[-57.98,49.23],[-58.191,49.259],[-58.213,49.387],[-58.107,49.5],[-57.961,49.532],[-57.791,49.49],[-57.897,49.6],[-57.926,49.701],[-57.608,50.199],[-57.433,50.506],[-57.331,50.605],[-57.18,50.615],[-57.294,50.673],[-57.275,50.725],[-57.132,50.787],[-57.006,50.94],[-57.037,50.996],[-56.976,51.028],[-56.805,51.144],[-56.682,51.333],[-56.518,51.399],[-56.026,51.568],[-55.866,51.508],[-55.66,51.511],[-55.666,51.579],[-55.496,51.59],[-55.459,51.537]]],[[[-86.589,71.011],[-86.321,71.017],[-85.825,71.126],[-85.095,71.152],[-85.043,71.092],[-85.048,71.059],[-84.87,71.002],[-84.79,71.093],[-84.674,71.439],[-84.66,71.586],[-84.84,71.659],[-85.131,71.661],[-85.339,71.697],[-85.512,71.817],[-85.813,71.956],[-85.862,72.022],[-85.546,72.102],[-85.322,72.233],[-84.608,72.129],[-84.284,72.044],[-84.347,72.094],[-84.778,72.259],[-84.811,72.33],[-84.623,72.377],[-84.964,72.406],[-85.156,72.383],[-85.391,72.444],[-85.554,72.569],[-85.638,72.633],[-85.645,72.774],[-85.575,72.856],[-85.388,72.945],[-84.99,72.92],[-84.274,72.836],[-85.384,73.045],[-85.018,73.335],[-84.416,73.456],[-83.782,73.417],[-83.915,73.508],[-83.73,73.576],[-83.02,73.676],[-82.843,73.715],[-82.203,73.736],[-81.605,73.696],[-81.344,73.598],[-81.152,73.314],[-80.822,73.207],[-80.603,73.121],[-80.619,72.997],[-80.501,72.857],[-80.277,72.77],[-80.323,72.717],[-80.675,72.559],[-81.229,72.312],[-80.761,72.457],[-80.605,72.426],[-80.821,72.26],[-80.919,72.191],[-80.733,72.089],[-80.888,72.088],[-80.941,72.048],[-80.925,71.971],[-80.948,71.917],[-80.858,71.911],[-80.705,71.988],[-80.182,72.209],[-79.928,72.175],[-80.091,72.301],[-80.067,72.378],[-79.927,72.428],[-79.778,72.439],[-79.654,72.332],[-79.427,72.337],[-79.194,72.356],[-79.018,72.188],[-79.008,72.043],[-78.614,71.881],[-78.589,71.898],[-78.711,71.972],[-78.863,72.101],[-78.699,72.351],[-78.429,72.28],[-78.116,72.28],[-77.517,72.178],[-77.694,72.238],[-78.287,72.36],[-78.484,72.471],[-78.459,72.542],[-78.35,72.6],[-77.753,72.725],[-77.255,72.736],[-76.698,72.695],[-76.189,72.572],[-75.969,72.563],[-75.704,72.572],[-75.186,72.434],[-75.071,72.323],[-75.053,72.226],[-75.543,72.008],[-75.787,71.803],[-75.923,71.717],[-75.822,71.746],[-75.6,71.918],[-75.148,72.063],[-74.695,72.097],[-74.377,72.067],[-74.266,72.038],[-74.213,71.939],[-74.316,71.843],[-74.789,71.742],[-75.205,71.709],[-74.959,71.667],[-74.707,71.647],[-74.868,71.505],[-74.841,71.407],[-75.035,71.231],[-74.759,71.338],[-74.6,71.585],[-74.404,71.673],[-73.992,71.75],[-73.814,71.771],[-73.714,71.72],[-74.197,71.404],[-73.973,71.473],[-73.713,71.588],[-73.482,71.479],[-73.262,71.322],[-73.192,71.35],[-73.278,71.538],[-72.902,71.678],[-72.581,71.607],[-72.365,71.611],[-71.875,71.561],[-71.46,71.464],[-71.256,71.362],[-71.187,71.279],[-71.397,71.147],[-71.593,71.086],[-71.938,71.094],[-72.298,70.939],[-72.598,70.849],[-72.313,70.833],[-72.15,70.941],[-71.743,71.047],[-71.186,70.978],[-70.888,71.099],[-70.792,71.103],[-70.636,71.007],[-70.655,70.871],[-71.022,70.674],[-71.38,70.606],[-71.658,70.534],[-71.8,70.457],[-71.772,70.394],[-71.684,70.418],[-71.477,70.544],[-71.375,70.548],[-71.276,70.5],[-71.429,70.128],[-71.313,70.209],[-70.98,70.581],[-70.561,70.738],[-70.085,70.83],[-69.796,70.835],[-69.56,70.777],[-69.289,70.783],[-69.066,70.728],[-68.496,70.61],[-68.401,70.565],[-68.364,70.481],[-68.483,70.415],[-68.643,70.383],[-68.843,70.314],[-69.299,70.277],[-69.699,70.189],[-70.058,70.043],[-69.796,70.047],[-69.483,70.16],[-68.919,70.207],[-68.753,70.199],[-68.723,70.146],[-68.839,70.08],[-68.897,69.953],[-68.657,69.968],[-68.489,70.065],[-68.305,70.087],[-68.21,70.128],[-68.327,70.18],[-68.204,70.281],[-68.059,70.317],[-67.716,70.22],[-67.318,69.998],[-67.173,69.799],[-67.222,69.731],[-67.337,69.721],[-68.02,69.77],[-68.189,69.731],[-68.29,69.665],[-68.67,69.644],[-69.125,69.575],[-69.251,69.512],[-68.785,69.564],[-68.058,69.476],[-67.825,69.475],[-67.361,69.473],[-67.053,69.421],[-66.717,69.312],[-66.676,69.258],[-66.707,69.168],[-67.208,69.171],[-67.484,69.167],[-67.765,69.2],[-68.198,69.203],[-68.619,69.206],[-68.993,69.079],[-68.304,69.166],[-67.833,69.066],[-67.751,68.934],[-67.883,68.784],[-68.324,68.844],[-68.543,68.843],[-68.725,68.81],[-69.33,68.876],[-69.319,68.857],[-68.541,68.749],[-68.21,68.703],[-68.148,68.616],[-67.938,68.524],[-67.766,68.547],[-67.567,68.534],[-67.321,68.488],[-67.111,68.461],[-66.743,68.458],[-66.762,68.425],[-67.033,68.326],[-66.831,68.216],[-66.905,68.098],[-66.9,68.063],[-66.702,68.121],[-66.663,68.034],[-66.631,68.211],[-66.212,68.28],[-66.275,68.041],[-66.53,67.86],[-66.444,67.834],[-66.343,67.853],[-65.986,68.069],[-65.944,68.031],[-65.864,67.923],[-65.702,67.987],[-65.509,67.968],[-65.552,67.799],[-65.401,67.675],[-65.413,67.724],[-65.415,67.879],[-65.064,68.026],[-64.922,68.032],[-64.863,67.965],[-65.026,67.892],[-65.021,67.788],[-64.638,67.84],[-64.396,67.74],[-64.019,67.655],[-64.077,67.496],[-64.303,67.353],[-64.58,67.355],[-64.589,67.316],[-64.356,67.256],[-64.063,67.266],[-63.824,67.316],[-63.592,67.378],[-63.316,67.336],[-63.162,67.174],[-63.236,67.069],[-63.307,66.994],[-63.636,66.821],[-63.144,66.924],[-62.833,66.933],[-62.71,66.954],[-62.38,66.905],[-61.969,67.019],[-61.515,66.778],[-61.3,66.649],[-61.453,66.567],[-61.724,66.638],[-62.014,66.674],[-62.089,66.626],[-61.576,66.412],[-61.863,66.313],[-62.158,66.338],[-62.375,66.411],[-62.553,66.407],[-62.42,66.289],[-62.534,66.227],[-62.024,66.068],[-62.139,66.011],[-62.468,66.017],[-62.624,66.016],[-62.448,65.946],[-62.388,65.868],[-62.486,65.804],[-62.659,65.64],[-62.817,65.648],[-63.169,65.657],[-63.459,65.853],[-63.41,65.756],[-63.652,65.674],[-63.509,65.636],[-63.364,65.543],[-63.402,65.118],[-63.607,64.928],[-63.789,65.051],[-63.896,65.109],[-64.061,65.122],[-64.25,65.114],[-64.31,65.325],[-64.286,65.4],[-64.47,65.253],[-64.665,65.169],[-64.847,65.3],[-65.108,65.464],[-65.207,65.59],[-65.311,65.702],[-65.402,65.764],[-65.277,65.891],[-65.032,65.989],[-64.773,66.079],[-64.564,66.272],[-64.504,66.325],[-64.761,66.231],[-65.004,66.078],[-65.416,65.995],[-65.826,65.997],[-65.857,66.086],[-65.688,66.213],[-65.856,66.142],[-66.064,66.133],[-66.277,66.229],[-66.477,66.28],[-66.76,66.508],[-66.863,66.595],[-67.015,66.622],[-66.969,66.547],[-67.19,66.533],[-67.318,66.52],[-67.19,66.322],[-67.311,66.304],[-67.56,66.4],[-67.868,66.49],[-67.801,66.367],[-67.547,66.187],[-67.183,66.034],[-67.35,65.93],[-67.551,65.922],[-67.958,66.014],[-68.46,66.249],[-68.749,66.2],[-68.572,66.189],[-68.217,66.079],[-68.261,65.995],[-68.187,65.871],[-67.968,65.797],[-67.866,65.774],[-67.962,65.582],[-67.906,65.563],[-67.638,65.64],[-67.49,65.626],[-67.346,65.549],[-67.303,65.483],[-67.135,65.421],[-67.337,65.347],[-67.178,65.304],[-66.999,65.173],[-66.986,65.105],[-66.912,65.081],[-66.861,65.092],[-66.8,65.02],[-66.697,64.815],[-66.667,64.974],[-66.518,64.972],[-66.224,64.854],[-66.302,64.778],[-66.215,64.722],[-66.108,64.791],[-65.939,64.886],[-65.627,64.771],[-65.513,64.706],[-65.275,64.632],[-65.513,64.526],[-65.49,64.51],[-65.095,64.485],[-65.213,64.303],[-65.507,64.318],[-65.58,64.294],[-65.282,64.182],[-65.15,64.087],[-65.187,64.038],[-65.011,64.009],[-64.788,64.033],[-64.67,64.01],[-64.798,63.916],[-64.637,63.918],[-64.498,63.79],[-64.482,63.687],[-64.55,63.573],[-64.498,63.358],[-64.587,63.243],[-64.696,63.269],[-64.933,63.599],[-65.192,63.764],[-65.134,63.689],[-65.031,63.44],[-65.017,63.293],[-65.069,63.263],[-64.895,63.126],[-64.767,62.992],[-64.672,62.922],[-64.752,62.887],[-64.923,62.889],[-65.163,62.933],[-65.05,62.646],[-65.18,62.649],[-65.397,62.788],[-65.74,62.932],[-65.806,62.912],[-65.864,62.921],[-65.979,63.001],[-66.249,63.108],[-66.201,63.006],[-66.293,62.997],[-66.496,63.097],[-66.655,63.265],[-66.631,63.119],[-66.697,63.07],[-66.749,63.111],[-66.831,63.201],[-66.975,63.256],[-67.018,63.317],[-67.261,63.341],[-67.709,63.634],[-67.893,63.734],[-67.743,63.489],[-67.759,63.42],[-68.244,63.637],[-68.633,63.741],[-68.911,63.703],[-68.671,63.514],[-68.374,63.352],[-68.141,63.172],[-67.797,63.098],[-67.665,63.073],[-67.737,63.01],[-67.367,62.914],[-67.213,62.844],[-66.922,62.678],[-66.645,62.602],[-66.459,62.463],[-66.281,62.303],[-66.016,62.23],[-66.004,62.158],[-66.133,62.102],[-66.056,61.967],[-66.124,61.893],[-66.324,61.87],[-66.551,61.926],[-67.181,62.073],[-67.369,62.134],[-68.379,62.235],[-68.634,62.281],[-69.082,62.405],[-69.366,62.572],[-69.605,62.768],[-69.962,62.776],[-70.236,62.763],[-70.571,62.869],[-71.002,62.978],[-71.096,63.02],[-70.993,63.119],[-71.347,63.066],[-71.617,63.187],[-71.992,63.416],[-71.819,63.435],[-71.614,63.444],[-71.387,63.555],[-71.513,63.587],[-71.566,63.627],[-71.725,63.706],[-72.223,63.709],[-72.289,63.757],[-72.172,63.872],[-72.174,63.893],[-72.45,63.818],[-72.586,63.901],[-72.678,64.02],[-72.913,64.117],[-73.27,64.333],[-73.455,64.399],[-73.278,64.56],[-73.413,64.574],[-73.728,64.568],[-73.868,64.585],[-73.95,64.466],[-74.026,64.423],[-74.099,64.444],[-74.13,64.608],[-74.416,64.633],[-74.512,64.67],[-74.593,64.786],[-74.681,64.831],[-74.748,64.807],[-74.916,64.792],[-74.823,64.717],[-74.64,64.557],[-74.894,64.466],[-75.215,64.469],[-75.488,64.541],[-75.767,64.392],[-76.032,64.388],[-76.407,64.303],[-76.562,64.302],[-76.724,64.242],[-77.024,64.271],[-77.283,64.28],[-77.527,64.344],[-77.76,64.36],[-77.985,64.461],[-78.175,64.618],[-78.201,64.715],[-78.145,64.808],[-78.055,64.983],[-77.876,65.073],[-77.361,65.197],[-77.461,65.328],[-77.428,65.372],[-77.327,65.453],[-77.094,65.431],[-76.779,65.414],[-76.067,65.285],[-75.648,65.141],[-75.502,65.013],[-75.591,64.928],[-75.556,64.879],[-75.427,64.856],[-75.414,64.939],[-75.357,65.009],[-75.446,65.1],[-75.773,65.257],[-75.709,65.316],[-75.166,65.284],[-75.048,65.364],[-74.85,65.389],[-74.575,65.364],[-74.391,65.398],[-74.138,65.503],[-73.878,65.519],[-73.551,65.485],[-73.643,65.653],[-73.826,65.805],[-74.276,66.013],[-74.434,66.139],[-74.375,66.208],[-73.584,66.507],[-73.357,66.636],[-73.201,66.699],[-72.985,66.765],[-72.947,66.883],[-72.668,67.07],[-72.365,67.133],[-72.234,67.284],[-72.353,67.342],[-72.725,67.812],[-73.063,68.107],[-73.331,68.309],[-73.307,68.368],[-73.644,68.295],[-73.821,68.363],[-73.873,68.464],[-73.783,68.578],[-73.798,68.659],[-73.852,68.701],[-74.073,68.715],[-73.966,68.579],[-74.183,68.535],[-74.35,68.556],[-74.648,68.708],[-74.681,68.79],[-74.746,68.797],[-74.893,68.808],[-74.752,68.892],[-74.816,68.936],[-74.954,68.961],[-74.769,69.021],[-74.805,69.064],[-74.954,69.025],[-75.213,68.909],[-75.457,68.961],[-75.623,68.888],[-76.235,68.728],[-76.585,68.699],[-76.616,68.76],[-76.582,68.816],[-76.588,68.974],[-76.495,69.03],[-76.089,69.026],[-75.859,69.06],[-75.668,69.159],[-75.749,69.3],[-76.046,69.386],[-76.316,69.422],[-76.465,69.469],[-76.525,69.549],[-76.463,69.62],[-76.234,69.662],[-76.513,69.684],[-76.687,69.591],[-76.916,69.611],[-77.09,69.635],[-77.105,69.671],[-76.869,69.745],[-76.962,69.825],[-77.232,69.855],[-77.592,69.846],[-77.663,69.966],[-77.722,70.171],[-77.843,70.247],[-78.231,70.219],[-78.491,70.316],[-78.621,70.353],[-78.831,70.463],[-78.98,70.581],[-79.16,70.575],[-79.347,70.482],[-79.405,70.401],[-79.018,70.325],[-78.863,70.242],[-78.775,70.104],[-78.819,70.01],[-79.093,69.925],[-79.515,69.888],[-80.162,69.996],[-80.387,70.01],[-80.826,70.057],[-81.56,70.111],[-81.529,70.048],[-81.329,70.024],[-81.024,69.9],[-80.843,69.792],[-80.922,69.731],[-81.958,69.869],[-82.294,69.837],[-82.925,69.968],[-83.15,70.009],[-83.859,69.963],[-84.765,70.034],[-84.909,70.078],[-85.432,70.111],[-86.198,70.105],[-86.361,70.173],[-86.5,70.35],[-86.431,70.445],[-86.624,70.401],[-86.809,70.388],[-87.172,70.4],[-87.074,70.345],[-87.238,70.31],[-87.618,70.319],[-87.789,70.258],[-87.901,70.252],[-88.402,70.442],[-88.783,70.494],[-89.208,70.76],[-89.372,70.996],[-89.456,71.062],[-89.025,71.045],[-88.517,71.031],[-88.039,70.951],[-87.534,70.957],[-87.14,71.012],[-87.572,71.108],[-87.872,71.209],[-88.59,71.24],[-89.418,71.352],[-89.805,71.462],[-89.889,71.586],[-89.977,71.848],[-90.025,71.949],[-89.664,72.158],[-89.711,72.18],[-89.859,72.248],[-89.874,72.367],[-89.817,72.468],[-89.536,72.69],[-89.327,72.842],[-89.288,73.017],[-89.225,73.108],[-88.977,73.252],[-88.743,73.335],[-88.727,73.388],[-88.17,73.595],[-87.72,73.723],[-86.769,73.834],[-85.951,73.85],[-85.009,73.779],[-84.947,73.722],[-85.204,73.604],[-85.682,73.461],[-86.086,73.26],[-86.575,72.911],[-86.668,72.763],[-86.595,72.661],[-86.323,72.461],[-86.348,72.262],[-86.341,72.123],[-86.218,71.899],[-85.75,71.641],[-85.327,71.492],[-85.023,71.353],[-85.405,71.227],[-85.945,71.163],[-86.473,71.043],[-86.589,71.011]]],[[[-61.801,49.094],[-62.553,49.141],[-63.042,49.225],[-63.626,49.46],[-63.777,49.602],[-64.44,49.828],[-64.373,49.926],[-64.131,49.942],[-63.292,49.817],[-62.859,49.705],[-62.133,49.407],[-61.817,49.284],[-61.696,49.139],[-61.801,49.094]]],[[[-63.811,46.469],[-63.737,46.481],[-63.534,46.541],[-63.413,46.512],[-63.286,46.46],[-62.964,46.428],[-62.682,46.459],[-62.164,46.487],[-62.041,46.446],[-62.172,46.355],[-62.526,46.203],[-62.539,46.098],[-62.503,46.023],[-62.531,45.977],[-62.805,45.973],[-62.904,46.068],[-63.022,46.067],[-62.953,46.195],[-63.056,46.224],[-62.995,46.292],[-63.057,46.295],[-63.195,46.237],[-63.153,46.188],[-63.277,46.153],[-63.641,46.23],[-63.801,46.367],[-63.751,46.384],[-63.861,46.408],[-64.111,46.425],[-64.136,46.6],[-64.388,46.641],[-64.355,46.769],[-64.223,46.901],[-63.994,47.062],[-63.981,46.913],[-63.903,46.639],[-63.864,46.572],[-63.906,46.509],[-63.811,46.469]]],[[[-82.0,62.954],[-81.949,62.884],[-81.99,62.776],[-82.114,62.652],[-82.491,62.447],[-83.016,62.21],[-83.13,62.204],[-83.377,62.238],[-83.714,62.174],[-83.761,62.304],[-83.912,62.426],[-83.899,62.476],[-83.376,62.905],[-83.111,62.884],[-82.966,62.874],[-82.46,62.936],[-82.129,62.978],[-82.0,62.954]]],[[[-79.545,62.412],[-79.336,62.294],[-79.272,62.186],[-79.324,62.026],[-79.462,61.894],[-79.611,61.71],[-79.714,61.613],[-79.816,61.595],[-80.004,61.703],[-80.205,61.777],[-80.276,61.859],[-80.275,62.055],[-80.235,62.153],[-80.022,62.343],[-79.868,62.404],[-79.65,62.398],[-79.545,62.412]]],[[[-75.676,68.323],[-75.103,68.202],[-75.063,68.141],[-75.073,68.049],[-75.127,67.965],[-75.091,67.635],[-75.202,67.459],[-75.4,67.367],[-76.049,67.262],[-76.694,67.236],[-76.944,67.25],[-77.076,67.32],[-77.224,67.508],[-77.306,67.706],[-77.126,67.947],[-76.74,68.231],[-76.596,68.279],[-76.173,68.309],[-75.983,68.332],[-75.676,68.323]]],[[[-79.537,73.654],[-78.287,73.666],[-77.382,73.537],[-77.12,73.45],[-77.005,73.356],[-76.657,73.254],[-76.57,73.159],[-76.331,73.1],[-76.31,72.998],[-76.135,72.912],[-76.183,72.843],[-77.014,72.844],[-78.314,72.882],[-79.134,72.772],[-79.501,72.756],[-79.937,72.864],[-80.052,72.977],[-80.146,73.161],[-80.293,73.246],[-80.727,73.305],[-80.824,73.381],[-80.798,73.472],[-80.736,73.483],[-80.858,73.591],[-80.849,73.721],[-80.763,73.758],[-80.412,73.765],[-79.889,73.702],[-79.537,73.654]]],[[[-80.732,52.747],[-81.01,52.761],[-81.352,52.852],[-82.005,53.01],[-81.951,53.132],[-81.847,53.186],[-81.136,53.206],[-80.765,52.923],[-80.71,52.787],[-80.732,52.747]]],[[[-78.827,56.145],[-78.914,56.133],[-78.857,56.232],[-78.822,56.34],[-78.762,56.421],[-78.669,56.439],[-78.673,56.26],[-78.761,56.175],[-78.827,56.145]]],[[[-78.936,56.266],[-79.084,56.068],[-79.228,55.879],[-79.142,56.136],[-79.142,56.181],[-79.222,56.176],[-79.455,55.896],[-79.527,55.871],[-79.765,55.807],[-79.495,56.115],[-79.565,56.121],[-79.905,55.871],[-80.008,55.911],[-79.79,56.114],[-79.515,56.327],[-79.468,56.46],[-79.459,56.54],[-79.435,56.513],[-79.476,56.313],[-79.554,56.192],[-79.458,56.211],[-79.339,56.376],[-79.272,56.6],[-79.246,56.568],[-79.155,56.538],[-79.1,56.474],[-78.995,56.436],[-78.94,56.371],[-78.931,56.328],[-78.936,56.266]]],[[[-79.978,56.207],[-80.089,56.214],[-80.005,56.318],[-79.852,56.367],[-79.749,56.377],[-79.606,56.459],[-79.633,56.387],[-79.978,56.207]]],[[[-89.833,77.268],[-90.228,77.212],[-91.147,77.387],[-91.185,77.482],[-91.149,77.608],[-91.019,77.644],[-90.675,77.649],[-90.172,77.595],[-89.719,77.442],[-89.695,77.339],[-89.747,77.293],[-89.833,77.268]]],[[[-104.558,77.142],[-105.016,77.165],[-105.38,77.254],[-105.695,77.461],[-105.848,77.563],[-106.066,77.725],[-105.863,77.754],[-105.456,77.701],[-105.074,77.548],[-104.994,77.45],[-104.77,77.413],[-104.501,77.309],[-104.457,77.221],[-104.558,77.142]]],[[[-98.792,79.981],[-98.79,79.785],[-98.885,79.726],[-99.218,79.762],[-99.306,79.803],[-99.516,79.887],[-100.0,79.884],[-100.092,79.919],[-100.12,80.03],[-100.053,80.093],[-99.731,80.144],[-99.153,80.124],[-98.895,80.082],[-98.792,79.981]]],[[[-105.289,72.92],[-105.434,72.938],[-105.8,73.093],[-106.113,73.258],[-106.526,73.413],[-106.922,73.48],[-106.831,73.599],[-106.614,73.696],[-105.512,73.766],[-105.114,73.744],[-104.718,73.636],[-104.588,73.578],[-104.552,73.466],[-104.622,73.311],[-104.969,73.089],[-105.075,72.997],[-105.289,72.92]]],[[[-102.227,76.015],[-102.008,75.939],[-102.318,75.895],[-102.511,75.808],[-102.944,75.763],[-103.245,75.823],[-103.202,75.958],[-103.985,75.933],[-103.985,76.047],[-104.406,76.108],[-104.012,76.223],[-103.098,76.311],[-102.584,76.282],[-102.49,76.095],[-102.227,76.015]]],[[[-104.023,76.583],[-103.821,76.598],[-103.613,76.563],[-103.19,76.477],[-103.034,76.431],[-103.2,76.371],[-103.472,76.329],[-104.358,76.335],[-104.506,76.479],[-104.603,76.583],[-104.5,76.63],[-104.075,76.666],[-103.959,76.639],[-104.023,76.583]]],[[[-118.328,75.58],[-118.817,75.522],[-119.306,75.585],[-119.395,75.617],[-119.227,75.699],[-118.626,75.906],[-118.137,75.994],[-117.752,76.112],[-117.513,76.099],[-117.626,75.966],[-117.891,75.805],[-118.328,75.58]]],[[[-113.832,77.755],[-114.287,77.721],[-114.98,77.915],[-114.89,77.977],[-114.726,78.016],[-114.33,78.078],[-114.303,78.033],[-114.181,77.998],[-113.898,77.916],[-113.721,77.89],[-113.618,77.832],[-113.726,77.776],[-113.832,77.755]]],[[[-130.927,54.479],[-130.959,54.499],[-130.922,54.615],[-130.777,54.619],[-130.753,54.6],[-130.805,54.544],[-130.927,54.479]]],[[[-131.029,51.962],[-131.081,51.98],[-131.117,52.101],[-131.098,52.151],[-131.029,51.962]]],[[[-130.236,53.959],[-130.338,53.866],[-130.407,53.856],[-130.537,53.918],[-130.625,53.941],[-130.646,53.894],[-130.644,53.845],[-130.683,53.863],[-130.707,53.921],[-130.647,53.991],[-130.448,54.089],[-130.316,54.047],[-130.236,53.959]]],[[[-129.849,53.168],[-129.934,53.177],[-130.306,53.407],[-130.518,53.544],[-130.395,53.62],[-130.035,53.481],[-129.755,53.245],[-129.849,53.168]]],[[[-130.575,54.77],[-130.493,54.834],[-130.313,54.946],[-130.214,55.026],[-130.204,54.947],[-130.349,54.815],[-130.535,54.749],[-130.575,54.77]]],[[[-128.552,52.94],[-128.51,52.519],[-128.624,52.34],[-128.731,52.357],[-128.749,52.556],[-128.746,52.763],[-128.831,52.679],[-129.023,52.756],[-129.095,52.892],[-129.184,52.991],[-129.111,53.091],[-129.06,53.241],[-128.97,53.274],[-128.74,53.179],[-128.552,52.94]]],[[[-126.092,49.354],[-126.064,49.264],[-126.187,49.278],[-126.23,49.296],[-126.231,49.339],[-126.209,49.38],[-126.115,49.365],[-126.092,49.354]]],[[[-124.154,49.531],[-124.362,49.588],[-124.494,49.667],[-124.631,49.736],[-124.623,49.775],[-124.421,49.728],[-124.154,49.531]]],[[[-126.641,49.606],[-126.743,49.613],[-126.939,49.718],[-126.94,49.75],[-126.897,49.783],[-126.826,49.872],[-126.698,49.808],[-126.628,49.675],[-126.641,49.606]]],[[[-125.184,50.097],[-125.26,50.13],[-125.345,50.354],[-125.261,50.418],[-125.14,50.34],[-125.091,50.268],[-125.113,50.163],[-125.184,50.097]]],[[[-128.937,52.51],[-129.102,52.574],[-129.25,52.722],[-129.264,52.801],[-129.215,52.804],[-128.994,52.662],[-128.937,52.51]]],[[[-127.925,51.474],[-127.981,51.457],[-128.092,51.511],[-128.142,51.647],[-128.032,51.708],[-127.987,51.674],[-127.916,51.585],[-127.925,51.474]]],[[[-128.369,52.401],[-128.42,52.441],[-128.426,52.503],[-128.44,52.696],[-128.247,52.784],[-128.298,52.548],[-128.344,52.426],[-128.369,52.401]]],[[[-129.314,52.992],[-129.37,52.998],[-129.478,53.098],[-129.515,53.179],[-129.471,53.183],[-129.344,53.053],[-129.314,52.992]]],[[[-129.168,53.118],[-129.277,53.111],[-129.324,53.142],[-129.314,53.212],[-129.251,53.317],[-129.195,53.293],[-129.168,53.118]]],[[[-123.435,48.754],[-123.5,48.732],[-123.582,48.926],[-123.468,48.867],[-123.423,48.793],[-123.435,48.754]]],[[[-59.788,43.94],[-60.038,43.907],[-60.117,43.953],[-59.866,43.947],[-59.788,43.94]]],[[[-60.962,45.49],[-61.013,45.496],[-61.082,45.558],[-60.912,45.567],[-60.962,45.49]]],[[[-61.914,47.285],[-61.815,47.268],[-61.834,47.223],[-62.008,47.234],[-61.827,47.469],[-61.548,47.632],[-61.396,47.638],[-61.582,47.56],[-61.751,47.431],[-61.887,47.345],[-61.914,47.285]]],[[[-64.509,47.887],[-64.621,47.752],[-64.685,47.754],[-64.663,47.863],[-64.565,47.866],[-64.509,47.887]]],[[[-64.476,47.959],[-64.591,47.907],[-64.541,47.985],[-64.52,48.005],[-64.5,48.014],[-64.481,48.007],[-64.476,47.959]]],[[[-66.274,44.292],[-66.324,44.257],[-66.312,44.292],[-66.25,44.379],[-66.21,44.392],[-66.274,44.292]]],[[[-66.763,44.682],[-66.897,44.629],[-66.845,44.764],[-66.802,44.805],[-66.745,44.791],[-66.753,44.71],[-66.763,44.682]]],[[[-73.567,45.469],[-73.775,45.468],[-73.961,45.441],[-73.687,45.561],[-73.476,45.705],[-73.552,45.49],[-73.567,45.469]]],[[[-73.695,45.585],[-73.816,45.565],[-73.858,45.574],[-73.725,45.672],[-73.572,45.694],[-73.695,45.585]]],[[[-71.026,46.873],[-71.117,46.865],[-71.095,46.9],[-70.971,46.961],[-70.88,46.996],[-70.826,46.995],[-70.913,46.92],[-71.026,46.873]]],[[[-55.536,50.72],[-55.601,50.709],[-55.634,50.74],[-55.527,50.801],[-55.473,50.776],[-55.536,50.72]]],[[[-54.554,49.589],[-54.744,49.508],[-54.819,49.514],[-54.855,49.597],[-54.789,49.591],[-54.764,49.562],[-54.619,49.622],[-54.538,49.62],[-54.554,49.589]]],[[[-55.361,51.89],[-55.409,51.889],[-55.42,51.9],[-55.4,51.938],[-55.346,51.983],[-55.274,51.995],[-55.294,51.93],[-55.361,51.89]]],[[[-54.094,49.744],[-53.981,49.662],[-54.269,49.587],[-54.289,49.661],[-54.259,49.719],[-54.138,49.751],[-54.094,49.744]]],[[[-54.227,47.441],[-54.326,47.408],[-54.259,47.498],[-54.226,47.566],[-54.168,47.607],[-54.148,47.573],[-54.227,47.441]]],[[[-64.824,62.559],[-64.515,62.552],[-64.418,62.487],[-64.546,62.391],[-64.837,62.406],[-64.956,62.458],[-64.842,62.494],[-64.85,62.525],[-64.824,62.559]]],[[[-68.234,60.241],[-68.365,60.254],[-68.338,60.361],[-68.142,60.562],[-67.978,60.57],[-67.848,60.489],[-67.844,60.392],[-68.012,60.305],[-68.234,60.241]]],[[[-70.337,62.549],[-70.542,62.552],[-70.766,62.597],[-70.851,62.704],[-71.137,62.816],[-71.135,62.878],[-70.835,62.84],[-70.443,62.734],[-70.292,62.616],[-70.289,62.562],[-70.337,62.549]]],[[[-64.833,61.366],[-64.88,61.357],[-65.054,61.432],[-65.394,61.563],[-65.432,61.65],[-65.13,61.686],[-64.79,61.662],[-64.67,61.593],[-64.696,61.471],[-64.788,61.413],[-64.833,61.366]]],[[[-65.031,61.879],[-64.981,61.881],[-64.947,61.843],[-64.865,61.798],[-64.847,61.762],[-64.928,61.733],[-65.23,61.864],[-65.211,61.928],[-65.126,61.942],[-65.031,61.879]]],[[[-69.16,59.04],[-69.302,58.977],[-69.353,58.961],[-69.312,59.075],[-69.303,59.145],[-69.194,59.093],[-69.155,59.064],[-69.16,59.04]]],[[[-64.407,60.367],[-64.558,60.323],[-64.809,60.41],[-64.836,60.501],[-64.646,60.515],[-64.5,60.43],[-64.407,60.367]]],[[[-60.994,56.039],[-61.137,56.033],[-61.196,56.064],[-61.158,56.118],[-61.049,56.129],[-60.955,56.08],[-60.994,56.039]]],[[[-61.744,57.555],[-61.638,57.416],[-61.975,57.495],[-62.007,57.558],[-61.938,57.554],[-61.848,57.579],[-61.744,57.555]]],[[[-67.915,69.541],[-68.202,69.58],[-68.093,69.657],[-67.909,69.682],[-67.755,69.631],[-67.915,69.541]]],[[[-62.682,67.056],[-62.872,67.063],[-62.757,67.113],[-62.625,67.177],[-62.417,67.188],[-62.485,67.134],[-62.682,67.056]]],[[[-79.063,75.926],[-79.124,75.87],[-79.545,75.826],[-79.699,75.883],[-79.382,76.011],[-79.009,76.146],[-78.845,76.106],[-79.057,75.985],[-79.063,75.926]]],[[[-79.867,56.775],[-79.944,56.777],[-79.898,56.865],[-79.827,56.843],[-79.867,56.775]]],[[[-79.717,57.516],[-79.775,57.514],[-79.808,57.442],[-79.816,57.518],[-79.811,57.559],[-79.743,57.608],[-79.713,57.555],[-79.717,57.516]]],[[[-79.518,56.657],[-79.577,56.645],[-79.582,56.765],[-79.57,56.796],[-79.511,56.771],[-79.482,56.714],[-79.497,56.667],[-79.518,56.657]]],[[[-79.938,53.304],[-80.004,53.28],[-80.068,53.324],[-80.05,53.364],[-79.938,53.304]]],[[[-79.384,51.952],[-79.521,51.953],[-79.644,52.01],[-79.271,52.087],[-79.317,52.024],[-79.352,51.968],[-79.384,51.952]]],[[[-123.372,48.886],[-123.385,48.875],[-123.541,48.946],[-123.646,49.039],[-123.689,49.095],[-123.482,48.955],[-123.378,48.908],[-123.372,48.886]]],[[[-124.978,50.03],[-125.026,50.134],[-124.987,50.196],[-124.938,50.166],[-124.907,50.084],[-124.978,50.03]]],[[[-73.622,67.784],[-74.374,67.79],[-74.573,67.829],[-74.746,67.985],[-74.731,68.049],[-74.379,68.093],[-73.881,68.022],[-73.494,68.001],[-73.435,67.97],[-73.398,67.83],[-73.622,67.784]]],[[[-77.877,63.471],[-77.704,63.431],[-77.538,63.287],[-77.533,63.234],[-77.658,63.165],[-77.942,63.114],[-78.256,63.24],[-78.537,63.424],[-78.417,63.47],[-77.934,63.479],[-77.877,63.471]]],[[[-94.527,75.749],[-94.751,75.77],[-94.815,75.821],[-94.86,75.889],[-94.901,75.931],[-94.84,75.954],[-94.538,75.996],[-94.471,75.971],[-94.414,75.885],[-94.296,75.788],[-94.33,75.766],[-94.527,75.749]]],[[[-80.285,59.624],[-80.325,59.633],[-80.257,59.679],[-80.167,59.709],[-80.241,59.645],[-80.285,59.624]]],[[[-80.064,59.771],[-80.122,59.823],[-80.041,59.87],[-79.899,59.853],[-80.064,59.771]]],[[[-96.782,72.937],[-97.093,72.997],[-97.088,73.098],[-97.015,73.157],[-96.793,73.165],[-96.744,73.126],[-96.598,73.074],[-96.635,72.992],[-96.709,72.947],[-96.782,72.937]]],[[[-97.356,74.526],[-97.722,74.489],[-97.516,74.602],[-97.318,74.598],[-97.304,74.56],[-97.356,74.526]]],[[[-98.27,73.869],[-98.691,73.856],[-98.817,73.817],[-99.298,73.862],[-99.417,73.895],[-99.346,73.926],[-99.005,73.965],[-98.904,74.007],[-98.585,74.035],[-97.8,74.115],[-97.667,74.09],[-97.673,74.053],[-97.861,73.968],[-98.27,73.869]]],[[[-90.2,69.419],[-90.267,69.273],[-90.33,69.252],[-90.465,69.329],[-90.455,69.39],[-90.322,69.429],[-90.229,69.436],[-90.2,69.419]]],[[[-90.493,69.221],[-90.626,69.251],[-90.686,69.287],[-90.766,69.336],[-90.663,69.374],[-90.54,69.325],[-90.485,69.247],[-90.493,69.221]]],[[[-74.0,62.618],[-74.254,62.622],[-74.626,62.713],[-74.564,62.733],[-74.395,62.696],[-74.017,62.663],[-74.0,62.618]]],[[[-74.881,68.349],[-75.073,68.404],[-75.4,68.525],[-75.396,68.589],[-75.287,68.688],[-75.075,68.685],[-74.885,68.545],[-74.798,68.458],[-74.828,68.424],[-74.819,68.394],[-74.881,68.349]]],[[[-78.532,60.729],[-78.669,60.731],[-78.4,60.808],[-78.279,60.784],[-78.532,60.729]]],[[[-78.983,68.193],[-79.174,68.235],[-79.153,68.335],[-78.869,68.31],[-78.983,68.193]]],[[[-76.678,63.394],[-76.922,63.406],[-77.365,63.588],[-76.764,63.574],[-76.678,63.394]]],[[[-79.431,69.788],[-79.365,69.712],[-79.553,69.631],[-80.048,69.634],[-79.954,69.523],[-80.047,69.514],[-80.227,69.562],[-80.269,69.6],[-80.33,69.587],[-80.448,69.65],[-80.795,69.689],[-80.727,69.74],[-80.466,69.737],[-80.438,69.783],[-80.295,69.794],[-80.169,69.782],[-80.062,69.746],[-79.87,69.756],[-79.594,69.81],[-79.431,69.788]]],[[[-78.029,69.715],[-77.969,69.639],[-78.307,69.552],[-78.552,69.492],[-78.795,69.48],[-78.789,69.523],[-78.402,69.651],[-78.296,69.667],[-78.262,69.717],[-78.145,69.739],[-78.029,69.715]]],[[[-77.642,63.992],[-77.929,63.962],[-77.966,63.993],[-77.711,64.036],[-77.569,64.03],[-77.642,63.992]]],[[[-83.123,66.283],[-82.948,66.272],[-83.011,66.208],[-83.148,66.234],[-83.233,66.303],[-83.222,66.336],[-83.123,66.283]]],[[[-79.211,68.845],[-79.361,68.858],[-79.406,68.923],[-79.355,68.956],[-79.243,69.049],[-78.93,69.123],[-78.804,69.235],[-78.662,69.262],[-78.689,69.3],[-78.65,69.351],[-78.458,69.39],[-78.3,69.379],[-78.234,69.315],[-78.287,69.263],[-78.533,69.146],[-78.56,69.106],[-78.705,69.014],[-78.853,68.916],[-79.211,68.845]]],[[[-76.995,69.144],[-77.215,69.138],[-77.322,69.194],[-77.358,69.312],[-77.341,69.404],[-77.188,69.44],[-76.994,69.412],[-76.684,69.38],[-76.67,69.349],[-76.81,69.267],[-76.911,69.175],[-76.995,69.144]]],[[[-86.913,70.113],[-86.691,70.115],[-86.563,70.077],[-86.515,70.017],[-86.734,69.976],[-86.984,70.011],[-87.191,70.019],[-87.323,70.08],[-87.168,70.127],[-86.913,70.113]]],[[[-83.726,65.797],[-83.469,65.735],[-83.234,65.715],[-83.264,65.668],[-83.381,65.63],[-83.537,65.669],[-83.607,65.701],[-83.644,65.679],[-83.65,65.658],[-83.809,65.678],[-83.702,65.756],[-83.814,65.787],[-84.008,65.752],[-84.13,65.877],[-84.193,65.942],[-84.271,65.991],[-84.451,66.064],[-84.456,66.106],[-84.122,66.078],[-83.787,65.966],[-83.694,65.89],[-83.765,65.831],[-83.726,65.797]]],[[[-86.596,67.736],[-86.706,67.75],[-86.893,67.837],[-86.908,67.902],[-86.847,68.01],[-86.96,68.1],[-86.899,68.163],[-86.834,68.23],[-86.57,68.288],[-86.421,68.183],[-86.42,68.074],[-86.382,67.927],[-86.447,67.817],[-86.546,67.752],[-86.596,67.736]]],[[[-84.675,65.575],[-84.783,65.57],[-84.869,65.651],[-85.072,65.737],[-85.136,65.821],[-85.174,65.944],[-85.15,66.015],[-84.939,66.009],[-84.889,65.972],[-84.757,65.859],[-84.603,65.657],[-84.626,65.604],[-84.675,65.575]]],[[[-93.044,61.844],[-93.085,61.842],[-93.177,61.893],[-93.197,61.919],[-93.076,61.935],[-92.993,61.89],[-93.0,61.867],[-93.044,61.844]]],[[[-101.226,76.579],[-101.605,76.587],[-101.509,76.628],[-100.962,76.734],[-100.622,76.752],[-100.269,76.734],[-101.226,76.579]]],[[[-103.003,78.146],[-103.252,78.138],[-103.274,78.166],[-103.11,78.246],[-102.892,78.271],[-102.788,78.218],[-103.003,78.146]]],[[[-101.694,77.697],[-102.08,77.692],[-102.458,77.77],[-102.472,77.873],[-102.263,77.889],[-101.639,77.892],[-101.193,77.83],[-101.046,77.778],[-101.002,77.735],[-101.585,77.718],[-101.694,77.697]]],[[[-89.726,76.507],[-89.924,76.501],[-90.054,76.495],[-90.294,76.579],[-90.556,76.735],[-90.525,76.788],[-90.136,76.837],[-89.775,76.782],[-89.695,76.741],[-89.709,76.701],[-89.822,76.631],[-89.805,76.561],[-89.726,76.521],[-89.726,76.507]]],[[[-96.079,75.51],[-96.237,75.475],[-96.462,75.494],[-96.679,75.394],[-96.857,75.369],[-96.97,75.413],[-96.983,75.51],[-96.523,75.584],[-96.417,75.631],[-96.368,75.655],[-96.04,75.586],[-95.969,75.542],[-96.079,75.51]]],[[[-95.307,74.505],[-95.442,74.506],[-95.834,74.569],[-95.774,74.599],[-95.66,74.637],[-95.353,74.586],[-95.274,74.519],[-95.307,74.505]]],[[[-121.076,75.745],[-121.241,75.752],[-121.026,75.848],[-121.018,75.884],[-120.993,75.927],[-120.888,75.928],[-120.897,75.845],[-120.955,75.789],[-121.076,75.745]]],[[[-113.561,76.743],[-114.751,76.759],[-114.835,76.795],[-114.42,76.875],[-113.708,76.873],[-113.517,76.825],[-113.561,76.743]]],[[[-104.12,75.036],[-104.634,75.061],[-104.887,75.148],[-104.848,75.173],[-104.69,75.321],[-104.474,75.413],[-104.075,75.425],[-103.851,75.371],[-103.758,75.289],[-103.667,75.211],[-103.642,75.163],[-103.71,75.115],[-104.12,75.036]]],[[[-100.217,68.807],[-100.288,68.766],[-100.397,68.724],[-100.481,68.786],[-100.521,68.791],[-100.597,68.766],[-100.625,68.816],[-100.6,68.941],[-100.612,68.99],[-100.565,69.027],[-100.414,69.028],[-100.289,68.958],[-100.178,68.904],[-100.217,68.807]]],[[[-99.995,69.014],[-100.141,68.97],[-100.242,69.04],[-100.237,69.071],[-100.153,69.129],[-100.035,69.087],[-99.995,69.014]]],[[[-100.308,70.496],[-100.537,70.525],[-100.648,70.563],[-100.678,70.646],[-100.538,70.669],[-100.276,70.595],[-100.323,70.542],[-100.308,70.496]]],[[[-95.514,69.574],[-95.382,69.474],[-95.437,69.378],[-95.579,69.336],[-95.73,69.348],[-95.67,69.402],[-95.683,69.5],[-95.764,69.56],[-95.818,69.541],[-95.812,69.447],[-95.893,69.352],[-95.986,69.392],[-95.995,69.47],[-95.936,69.567],[-95.798,69.626],[-95.602,69.602],[-95.514,69.574]]],[[[-101.172,69.397],[-101.269,69.391],[-101.268,69.431],[-101.218,69.463],[-101.23,69.493],[-101.356,69.54],[-101.313,69.576],[-101.098,69.541],[-101.001,69.462],[-101.087,69.443],[-101.172,69.397]]],[[[-101.846,68.586],[-101.945,68.603],[-102.308,68.682],[-102.153,68.74],[-102.013,68.825],[-101.759,68.775],[-101.722,68.724],[-101.794,68.637],[-101.846,68.586]]],[[[-104.541,68.406],[-104.699,68.418],[-104.965,68.492],[-105.051,68.559],[-104.907,68.582],[-104.602,68.562],[-104.445,68.471],[-104.457,68.431],[-104.541,68.406]]],[[[-107.9,67.402],[-107.97,67.326],[-108.073,67.385],[-108.151,67.525],[-108.128,67.629],[-107.991,67.622],[-107.989,67.514],[-107.905,67.467],[-107.9,67.402]]],[[[-109.166,67.982],[-108.971,67.98],[-108.886,67.899],[-108.92,67.879],[-109.162,67.952],[-109.166,67.982]]],[[[-108.093,67.005],[-107.806,66.999],[-107.895,66.872],[-107.965,66.885],[-108.093,67.005]]],[[[-109.323,67.991],[-109.361,67.988],[-109.498,68.047],[-109.469,68.098],[-109.342,68.046],[-109.324,68.013],[-109.323,67.991]]],[[[-139.043,69.577],[-139.257,69.579],[-139.14,69.65],[-138.932,69.617],[-139.043,69.577]]]]}},{"type":"Feature","properties":{"iso_a2":"KH"},"geometry":{"type":"MultiPolygon","coordinates":[[[[103.045,11.285],[103.027,11.275],[103.011,11.276],[102.993,11.29],[102.995,11.348],[103.008,11.383],[103.037,11.39],[103.045,11.285]]],[[[103.318,10.719],[103.281,10.68],[103.223,10.76],[103.223,10.782],[103.318,10.719]]],[[[107.519,14.705],[107.493,14.546],[107.364,14.369],[107.331,14.127],[107.362,14.019],[107.462,13.816],[107.594,13.522],[107.546,13.225],[107.482,12.933],[107.544,12.706],[107.538,12.432],[107.446,12.296],[107.33,12.319],[107.212,12.304],[107.051,12.176],[106.765,12.052],[106.631,11.969],[106.414,11.948],[106.411,11.738],[106.399,11.687],[106.239,11.708],[106.006,11.758],[105.927,11.653],[105.851,11.635],[105.835,11.559],[105.861,11.372],[105.892,11.245],[106.161,11.037],[106.132,10.922],[106.099,10.797],[105.938,10.885],[105.853,10.864],[105.755,10.99],[105.577,10.969],[105.406,10.952],[105.315,10.845],[105.159,10.898],[105.022,10.887],[105.061,10.734],[104.984,10.662],[104.851,10.534],[104.69,10.523],[104.514,10.463],[104.426,10.411],[103.937,10.587],[103.871,10.655],[103.662,10.509],[103.532,10.605],[103.592,10.721],[103.722,10.89],[103.595,11.108],[103.467,11.084],[103.354,10.922],[103.153,10.914],[103.091,11.211],[103.125,11.461],[103.004,11.711],[102.932,11.742],[102.918,11.732],[102.706,12.256],[102.756,12.426],[102.63,12.57],[102.491,12.828],[102.423,13.078],[102.331,13.288],[102.336,13.56],[102.547,13.586],[102.545,13.66],[102.729,13.842],[102.873,14.055],[103.031,14.253],[103.313,14.351],[103.546,14.417],[103.742,14.374],[103.899,14.363],[104.054,14.363],[104.412,14.37],[104.779,14.428],[104.97,14.366],[105.003,14.254],[105.074,14.227],[105.169,14.336],[105.186,14.319],[105.246,14.201],[105.35,14.11],[105.532,14.156],[105.764,14.049],[105.904,13.925],[106.125,14.049],[106.004,14.263],[106.008,14.357],[106.191,14.388],[106.268,14.466],[106.447,14.515],[106.531,14.549],[106.599,14.479],[106.738,14.388],[106.82,14.315],[106.938,14.327],[107.03,14.426],[107.109,14.417],[107.262,14.572],[107.38,14.555],[107.465,14.665],[107.519,14.705]]]]}},{"type":"Feature","properties":{"iso_a2":"MM"},"geometry":{"type":"MultiPolygon","coordinates":[[[[100.122,20.317],[99.954,20.415],[99.825,20.384],[99.72,20.325],[99.532,20.343],[99.448,20.352],[99.502,20.188],[99.452,20.118],[99.338,20.079],[99.197,20.115],[99.074,20.099],[99.021,20.042],[98.958,19.805],[98.876,19.77],[98.761,19.771],[98.455,19.694],[98.294,19.687],[98.111,19.762],[98.015,19.75],[97.916,19.593],[97.794,19.266],[97.714,18.996],[97.754,18.621],[97.728,18.572],[97.577,18.529],[97.485,18.494],[97.374,18.518],[97.451,18.36],[97.599,18.303],[97.622,18.258],[97.72,18.037],[97.699,17.834],[97.729,17.776],[97.929,17.533],[98.175,17.24],[98.439,16.976],[98.478,16.732],[98.565,16.571],[98.661,16.33],[98.835,16.418],[98.888,16.352],[98.866,16.237],[98.592,16.051],[98.558,15.769],[98.565,15.404],[98.537,15.351],[98.329,15.279],[98.232,15.241],[98.178,15.147],[98.246,14.815],[98.4,14.603],[98.57,14.36],[98.934,14.05],[99.086,13.823],[99.156,13.576],[99.176,13.233],[99.107,13.104],[99.174,12.961],[99.22,12.74],[99.372,12.594],[99.394,12.474],[99.432,12.309],[99.523,12.09],[99.612,11.75],[99.515,11.631],[99.443,11.554],[99.19,11.105],[98.887,10.788],[98.757,10.661],[98.775,10.557],[98.747,10.351],[98.703,10.19],[98.563,10.035],[98.497,10.183],[98.465,10.676],[98.536,10.741],[98.676,10.987],[98.745,11.24],[98.733,11.435],[98.741,11.592],[98.876,11.72],[98.805,11.779],[98.636,11.738],[98.639,11.869],[98.689,11.957],[98.664,12.127],[98.631,12.225],[98.619,12.3],[98.624,12.441],[98.663,12.662],[98.637,12.848],[98.576,13.162],[98.421,13.484],[98.248,13.84],[98.2,13.98],[98.111,13.713],[98.073,13.986],[97.998,14.335],[97.91,14.653],[98.019,14.653],[97.869,14.739],[97.8,15.185],[97.774,15.431],[97.584,16.02],[97.641,16.254],[97.665,16.52],[97.668,16.552],[97.505,16.525],[97.331,16.672],[97.212,16.893],[97.2,17.095],[97.075,17.207],[96.851,17.401],[96.91,17.305],[96.909,17.031],[96.811,16.778],[96.622,16.564],[96.431,16.505],[96.282,16.596],[96.249,16.765],[96.189,16.768],[96.237,16.567],[96.293,16.41],[96.081,16.353],[96.032,16.285],[95.763,16.169],[95.679,15.977],[95.39,15.723],[95.301,15.756],[95.365,15.985],[95.333,16.033],[95.177,15.826],[94.943,15.818],[94.892,16.038],[94.898,16.141],[94.86,16.102],[94.798,15.971],[94.656,15.989],[94.681,16.133],[94.72,16.399],[94.703,16.512],[94.665,16.336],[94.588,16.289],[94.442,16.094],[94.224,16.016],[94.271,16.517],[94.353,16.64],[94.452,16.954],[94.494,17.167],[94.589,17.569],[94.494,17.825],[94.266,18.507],[94.171,18.732],[94.091,18.849],[94.039,19.146],[94.022,19.269],[93.941,19.146],[93.961,18.958],[93.8,18.961],[93.598,19.188],[93.531,19.398],[93.728,19.267],[93.886,19.272],[93.998,19.441],[93.888,19.504],[93.77,19.61],[93.74,19.697],[93.612,19.776],[93.707,19.912],[93.439,20.009],[93.362,20.058],[93.157,20.041],[93.191,19.851],[93.002,20.075],[93.096,20.181],[93.015,20.185],[93.035,20.406],[92.991,20.288],[92.828,20.178],[92.844,20.283],[92.891,20.34],[92.787,20.469],[92.709,20.564],[92.723,20.296],[92.378,20.718],[92.312,20.864],[92.268,21.005],[92.215,21.113],[92.18,21.293],[92.28,21.428],[92.373,21.409],[92.539,21.32],[92.6,21.27],[92.625,21.351],[92.584,21.609],[92.575,21.978],[92.653,22.049],[92.689,22.131],[92.771,22.105],[92.909,21.989],[93.022,22.146],[93.071,22.209],[93.151,22.231],[93.162,22.36],[93.088,22.633],[93.114,22.806],[93.151,22.997],[93.204,23.037],[93.308,23.03],[93.366,23.133],[93.408,23.528],[93.373,23.774],[93.326,24.064],[93.452,23.987],[93.564,23.986],[93.683,24.007],[93.855,23.944],[94.075,23.872],[94.17,23.973],[94.293,24.322],[94.399,24.514],[94.584,24.767],[94.708,25.049],[94.675,25.139],[94.567,25.192],[94.554,25.243],[94.623,25.41],[94.786,25.519],[94.946,25.7],[95.015,25.913],[95.093,25.987],[95.129,26.07],[95.069,26.191],[95.06,26.474],[95.129,26.597],[95.305,26.672],[95.738,26.95],[95.905,27.047],[96.061,27.217],[96.274,27.278],[96.732,27.331],[96.88,27.178],[97.038,27.102],[97.104,27.163],[96.884,27.515],[96.9,27.644],[97.05,27.76],[97.226,27.89],[97.335,27.938],[97.339,28.031],[97.31,28.155],[97.356,28.254],[97.478,28.426],[97.538,28.51],[97.659,28.5],[97.73,28.407],[97.817,28.356],[97.888,28.356],[98.022,28.212],[98.099,28.142],[98.13,27.968],[98.274,27.599],[98.35,27.538],[98.409,27.639],[98.504,27.648],[98.651,27.572],[98.682,27.245],[98.717,27.045],[98.738,26.786],[98.732,26.583],[98.672,26.299],[98.663,26.139],[98.564,26.072],[98.655,25.918],[98.625,25.827],[98.466,25.789],[98.334,25.587],[98.173,25.595],[98.1,25.416],[98.011,25.293],[97.918,25.236],[97.767,25.158],[97.711,24.97],[97.724,24.842],[97.583,24.775],[97.531,24.492],[97.624,24.423],[97.671,24.313],[97.691,24.131],[97.565,23.911],[97.686,23.898],[97.838,23.986],[98.213,24.111],[98.499,24.116],[98.583,24.07],[98.802,24.119],[98.834,24.091],[98.677,23.905],[98.735,23.783],[98.832,23.624],[98.82,23.483],[98.883,23.38],[98.864,23.191],[99.22,23.103],[99.418,23.069],[99.497,23.005],[99.467,22.927],[99.338,22.689],[99.338,22.498],[99.205,22.283],[99.173,22.153],[99.233,22.11],[99.389,22.111],[99.825,22.05],[99.948,21.988],[99.926,21.821],[99.978,21.702],[100.096,21.661],[100.089,21.558],[100.148,21.481],[100.351,21.501],[100.531,21.458],[100.677,21.505],[101.019,21.736],[101.121,21.746],[101.128,21.705],[101.139,21.567],[100.928,21.366],[100.757,21.313],[100.659,21.13],[100.567,21.038],[100.522,20.922],[100.618,20.879],[100.565,20.825],[100.407,20.823],[100.249,20.73],[100.13,20.372],[100.122,20.317]]],[[[98.21,10.953],[98.284,10.753],[98.252,10.744],[98.155,10.898],[98.143,10.963],[98.21,10.953]]],[[[98.183,9.933],[98.118,9.878],[98.221,10.045],[98.283,10.008],[98.183,9.933]]],[[[98.222,11.478],[98.209,11.457],[98.201,11.567],[98.278,11.758],[98.308,11.723],[98.263,11.524],[98.222,11.478]]],[[[98.516,11.905],[98.474,11.899],[98.454,12.061],[98.466,12.084],[98.525,12.005],[98.61,11.957],[98.576,11.925],[98.516,11.905]]],[[[98.554,11.745],[98.465,11.567],[98.397,11.684],[98.376,11.792],[98.554,11.745]]],[[[98.414,12.598],[98.468,12.571],[98.381,12.354],[98.314,12.336],[98.303,12.612],[98.396,12.647],[98.414,12.598]]],[[[98.137,12.15],[98.108,12.148],[98.037,12.232],[98.071,12.292],[98.122,12.279],[98.118,12.223],[98.137,12.15]]],[[[94.477,15.946],[94.388,15.994],[94.546,16.153],[94.619,16.141],[94.477,15.946]]],[[[97.575,16.253],[97.48,16.306],[97.516,16.497],[97.579,16.486],[97.6,16.43],[97.575,16.253]]],[[[93.691,18.684],[93.57,18.76],[93.618,18.889],[93.746,18.808],[93.691,18.684]]],[[[93.492,19.893],[93.513,19.755],[93.445,19.806],[93.42,19.878],[93.413,19.95],[93.492,19.893]]],[[[93.715,19.558],[93.875,19.481],[93.947,19.408],[93.902,19.332],[93.756,19.326],[93.662,19.459],[93.688,19.544],[93.715,19.558]]],[[[98.542,10.962],[98.519,10.959],[98.498,10.964],[98.477,10.98],[98.527,11.087],[98.542,10.962]]],[[[98.075,11.692],[98.084,11.637],[98.021,11.696],[98.01,11.86],[98.06,11.757],[98.081,11.733],[98.075,11.692]]],[[[98.066,12.39],[98.002,12.279],[97.939,12.346],[98.045,12.387],[98.066,12.39]]],[[[98.315,13.099],[98.259,13.014],[98.255,13.189],[98.269,13.189],[98.315,13.099]]],[[[94.805,15.819],[94.784,15.794],[94.743,15.812],[94.733,15.823],[94.828,15.933],[94.838,15.892],[94.805,15.819]]],[[[93.01,19.924],[93.023,19.829],[92.975,19.868],[92.913,20.0],[92.915,20.086],[92.96,20.046],[93.01,19.924]]]]}},{"type":"Feature","properties":{"iso_a2":"BR"},"geometry":{"type":"MultiPolygon","coordinates":[[[[-66.876,1.223],[-66.429,0.822],[-66.302,0.752],[-66.06,0.785],[-65.926,0.863],[-65.718,0.978],[-65.645,0.97],[-65.523,0.843],[-65.556,0.688],[-65.407,0.79],[-65.264,0.932],[-65.104,1.108],[-64.91,1.22],[-64.732,1.253],[-64.584,1.37],[-64.486,1.453],[-64.304,1.455],[-64.115,1.619],[-64.035,1.904],[-63.976,1.953],[-63.844,1.977],[-63.57,2.121],[-63.433,2.156],[-63.375,2.34],[-63.585,2.434],[-63.924,2.452],[-64.047,2.502],[-64.029,2.576],[-64.038,2.802],[-64.219,3.205],[-64.227,3.491],[-64.275,3.663],[-64.669,4.012],[-64.818,4.232],[-64.722,4.274],[-64.614,4.158],[-64.526,4.14],[-64.192,4.127],[-64.122,4.067],[-64.021,3.929],[-63.747,3.933],[-63.597,3.915],[-63.38,3.943],[-63.295,3.922],[-63.045,3.686],[-62.857,3.593],[-62.74,3.94],[-62.665,4.04],[-62.544,4.084],[-62.411,4.157],[-62.082,4.126],[-61.554,4.288],[-61.368,4.433],[-61.209,4.508],[-61.036,4.519],[-60.966,4.575],[-60.833,4.729],[-60.679,4.827],[-60.604,4.949],[-60.635,5.082],[-60.712,5.192],[-60.651,5.221],[-60.46,5.188],[-60.335,5.199],[-60.182,5.239],[-60.106,5.194],[-59.991,5.083],[-60.015,4.908],[-60.032,4.741],[-60.125,4.598],[-60.149,4.533],[-60.045,4.505],[-59.906,4.48],[-59.746,4.417],[-59.7,4.354],[-59.739,4.227],[-59.691,4.16],[-59.586,3.975],[-59.551,3.934],[-59.604,3.82],[-59.679,3.7],[-59.854,3.587],[-59.829,3.399],[-59.873,3.283],[-59.972,2.99],[-59.994,2.69],[-59.89,2.363],[-59.755,2.274],[-59.752,1.962],[-59.741,1.874],[-59.669,1.842],[-59.667,1.746],[-59.536,1.7],[-59.378,1.527],[-59.317,1.465],[-59.1,1.344],[-58.917,1.249],[-58.822,1.201],[-58.73,1.248],[-58.605,1.279],[-58.496,1.312],[-58.506,1.439],[-58.396,1.482],[-58.363,1.557],[-58.314,1.592],[-58.23,1.563],[-58.142,1.517],[-58.035,1.52],[-57.995,1.574],[-57.946,1.651],[-57.796,1.7],[-57.594,1.704],[-57.5,1.774],[-57.367,1.94],[-57.276,1.959],[-57.119,2.014],[-57.038,1.936],[-56.97,1.916],[-56.766,1.892],[-56.616,1.923],[-56.525,1.927],[-56.453,1.932],[-56.227,1.885],[-55.963,1.857],[-55.922,1.977],[-55.962,2.095],[-56.074,2.237],[-56.129,2.3],[-56.045,2.364],[-55.994,2.498],[-55.957,2.52],[-55.894,2.49],[-55.659,2.419],[-55.344,2.489],[-55.188,2.548],[-55.114,2.539],[-55.006,2.593],[-54.968,2.548],[-54.876,2.45],[-54.767,2.455],[-54.703,2.398],[-54.662,2.328],[-54.592,2.314],[-54.515,2.245],[-54.293,2.154],[-54.167,2.137],[-54.09,2.15],[-53.877,2.278],[-53.794,2.346],[-53.75,2.335],[-53.684,2.293],[-53.509,2.253],[-53.366,2.324],[-53.285,2.295],[-53.23,2.205],[-53.082,2.202],[-52.965,2.184],[-52.87,2.267],[-52.701,2.364],[-52.583,2.529],[-52.555,2.648],[-52.418,2.904],[-52.357,3.052],[-52.328,3.182],[-52.229,3.272],[-52.116,3.452],[-51.991,3.702],[-51.929,3.777],[-51.827,3.87],[-51.767,3.993],[-51.653,4.061],[-51.547,4.311],[-51.327,4.225],[-51.076,3.672],[-50.994,3.078],[-50.817,2.573],[-50.737,2.377],[-50.677,2.179],[-50.659,2.131],[-50.576,1.999],[-50.459,1.83],[-50.188,1.786],[-49.957,1.66],[-49.906,1.269],[-49.938,1.121],[-50.071,1.015],[-50.343,0.751],[-50.582,0.421],[-50.816,0.173],[-50.967,0.13],[-51.283,-0.085],[-51.404,-0.393],[-51.555,-0.549],[-51.722,-0.855],[-51.819,-1.118],[-51.934,-1.32],[-52.02,-1.399],[-52.553,-1.514],[-52.31,-1.56],[-51.948,-1.587],[-51.531,-1.354],[-51.202,-1.137],[-50.992,-0.986],[-50.842,-1.0],[-50.918,-1.115],[-50.845,-1.226],[-50.819,-1.376],[-50.679,-1.644],[-50.69,-1.762],[-50.586,-1.85],[-50.26,-1.923],[-50.117,-1.858],[-49.903,-1.871],[-49.585,-1.867],[-49.399,-1.972],[-49.507,-2.28],[-49.599,-2.584],[-49.576,-2.631],[-49.458,-2.505],[-49.211,-1.917],[-48.991,-1.83],[-48.6,-1.489],[-48.463,-1.614],[-48.35,-1.482],[-48.468,-1.394],[-48.409,-1.229],[-48.306,-1.04],[-48.266,-0.895],[-48.128,-0.795],[-48.069,-0.714],[-47.961,-0.77],[-47.808,-0.663],[-47.731,-0.71],[-47.651,-0.719],[-47.471,-0.749],[-47.433,-0.722],[-47.439,-0.648],[-47.269,-0.645],[-47.127,-0.745],[-46.944,-0.743],[-46.811,-0.78],[-46.644,-0.916],[-46.516,-0.997],[-46.321,-1.039],[-46.215,-1.1],[-46.045,-1.103],[-45.779,-1.251],[-45.557,-1.331],[-45.353,-1.567],[-45.282,-1.697],[-45.182,-1.507],[-45.026,-1.513],[-44.828,-1.672],[-44.721,-1.733],[-44.721,-1.792],[-44.592,-1.842],[-44.538,-2.053],[-44.617,-2.152],[-44.708,-2.241],[-44.701,-2.32],[-44.579,-2.23],[-44.435,-2.168],[-44.382,-2.366],[-44.521,-2.481],[-44.589,-2.573],[-44.639,-2.763],[-44.723,-3.205],[-44.438,-2.944],[-44.308,-2.535],[-44.179,-2.471],[-44.101,-2.56],[-44.192,-2.7],[-44.193,-2.81],[-43.933,-2.583],[-43.729,-2.518],[-43.435,-2.414],[-43.23,-2.386],[-42.832,-2.53],[-42.594,-2.661],[-42.0,-2.806],[-41.722,-2.809],[-41.48,-2.917],[-41.195,-2.886],[-40.475,-2.796],[-39.965,-2.862],[-39.609,-3.056],[-39.353,-3.197],[-38.896,-3.502],[-38.476,-3.717],[-38.272,-3.948],[-37.796,-4.404],[-37.301,-4.713],[-36.955,-4.937],[-36.747,-5.051],[-36.387,-5.084],[-35.98,-5.054],[-35.482,-5.166],[-35.235,-5.567],[-35.095,-6.185],[-34.93,-6.785],[-34.876,-7.003],[-34.805,-7.288],[-34.858,-7.533],[-34.855,-7.634],[-34.879,-7.747],[-34.835,-7.971],[-34.967,-8.408],[-35.341,-9.231],[-35.764,-9.703],[-35.891,-9.687],[-35.885,-9.848],[-36.224,-10.225],[-36.412,-10.49],[-36.768,-10.672],[-37.093,-11.055],[-37.183,-11.068],[-37.315,-11.376],[-37.355,-11.35],[-37.321,-11.267],[-37.359,-11.253],[-37.412,-11.497],[-37.689,-12.1],[-38.019,-12.591],[-38.402,-12.966],[-38.499,-12.957],[-38.654,-12.645],[-38.744,-12.749],[-38.852,-12.79],[-38.764,-12.907],[-38.835,-13.147],[-39.031,-13.365],[-39.089,-13.588],[-39.009,-13.581],[-39.001,-13.665],[-39.035,-13.991],[-39.008,-14.101],[-38.942,-14.031],[-39.013,-14.936],[-38.943,-15.564],[-38.881,-15.864],[-39.063,-16.504],[-39.164,-17.044],[-39.215,-17.316],[-39.154,-17.704],[-39.413,-17.92],[-39.651,-18.252],[-39.742,-18.846],[-39.731,-19.454],[-39.845,-19.649],[-40.142,-19.968],[-40.299,-20.293],[-40.396,-20.569],[-40.727,-20.846],[-40.829,-21.031],[-41.047,-21.506],[-41.022,-21.611],[-41.0,-21.999],[-41.583,-22.244],[-41.98,-22.581],[-41.986,-22.736],[-41.987,-22.845],[-42.122,-22.941],[-42.829,-22.973],[-43.016,-22.943],[-43.101,-22.85],[-43.086,-22.723],[-43.229,-22.748],[-43.237,-22.829],[-43.194,-22.939],[-43.369,-22.998],[-43.737,-23.067],[-43.974,-23.057],[-43.791,-23.046],[-43.703,-22.966],[-44.047,-22.945],[-44.368,-23.005],[-44.681,-23.107],[-44.621,-23.229],[-44.619,-23.316],[-44.952,-23.381],[-45.325,-23.6],[-45.433,-23.758],[-45.527,-23.805],[-45.843,-23.764],[-46.631,-24.11],[-47.137,-24.493],[-47.831,-24.953],[-47.914,-25.0],[-47.959,-25.065],[-47.929,-25.168],[-48.203,-25.417],[-48.186,-25.31],[-48.402,-25.272],[-48.428,-25.403],[-48.564,-25.447],[-48.732,-25.369],[-48.507,-25.521],[-48.401,-25.597],[-48.666,-25.844],[-48.613,-25.875],[-48.619,-26.179],[-48.714,-26.227],[-48.701,-26.348],[-48.658,-26.519],[-48.678,-26.703],[-48.593,-27.058],[-48.554,-27.196],[-48.572,-27.373],[-48.606,-27.825],[-48.648,-28.207],[-48.797,-28.443],[-49.024,-28.699],[-49.5,-29.075],[-50.033,-29.801],[-50.62,-30.898],[-50.921,-31.258],[-51.46,-31.702],[-51.92,-31.99],[-52.069,-32.063],[-52.06,-31.913],[-51.995,-31.815],[-51.841,-31.832],[-51.681,-31.775],[-51.272,-31.477],[-51.158,-31.267],[-51.106,-31.081],[-50.954,-31.052],[-50.941,-30.904],[-50.689,-30.704],[-50.685,-30.413],[-50.582,-30.439],[-50.564,-30.254],[-50.932,-30.374],[-51.04,-30.261],[-51.234,-30.121],[-51.298,-30.035],[-51.282,-30.244],[-51.188,-30.412],[-51.288,-30.591],[-51.316,-30.703],[-51.376,-30.847],[-51.485,-30.978],[-51.506,-31.104],[-51.927,-31.339],[-51.995,-31.49],[-52.12,-31.695],[-52.192,-31.968],[-52.127,-32.168],[-52.275,-32.324],[-52.508,-32.875],[-52.763,-33.266],[-53.371,-33.742],[-53.464,-33.71],[-53.531,-33.655],[-53.53,-33.5],[-53.512,-33.109],[-53.395,-33.01],[-53.214,-32.821],[-53.157,-32.68],[-53.363,-32.581],[-53.602,-32.403],[-53.701,-32.186],[-53.762,-32.057],[-53.877,-31.995],[-53.985,-31.928],[-54.221,-31.855],[-54.478,-31.623],[-54.588,-31.485],[-55.036,-31.279],[-55.174,-31.28],[-55.279,-31.184],[-55.346,-31.093],[-55.45,-30.964],[-55.603,-30.851],[-55.65,-30.892],[-55.706,-30.947],[-55.808,-31.037],[-55.952,-31.081],[-56.016,-31.06],[-55.999,-30.837],[-56.106,-30.714],[-56.407,-30.447],[-56.833,-30.107],[-57.033,-30.11],[-57.187,-30.265],[-57.384,-30.281],[-57.609,-30.188],[-57.405,-30.034],[-57.301,-29.857],[-57.089,-29.716],[-56.772,-29.418],[-56.636,-29.203],[-56.476,-29.092],[-56.322,-28.852],[-56.103,-28.652],[-56.02,-28.525],[-55.93,-28.473],[-55.905,-28.4],[-55.859,-28.354],[-55.732,-28.387],[-55.672,-28.345],[-55.746,-28.255],[-55.582,-28.121],[-55.41,-28.038],[-55.244,-27.899],[-55.064,-27.836],[-55.04,-27.768],[-54.91,-27.709],[-54.876,-27.599],[-54.777,-27.533],[-54.666,-27.527],[-54.555,-27.454],[-54.448,-27.446],[-54.26,-27.382],[-54.156,-27.254],[-54.04,-27.244],[-53.916,-27.16],[-53.758,-26.978],[-53.727,-26.805],[-53.745,-26.667],[-53.711,-26.352],[-53.671,-26.225],[-53.823,-25.96],[-53.891,-25.669],[-54.012,-25.578],[-54.119,-25.545],[-54.206,-25.53],[-54.332,-25.572],[-54.444,-25.625],[-54.538,-25.576],[-54.611,-25.433],[-54.436,-25.121],[-54.413,-24.867],[-54.281,-24.306],[-54.318,-24.128],[-54.242,-24.047],[-54.44,-23.902],[-54.625,-23.812],[-54.721,-23.852],[-54.926,-23.951],[-55.082,-23.998],[-55.287,-24.004],[-55.416,-23.951],[-55.442,-23.793],[-55.518,-23.627],[-55.542,-23.525],[-55.518,-23.416],[-55.555,-23.32],[-55.561,-23.154],[-55.621,-23.025],[-55.651,-22.886],[-55.628,-22.741],[-55.647,-22.622],[-55.747,-22.513],[-55.8,-22.354],[-55.905,-22.308],[-56.067,-22.284],[-56.246,-22.265],[-56.352,-22.179],[-56.448,-22.076],[-56.55,-22.136],[-56.633,-22.235],[-56.775,-22.261],[-56.937,-22.271],[-57.142,-22.215],[-57.331,-22.215],[-57.476,-22.189],[-57.642,-22.129],[-57.764,-22.109],[-57.88,-22.136],[-57.986,-22.046],[-57.962,-21.967],[-57.949,-21.851],[-57.929,-21.752],[-57.926,-21.65],[-57.936,-21.547],[-57.906,-21.418],[-57.893,-21.302],[-57.86,-21.206],[-57.83,-20.998],[-57.892,-20.897],[-57.885,-20.842],[-57.908,-20.776],[-57.915,-20.69],[-57.979,-20.657],[-58.009,-20.522],[-58.025,-20.416],[-58.092,-20.333],[-58.138,-20.237],[-58.094,-20.151],[-58.021,-20.055],[-57.888,-20.02],[-58.03,-19.833],[-58.072,-19.625],[-57.875,-19.229],[-57.781,-19.054],[-57.729,-18.967],[-57.783,-18.914],[-57.639,-18.475],[-57.553,-18.246],[-57.496,-18.215],[-57.586,-18.122],[-57.78,-17.672],[-57.832,-17.512],[-57.991,-17.513],[-58.348,-17.282],[-58.417,-17.081],[-58.478,-16.701],[-58.35,-16.491],[-58.341,-16.34],[-58.375,-16.284],[-58.497,-16.327],[-58.957,-16.313],[-59.831,-16.282],[-60.187,-16.132],[-60.22,-15.739],[-60.38,-15.318],[-60.583,-15.098],[-60.273,-15.089],[-60.338,-14.571],[-60.396,-14.333],[-60.475,-14.185],[-60.428,-14.1],[-60.422,-13.938],[-60.507,-13.79],[-60.722,-13.664],[-61.077,-13.49],[-61.416,-13.527],[-61.576,-13.525],[-61.874,-13.47],[-62.095,-13.242],[-62.176,-13.134],[-62.353,-13.132],[-62.687,-12.994],[-62.835,-12.954],[-63.015,-12.806],[-63.067,-12.669],[-63.181,-12.666],[-63.347,-12.68],[-63.542,-12.547],[-63.689,-12.478],[-63.939,-12.53],[-64.255,-12.483],[-64.481,-12.326],[-64.612,-12.204],[-64.783,-12.059],[-64.914,-12.006],[-65.001,-11.92],[-65.037,-11.829],[-65.115,-11.735],[-65.163,-11.765],[-65.19,-11.71],[-65.206,-11.581],[-65.322,-11.439],[-65.342,-11.315],[-65.39,-11.246],[-65.372,-11.11],[-65.334,-10.893],[-65.44,-10.586],[-65.437,-10.449],[-65.313,-10.253],[-65.325,-10.027],[-65.309,-9.873],[-65.396,-9.712],[-65.492,-9.732],[-65.637,-9.809],[-65.925,-9.785],[-66.399,-9.868],[-66.575,-9.9],[-67.112,-10.269],[-67.28,-10.317],[-67.417,-10.39],[-67.667,-10.599],[-67.786,-10.686],[-67.992,-10.674],[-68.159,-10.785],[-68.311,-10.975],[-68.498,-11.055],[-68.678,-11.113],[-68.77,-11.098],[-68.848,-11.011],[-69.229,-10.956],[-69.579,-10.952],[-69.84,-10.933],[-70.066,-10.982],[-70.29,-11.064],[-70.392,-11.059],[-70.533,-10.947],[-70.642,-11.01],[-70.64,-10.586],[-70.639,-10.182],[-70.637,-9.824],[-70.567,-9.705],[-70.592,-9.543],[-70.541,-9.438],[-70.637,-9.478],[-70.758,-9.572],[-70.885,-9.669],[-71.042,-9.819],[-71.238,-9.966],[-71.608,-10.006],[-72.143,-10.005],[-72.179,-9.91],[-72.26,-9.774],[-72.289,-9.629],[-72.379,-9.51],[-72.605,-9.452],[-73.014,-9.407],[-73.09,-9.266],[-72.974,-8.993],[-73.123,-8.814],[-73.302,-8.654],[-73.352,-8.514],[-73.398,-8.459],[-73.488,-8.392],[-73.549,-8.299],[-73.61,-8.192],[-73.645,-8.073],[-73.72,-7.986],[-73.773,-7.896],[-73.715,-7.829],[-73.767,-7.754],[-73.895,-7.655],[-73.982,-7.585],[-73.982,-7.536],[-73.953,-7.46],[-73.964,-7.379],[-73.892,-7.373],[-73.805,-7.341],[-73.72,-7.309],[-73.758,-7.173],[-73.805,-7.08],[-73.758,-6.906],[-73.5,-6.679],[-73.24,-6.564],[-73.137,-6.466],[-73.135,-6.344],[-73.206,-6.156],[-73.209,-6.029],[-73.068,-5.79],[-72.97,-5.59],[-72.918,-5.303],[-72.907,-5.158],[-72.832,-5.094],[-72.608,-5.01],[-72.353,-4.786],[-72.083,-4.642],[-71.943,-4.553],[-71.668,-4.487],[-71.438,-4.438],[-71.235,-4.388],[-70.974,-4.35],[-70.866,-4.23],[-70.722,-4.159],[-70.531,-4.168],[-70.344,-4.194],[-70.239,-4.301],[-70.129,-4.287],[-70.004,-4.327],[-69.966,-4.236],[-69.911,-3.997],[-69.794,-3.355],[-69.669,-2.668],[-69.552,-2.024],[-69.479,-1.622],[-69.418,-1.246],[-69.411,-1.152],[-69.449,-1.065],[-69.449,-0.999],[-69.519,-0.946],[-69.555,-0.877],[-69.583,-0.796],[-69.621,-0.721],[-69.592,-0.639],[-69.612,-0.553],[-69.667,-0.482],[-69.828,-0.381],[-70.044,-0.196],[-70.071,0.019],[-70.058,0.447],[-69.985,0.586],[-69.862,0.598],[-69.757,0.626],[-69.674,0.665],[-69.604,0.68],[-69.527,0.716],[-69.421,0.698],[-69.359,0.652],[-69.306,0.652],[-69.254,0.625],[-69.174,0.635],[-69.153,0.659],[-69.177,0.713],[-69.165,0.802],[-69.194,0.898],[-69.259,1.015],[-69.361,1.064],[-69.442,1.039],[-69.517,1.059],[-69.621,1.073],[-69.751,1.077],[-69.852,1.06],[-69.849,1.544],[-69.8,1.705],[-69.65,1.739],[-69.543,1.773],[-69.394,1.726],[-69.124,1.721],[-68.678,1.721],[-68.24,1.722],[-68.213,1.775],[-68.239,1.901],[-68.194,1.987],[-68.077,1.86],[-67.99,1.753],[-67.876,1.761],[-67.712,1.922],[-67.556,2.073],[-67.458,2.121],[-67.352,2.086],[-67.206,1.845],[-67.09,1.616],[-67.094,1.21],[-67.065,1.178],[-66.876,1.223]]],[[[-49.629,-0.229],[-49.403,-0.215],[-49.215,-0.159],[-48.787,-0.216],[-48.515,-0.248],[-48.393,-0.297],[-48.428,-0.442],[-48.497,-0.665],[-48.567,-0.684],[-48.55,-0.848],[-48.624,-0.987],[-48.729,-1.132],[-48.84,-1.227],[-48.804,-1.327],[-48.929,-1.482],[-49.038,-1.514],[-49.173,-1.413],[-49.205,-1.559],[-49.345,-1.595],[-49.507,-1.512],[-49.588,-1.712],[-49.749,-1.755],[-49.911,-1.763],[-50.066,-1.704],[-50.338,-1.756],[-50.508,-1.788],[-50.617,-1.638],[-50.724,-1.371],[-50.729,-1.127],[-50.596,-1.147],[-50.577,-1.103],[-50.71,-1.078],[-50.796,-0.906],[-50.771,-0.645],[-50.703,-0.529],[-50.694,-0.364],[-50.462,-0.157],[-49.629,-0.229]]],[[[-44.129,-23.142],[-44.156,-23.167],[-44.32,-23.212],[-44.274,-23.116],[-44.22,-23.083],[-44.129,-23.142]]],[[[-48.584,-26.402],[-48.603,-26.414],[-48.666,-26.29],[-48.54,-26.17],[-48.498,-26.219],[-48.531,-26.313],[-48.568,-26.38],[-48.584,-26.402]]],[[[-45.26,-23.889],[-45.303,-23.915],[-45.451,-23.896],[-45.272,-23.752],[-45.233,-23.825],[-45.26,-23.889]]],[[[-44.499,-2.94],[-44.565,-2.924],[-44.569,-2.785],[-44.481,-2.718],[-44.483,-2.812],[-44.499,-2.94]]],[[[-38.744,-13.097],[-38.787,-13.055],[-38.668,-12.88],[-38.6,-12.972],[-38.744,-13.097]]],[[[-38.904,-13.473],[-38.978,-13.524],[-39.022,-13.446],[-38.98,-13.398],[-38.904,-13.473]]],[[[-44.883,-1.318],[-44.968,-1.391],[-45.011,-1.345],[-44.979,-1.267],[-44.883,-1.318]]],[[[-49.738,0.268],[-49.839,0.007],[-50.002,-0.029],[-50.286,0.029],[-50.345,0.134],[-50.128,0.227],[-49.738,0.268]]],[[[-50.299,1.939],[-50.456,1.91],[-50.491,2.129],[-50.363,2.154],[-50.292,1.98],[-50.299,1.939]]],[[[-50.653,-0.132],[-51.019,-0.263],[-51.022,-0.188],[-50.995,-0.105],[-50.765,-0.041],[-50.651,-0.106],[-50.653,-0.132]]],[[[-49.444,-0.112],[-49.83,-0.094],[-49.712,0.015],[-49.503,0.084],[-49.372,0.001],[-49.444,-0.112]]],[[[-50.426,0.139],[-50.624,0.054],[-50.526,0.247],[-50.426,0.425],[-50.397,0.581],[-50.351,0.582],[-50.332,0.259],[-50.426,0.139]]],[[[-50.153,0.393],[-50.282,0.391],[-50.251,0.585],[-50.099,0.625],[-50.037,0.595],[-50.153,0.393]]],[[[-51.833,-1.434],[-51.802,-1.203],[-51.678,-0.855],[-51.424,-0.566],[-51.161,-0.667],[-51.31,-1.024],[-51.638,-1.342],[-51.833,-1.434]]],[[[-48.486,-27.767],[-48.542,-27.575],[-48.465,-27.436],[-48.378,-27.451],[-48.497,-27.707],[-48.486,-27.767]]]]}},{"type":"Feature","properties":{"iso_a2":"BE"},"geometry":{"type":"Polygon","coordinates":[[[4.226,51.386],[4.374,51.356],[4.385,51.428],[4.503,51.475],[4.589,51.422],[4.756,51.491],[4.811,51.453],[4.821,51.412],[4.944,51.408],[5.031,51.469],[5.073,51.407],[5.214,51.279],[5.43,51.273],[5.509,51.275],[5.609,51.198],[5.796,51.153],[5.818,51.086],[5.741,50.96],[5.737,50.932],[5.639,50.844],[5.694,50.775],[5.747,50.76],[5.892,50.753],[6.006,50.732],[6.154,50.637],[6.168,50.545],[6.203,50.499],[6.341,50.452],[6.364,50.316],[6.121,50.139],[6.11,50.124],[6.055,50.154],[5.867,50.083],[5.788,49.961],[5.735,49.876],[5.726,49.833],[5.788,49.759],[5.88,49.645],[5.838,49.578],[5.79,49.538],[5.61,49.528],[5.507,49.511],[5.354,49.62],[5.279,49.678],[5.124,49.721],[5.007,49.778],[4.868,49.788],[4.842,49.915],[4.861,50.136],[4.773,50.139],[4.675,50.047],[4.545,49.96],[4.176,49.96],[4.137,49.984],[4.15,50.024],[4.192,50.094],[4.135,50.144],[4.17,50.222],[4.044,50.321],[3.858,50.339],[3.748,50.344],[3.689,50.306],[3.627,50.457],[3.477,50.499],[3.273,50.532],[3.235,50.663],[3.155,50.749],[3.023,50.767],[2.862,50.716],[2.759,50.751],[2.597,50.876],[2.601,50.955],[2.536,51.05],[2.96,51.265],[3.35,51.378],[3.403,51.264],[3.472,51.242],[3.58,51.286],[3.756,51.255],[3.831,51.213],[4.04,51.247],[4.211,51.349],[4.226,51.386]]]}},{"type":"Feature","properties":{"iso_a2":"BD"},"geometry":{"type":"MultiPolygon","coordinates":[[[[89.051,22.093],[89.05,22.275],[88.921,22.632],[88.923,22.688],[88.867,22.939],[88.928,23.187],[88.808,23.23],[88.704,23.293],[88.698,23.493],[88.616,23.573],[88.567,23.674],[88.7,24.003],[88.727,24.186],[88.724,24.275],[88.499,24.347],[88.338,24.454],[88.225,24.461],[88.079,24.55],[88.03,24.664],[88.15,24.915],[88.279,24.882],[88.373,24.962],[88.574,25.188],[88.748,25.169],[88.89,25.194],[88.952,25.259],[88.855,25.334],[88.795,25.456],[88.593,25.495],[88.452,25.574],[88.253,25.79],[88.107,25.841],[88.097,25.956],[88.151,26.087],[88.334,26.258],[88.44,26.369],[88.437,26.437],[88.351,26.483],[88.37,26.564],[88.518,26.518],[88.681,26.353],[88.722,26.282],[88.828,26.252],[88.941,26.245],[88.982,26.286],[88.924,26.375],[88.983,26.42],[89.067,26.377],[89.108,26.202],[89.289,26.038],[89.467,25.984],[89.591,26.072],[89.586,26.186],[89.671,26.214],[89.823,25.941],[89.825,25.56],[89.801,25.336],[89.833,25.293],[90.004,25.258],[90.25,25.185],[90.555,25.167],[90.73,25.159],[91.293,25.178],[91.48,25.142],[92.05,25.169],[92.373,25.015],[92.485,24.903],[92.443,24.849],[92.251,24.895],[92.231,24.786],[92.198,24.686],[92.102,24.408],[92.064,24.374],[91.952,24.357],[91.899,24.261],[91.846,24.175],[91.727,24.205],[91.611,24.153],[91.526,24.091],[91.367,24.094],[91.336,24.019],[91.192,23.763],[91.166,23.581],[91.315,23.104],[91.359,23.068],[91.367,23.13],[91.399,23.214],[91.471,23.141],[91.554,22.992],[91.695,23.005],[91.774,23.106],[91.754,23.287],[91.919,23.471],[91.929,23.598],[91.979,23.692],[92.127,23.721],[92.187,23.676],[92.289,23.492],[92.334,23.242],[92.362,22.929],[92.43,22.822],[92.491,22.685],[92.532,22.41],[92.575,21.978],[92.584,21.609],[92.625,21.351],[92.6,21.27],[92.539,21.32],[92.373,21.409],[92.28,21.428],[92.18,21.293],[92.215,21.113],[92.268,21.005],[92.312,20.864],[92.308,20.79],[92.195,20.984],[92.011,21.516],[91.913,21.883],[91.825,22.229],[91.863,22.35],[91.797,22.297],[91.693,22.505],[91.482,22.797],[91.41,22.797],[91.216,22.642],[90.946,22.597],[90.656,23.025],[90.656,23.273],[90.616,23.532],[90.573,23.578],[90.568,23.474],[90.408,23.432],[90.392,23.367],[90.591,23.266],[90.595,23.134],[90.466,23.054],[90.552,22.905],[90.437,22.828],[90.481,22.685],[90.487,22.589],[90.596,22.436],[90.589,22.258],[90.494,22.179],[90.288,21.899],[90.159,21.817],[90.071,21.887],[90.088,22.017],[90.143,22.138],[89.954,22.023],[89.894,22.203],[89.985,22.466],[89.853,22.289],[89.853,22.091],[89.757,21.919],[89.628,21.814],[89.567,21.861],[89.483,22.276],[89.503,22.032],[89.452,21.821],[89.279,21.707],[89.167,21.784],[89.082,22.015],[89.051,22.093]]],[[[91.151,22.175],[91.045,22.105],[91.079,22.52],[91.158,22.365],[91.178,22.283],[91.151,22.175]]],[[[91.557,22.382],[91.467,22.378],[91.439,22.599],[91.484,22.577],[91.548,22.425],[91.557,22.382]]],[[[90.778,22.089],[90.515,22.065],[90.675,22.445],[90.565,22.618],[90.523,22.748],[90.596,22.864],[90.683,22.785],[90.737,22.639],[90.866,22.391],[90.778,22.089]]],[[[91.874,21.832],[91.838,21.75],[91.82,21.81],[91.835,21.885],[91.851,21.927],[91.861,21.927],[91.883,21.884],[91.874,21.832]]],[[[91.949,21.508],[91.859,21.533],[91.857,21.709],[91.934,21.722],[91.962,21.61],[91.949,21.508]]],[[[90.642,22.963],[90.66,22.92],[90.604,22.946],[90.562,22.975],[90.536,23.015],[90.58,23.035],[90.642,22.963]]]]}},{"type":"Feature","properties":{"iso_a2":"AT"},"geometry":{"type":"Polygon","coordinates":[[[9.528,47.271],[9.626,47.467],[9.524,47.524],[9.651,47.526],[9.749,47.576],[9.972,47.505],[10.06,47.449],[10.066,47.393],[10.159,47.374],[10.186,47.317],[10.241,47.284],[10.369,47.366],[10.43,47.541],[10.483,47.542],[10.742,47.524],[10.871,47.501],[10.952,47.427],[11.042,47.393],[11.191,47.425],[11.298,47.425],[11.393,47.487],[11.574,47.55],[12.186,47.62],[12.197,47.709],[12.268,47.703],[12.436,47.666],[12.527,47.636],[12.686,47.669],[12.796,47.607],[12.783,47.564],[12.879,47.506],[13.014,47.478],[13.048,47.579],[13.034,47.699],[12.928,47.713],[12.908,47.746],[12.954,47.891],[12.76,48.076],[12.814,48.161],[13.082,48.275],[13.215,48.302],[13.375,48.361],[13.46,48.565],[13.487,48.582],[13.692,48.533],[13.785,48.587],[13.797,48.686],[13.815,48.767],[13.924,48.728],[14.049,48.602],[14.368,48.576],[14.489,48.626],[14.691,48.599],[14.786,48.747],[14.923,48.771],[14.972,48.984],[15.067,48.998],[15.162,48.946],[15.253,48.964],[15.403,48.957],[15.701,48.86],[15.825,48.864],[16.219,48.739],[16.415,48.772],[16.544,48.796],[16.713,48.734],[16.833,48.714],[16.928,48.621],[16.949,48.589],[16.904,48.504],[16.865,48.387],[17.068,48.083],[17.147,48.006],[17.078,47.901],[17.03,47.837],[17.046,47.764],[16.973,47.695],[16.823,47.694],[16.748,47.686],[16.591,47.751],[16.521,47.724],[16.421,47.674],[16.64,47.609],[16.637,47.477],[16.574,47.425],[16.443,47.4],[16.463,47.273],[16.417,47.223],[16.483,47.14],[16.485,47.091],[16.461,47.022],[16.424,46.997],[16.253,46.972],[16.037,46.845],[15.98,46.706],[15.958,46.678],[15.76,46.711],[15.545,46.655],[15.217,46.643],[14.949,46.613],[14.841,46.58],[14.757,46.499],[14.597,46.436],[14.55,46.4],[14.466,46.416],[14.267,46.441],[14.02,46.482],[13.831,46.511],[13.7,46.52],[13.352,46.558],[12.806,46.626],[12.599,46.654],[12.388,46.703],[12.268,46.836],[12.131,46.985],[12.201,47.061],[12.169,47.082],[11.776,46.986],[11.625,46.997],[11.433,46.983],[11.134,46.936],[11.025,46.797],[10.927,46.769],[10.76,46.793],[10.58,46.854],[10.453,46.865],[10.415,46.964],[10.18,46.862],[9.997,46.885],[9.865,46.976],[9.745,47.037],[9.58,47.057],[9.611,47.107],[9.572,47.158],[9.551,47.212],[9.537,47.255],[9.528,47.271]]]}},{"type":"Feature","properties":{"iso_a2":"AU"},"geometry":{"type":"MultiPolygon","coordinates":[[[[143.179,-11.954],[143.105,-12.17],[143.11,-12.304],[143.254,-12.398],[143.402,-12.64],[143.458,-12.856],[143.529,-13.304],[143.548,-13.741],[143.643,-13.964],[143.756,-14.349],[143.962,-14.463],[144.21,-14.302],[144.473,-14.232],[144.648,-14.492],[145.064,-14.791],[145.288,-14.943],[145.252,-15.097],[145.293,-15.327],[145.35,-15.702],[145.458,-16.056],[145.436,-16.305],[145.49,-16.532],[145.638,-16.726],[145.838,-16.91],[145.902,-17.07],[146.126,-17.635],[146.023,-18.176],[146.223,-18.51],[146.312,-18.667],[146.383,-18.977],[146.587,-19.139],[146.829,-19.236],[147.093,-19.333],[147.278,-19.414],[147.419,-19.378],[147.51,-19.474],[147.742,-19.77],[147.916,-19.869],[148.081,-19.899],[148.367,-20.087],[148.6,-20.145],[148.821,-20.366],[148.805,-20.492],[148.684,-20.58],[148.912,-20.845],[149.205,-21.125],[149.28,-21.3],[149.454,-21.579],[149.524,-22.024],[149.645,-22.328],[149.772,-22.426],[149.92,-22.501],[150.006,-22.522],[149.981,-22.184],[150.076,-22.164],[150.235,-22.373],[150.541,-22.559],[150.564,-22.486],[150.623,-22.367],[150.764,-22.576],[150.783,-23.177],[150.931,-23.532],[151.088,-23.696],[151.236,-23.825],[151.575,-24.034],[151.832,-24.123],[152.055,-24.494],[152.282,-24.699],[152.456,-24.802],[152.502,-24.964],[152.654,-25.202],[152.913,-25.432],[152.985,-25.816],[153.125,-25.923],[153.084,-26.304],[153.117,-27.194],[153.386,-27.769],[153.455,-28.048],[153.569,-28.533],[153.605,-28.854],[153.348,-29.29],[153.272,-29.892],[153.188,-30.164],[153.024,-30.72],[153.022,-31.087],[152.944,-31.435],[152.559,-32.046],[152.517,-32.33],[152.331,-32.558],[152.216,-32.678],[152.135,-32.7],[152.164,-32.757],[151.813,-32.901],[151.608,-33.202],[151.484,-33.347],[151.432,-33.522],[151.292,-33.581],[151.288,-33.835],[151.245,-33.985],[151.168,-33.973],[151.191,-34.015],[151.09,-34.163],[150.927,-34.387],[150.822,-34.749],[150.809,-34.994],[150.775,-35.02],[150.697,-35.042],[150.706,-35.12],[150.715,-35.155],[150.634,-35.178],[150.374,-35.584],[150.195,-35.834],[150.129,-36.12],[150.063,-36.55],[149.96,-36.846],[149.986,-37.258],[149.962,-37.444],[149.809,-37.548],[149.565,-37.73],[149.298,-37.802],[148.262,-37.831],[147.877,-37.934],[147.396,-38.219],[146.436,-38.712],[146.293,-38.7],[146.216,-38.783],[146.337,-38.894],[146.467,-38.84],[146.484,-39.065],[146.4,-39.146],[146.332,-39.077],[146.158,-38.866],[146.018,-38.867],[145.866,-38.776],[145.692,-38.656],[145.535,-38.61],[145.424,-38.477],[145.542,-38.394],[145.476,-38.244],[145.293,-38.238],[145.191,-38.384],[144.847,-38.436],[144.78,-38.347],[145.02,-38.258],[145.12,-38.091],[144.985,-37.952],[144.538,-38.077],[144.396,-38.137],[144.589,-38.158],[144.544,-38.284],[144.329,-38.348],[143.812,-38.699],[143.539,-38.821],[143.226,-38.743],[142.84,-38.581],[142.456,-38.386],[142.188,-38.399],[141.725,-38.271],[141.492,-38.38],[141.214,-38.172],[140.627,-38.028],[140.212,-37.642],[139.784,-37.246],[139.738,-37.06],[139.847,-36.748],[139.729,-36.371],[139.466,-36.01],[139.038,-35.689],[138.969,-35.581],[139.113,-35.542],[139.231,-35.598],[139.292,-35.486],[139.303,-35.399],[139.193,-35.347],[139.018,-35.443],[138.875,-35.537],[138.73,-35.551],[138.389,-35.645],[138.252,-35.487],[138.4,-35.326],[138.49,-34.764],[138.264,-34.44],[138.089,-34.17],[138.012,-34.334],[137.874,-34.727],[137.566,-35.148],[137.272,-35.179],[137.03,-35.237],[136.884,-35.24],[137.128,-34.925],[137.308,-34.917],[137.454,-34.764],[137.469,-34.49],[137.484,-34.252],[137.65,-33.859],[137.932,-33.579],[137.866,-33.314],[137.924,-33.165],[137.913,-32.771],[137.783,-32.578],[137.791,-32.823],[137.536,-33.089],[137.354,-33.43],[137.13,-33.703],[136.937,-33.75],[136.636,-33.897],[136.431,-34.03],[135.98,-34.562],[135.891,-34.661],[135.951,-34.767],[135.97,-34.982],[135.792,-34.863],[135.648,-34.94],[135.412,-34.716],[135.231,-34.58],[135.123,-34.586],[135.176,-34.497],[135.292,-34.546],[135.427,-34.602],[135.368,-34.376],[135.286,-34.142],[135.185,-33.907],[134.889,-33.626],[134.791,-33.328],[134.608,-33.19],[134.174,-32.979],[134.158,-32.733],[134.249,-32.659],[133.93,-32.412],[133.665,-32.207],[133.401,-32.188],[132.757,-31.956],[132.324,-32.02],[131.721,-31.696],[131.285,-31.521],[131.029,-31.532],[130.783,-31.604],[129.569,-31.627],[128.946,-31.703],[128.068,-32.067],[127.32,-32.264],[126.779,-32.311],[125.917,-32.297],[125.464,-32.557],[124.759,-32.883],[124.373,-32.958],[124.126,-33.129],[123.868,-33.596],[123.507,-33.916],[123.208,-33.988],[122.956,-33.884],[122.151,-33.992],[121.946,-33.857],[121.405,-33.827],[120.531,-33.92],[120.209,-33.935],[119.729,-34.042],[119.451,-34.368],[119.081,-34.459],[118.52,-34.737],[118.006,-35.013],[117.675,-35.075],[117.144,-35.034],[116.517,-34.988],[115.987,-34.795],[115.565,-34.426],[115.195,-34.308],[115.009,-34.256],[114.973,-34.051],[114.994,-33.515],[115.182,-33.643],[115.515,-33.531],[115.683,-33.193],[115.619,-32.667],[115.708,-32.568],[115.738,-31.888],[115.455,-31.303],[115.177,-30.808],[114.995,-30.216],[114.942,-29.722],[114.959,-29.434],[114.628,-28.872],[114.592,-28.666],[114.354,-28.295],[114.133,-27.976],[114.028,-27.347],[113.333,-26.417],[113.185,-26.182],[113.253,-26.197],[113.323,-26.244],[113.343,-26.126],[113.389,-26.106],[113.547,-26.437],[113.734,-26.595],[113.836,-26.501],[113.776,-26.256],[113.589,-26.099],[113.395,-25.713],[113.451,-25.599],[113.621,-25.732],[113.698,-26.004],[113.692,-26.092],[113.766,-26.16],[113.854,-26.014],[113.942,-26.259],[114.09,-26.394],[114.216,-26.289],[114.229,-25.969],[113.993,-25.545],[113.671,-24.977],[113.504,-24.595],[113.413,-24.254],[113.49,-23.87],[113.757,-23.418],[113.765,-23.18],[113.795,-22.915],[113.683,-22.638],[113.958,-21.939],[114.124,-21.829],[114.093,-22.181],[114.142,-22.483],[114.304,-22.425],[114.417,-22.261],[114.709,-21.823],[115.162,-21.631],[115.596,-21.358],[115.894,-21.117],[116.606,-20.713],[116.836,-20.647],[117.139,-20.641],[117.406,-20.721],[117.832,-20.573],[118.199,-20.375],[118.751,-20.262],[119.359,-20.012],[119.768,-19.958],[120.434,-19.842],[120.998,-19.604],[121.338,-19.32],[121.589,-18.915],[121.722,-18.66],[121.834,-18.477],[122.262,-18.159],[122.361,-18.037],[122.237,-17.969],[122.147,-17.549],[122.16,-17.314],[122.333,-17.059],[122.523,-16.943],[122.72,-16.788],[122.848,-16.552],[122.971,-16.437],[123.142,-16.863],[123.383,-17.293],[123.525,-17.486],[123.571,-17.472],[123.608,-17.22],[123.594,-17.03],[123.664,-17.023],[123.799,-17.127],[123.829,-16.997],[123.856,-16.865],[123.745,-16.801],[123.607,-16.668],[123.49,-16.491],[123.581,-16.471],[123.646,-16.343],[123.647,-16.18],[123.859,-16.382],[123.961,-16.287],[124.13,-16.279],[124.3,-16.388],[124.53,-16.395],[124.772,-16.403],[124.669,-16.339],[124.454,-16.335],[124.388,-16.203],[124.435,-16.104],[124.577,-16.114],[124.609,-15.938],[124.648,-15.805],[124.504,-15.972],[124.382,-15.758],[124.44,-15.494],[124.562,-15.496],[124.691,-15.36],[124.693,-15.274],[124.972,-15.404],[125.063,-15.442],[125.073,-15.307],[124.909,-15.31],[124.893,-15.241],[124.914,-15.11],[125.023,-15.072],[125.038,-15.004],[125.189,-15.045],[125.356,-15.12],[125.384,-15.016],[125.239,-14.875],[125.179,-14.715],[125.285,-14.584],[125.436,-14.557],[125.58,-14.483],[125.597,-14.278],[125.705,-14.291],[125.681,-14.48],[125.691,-14.525],[125.738,-14.444],[125.84,-14.534],[125.891,-14.618],[126.021,-14.495],[126.045,-14.283],[126.101,-14.184],[126.073,-14.066],[126.119,-13.958],[126.228,-14.113],[126.299,-14.136],[126.403,-14.019],[126.57,-14.161],[126.781,-13.955],[126.776,-13.788],[127.006,-13.777],[127.293,-13.935],[127.531,-14.095],[127.763,-14.299],[128.18,-14.712],[128.16,-14.827],[128.08,-15.088],[128.112,-15.312],[128.202,-15.243],[128.259,-15.246],[128.173,-15.102],[128.218,-14.996],[128.358,-14.902],[128.41,-14.829],[128.576,-14.775],[129.058,-14.884],[129.175,-15.115],[129.238,-15.08],[129.268,-14.871],[129.459,-14.933],[129.588,-15.103],[129.65,-15.087],[129.613,-14.926],[129.763,-14.845],[129.808,-14.8],[129.663,-14.721],[129.699,-14.575],[129.608,-14.56],[129.379,-14.392],[129.62,-14.038],[129.718,-13.921],[129.789,-13.72],[129.839,-13.573],[130.073,-13.476],[130.199,-13.383],[130.135,-13.146],[130.168,-12.957],[130.4,-12.688],[130.572,-12.664],[130.61,-12.491],[130.672,-12.407],[130.777,-12.495],[130.898,-12.524],[130.874,-12.367],[131.023,-12.343],[131.02,-12.214],[131.22,-12.178],[131.292,-12.068],[131.342,-12.21],[131.726,-12.278],[131.957,-12.259],[132.182,-12.227],[132.372,-12.239],[132.442,-12.176],[132.584,-12.11],[132.713,-12.123],[132.635,-11.955],[132.645,-11.727],[132.475,-11.492],[132.134,-11.501],[131.945,-11.349],[131.812,-11.271],[132.019,-11.196],[132.155,-11.311],[132.225,-11.239],[132.334,-11.224],[132.683,-11.506],[132.857,-11.391],[133.025,-11.453],[133.185,-11.706],[133.443,-11.76],[133.654,-11.811],[134.139,-11.94],[134.351,-12.026],[134.538,-12.061],[134.816,-12.055],[135.03,-12.194],[135.352,-12.129],[135.686,-11.956],[135.885,-11.822],[135.844,-11.905],[135.896,-11.97],[135.804,-12.055],[135.704,-12.21],[135.791,-12.228],[135.938,-12.152],[136.031,-12.331],[136.193,-12.435],[136.329,-12.306],[136.25,-12.173],[136.443,-11.951],[136.61,-12.134],[136.836,-12.219],[136.947,-12.35],[136.518,-12.833],[136.594,-13.004],[136.412,-13.236],[136.294,-13.138],[136.166,-13.181],[135.929,-13.622],[135.954,-13.935],[135.806,-14.234],[135.539,-14.585],[135.405,-14.758],[135.453,-14.923],[135.833,-15.16],[136.205,-15.403],[136.291,-15.57],[136.584,-15.707],[136.644,-15.676],[136.705,-15.685],[136.687,-15.788],[136.785,-15.894],[137.002,-15.878],[137.169,-15.982],[137.526,-16.167],[137.913,-16.477],[138.245,-16.718],[138.626,-16.778],[139.01,-16.899],[139.145,-17.101],[139.248,-17.329],[139.69,-17.541],[139.946,-17.654],[140.21,-17.704],[140.648,-17.544],[140.916,-17.193],[141.219,-16.646],[141.356,-16.221],[141.393,-15.905],[141.581,-15.195],[141.604,-14.853],[141.559,-14.338],[141.535,-14.019],[141.473,-13.798],[141.589,-13.425],[141.614,-12.943],[141.782,-12.779],[141.92,-12.803],[141.893,-12.681],[141.852,-12.579],[141.747,-12.529],[141.689,-12.351],[141.871,-11.976],[141.961,-12.054],[141.952,-11.896],[142.139,-11.273],[142.326,-10.884],[142.456,-10.707],[142.605,-10.748],[142.553,-10.874],[142.78,-11.115],[142.837,-11.307],[142.851,-11.632],[142.934,-11.881],[143.066,-11.924],[143.179,-11.954]]],[[[153.077,-25.751],[153.007,-25.729],[152.999,-25.448],[153.061,-25.302],[153.189,-25.071],[153.242,-24.923],[153.144,-24.815],[153.223,-24.74],[153.282,-24.738],[153.359,-24.978],[153.141,-25.513],[153.077,-25.751]]],[[[139.508,-16.573],[139.392,-16.649],[139.283,-16.719],[139.16,-16.742],[139.163,-16.626],[139.293,-16.467],[139.588,-16.395],[139.698,-16.515],[139.508,-16.573]]],[[[136.715,-13.804],[136.804,-13.842],[136.871,-13.764],[136.906,-13.827],[136.815,-13.907],[136.745,-14.073],[136.787,-14.158],[136.934,-14.179],[136.931,-14.246],[136.763,-14.273],[136.461,-14.235],[136.335,-14.212],[136.428,-14.126],[136.425,-13.865],[136.583,-13.721],[136.702,-13.682],[136.715,-13.804]]],[[[130.459,-11.679],[130.58,-11.737],[130.606,-11.817],[130.317,-11.772],[130.077,-11.825],[130.072,-11.681],[130.198,-11.658],[130.153,-11.478],[130.295,-11.337],[130.377,-11.42],[130.433,-11.592],[130.459,-11.679]]],[[[130.619,-11.376],[130.913,-11.309],[131.023,-11.334],[131.217,-11.243],[131.321,-11.247],[131.473,-11.383],[131.539,-11.437],[131.459,-11.588],[131.292,-11.711],[130.645,-11.742],[130.423,-11.446],[130.369,-11.215],[130.403,-11.18],[130.519,-11.279],[130.619,-11.376]]],[[[113.183,-26.053],[112.964,-25.783],[112.947,-25.532],[113.096,-25.815],[113.132,-25.952],[113.183,-26.053]]],[[[137.596,-35.739],[137.929,-35.726],[138.123,-35.852],[138.012,-35.908],[137.671,-35.898],[137.59,-36.027],[137.382,-36.021],[137.148,-36.039],[136.913,-36.047],[136.589,-35.935],[136.579,-35.809],[137.092,-35.664],[137.53,-35.605],[137.635,-35.656],[137.596,-35.739]]],[[[145.487,-38.355],[145.336,-38.421],[145.28,-38.391],[145.286,-38.341],[145.295,-38.319],[145.427,-38.314],[145.487,-38.355]]],[[[145.314,-38.491],[145.349,-38.538],[145.355,-38.557],[145.271,-38.52],[145.128,-38.528],[145.218,-38.459],[145.288,-38.472],[145.314,-38.491]]],[[[149.044,-20.292],[149.02,-20.303],[148.987,-20.302],[148.939,-20.284],[148.981,-20.154],[149.004,-20.221],[149.045,-20.278],[149.044,-20.292]]],[[[148.936,-20.15],[148.913,-20.154],[148.887,-20.144],[148.906,-20.102],[148.932,-20.069],[148.968,-20.044],[148.956,-20.135],[148.936,-20.15]]],[[[151.147,-23.491],[151.212,-23.513],[151.229,-23.595],[151.296,-23.72],[151.238,-23.776],[151.033,-23.53],[151.147,-23.491]]],[[[150.517,-22.323],[150.488,-22.325],[150.462,-22.308],[150.485,-22.268],[150.488,-22.211],[150.521,-22.228],[150.549,-22.307],[150.517,-22.323]]],[[[149.928,-22.193],[149.894,-22.223],[149.87,-22.15],[149.875,-22.074],[149.912,-22.049],[149.928,-22.149],[149.928,-22.193]]],[[[153.539,-27.436],[153.453,-27.712],[153.427,-27.706],[153.396,-27.665],[153.401,-27.506],[153.435,-27.405],[153.522,-27.422],[153.539,-27.436]]],[[[153.442,-27.316],[153.377,-27.235],[153.38,-27.049],[153.467,-27.038],[153.442,-27.316]]],[[[142.275,-10.705],[142.191,-10.762],[142.137,-10.732],[142.125,-10.668],[142.131,-10.641],[142.198,-10.592],[142.275,-10.705]]],[[[142.339,-10.192],[142.279,-10.254],[142.216,-10.236],[142.195,-10.199],[142.219,-10.149],[142.299,-10.14],[142.339,-10.192]]],[[[142.168,-10.154],[142.142,-10.181],[142.098,-10.122],[142.149,-10.052],[142.192,-10.085],[142.168,-10.154]]],[[[146.278,-18.231],[146.342,-18.4],[146.299,-18.485],[146.191,-18.363],[146.099,-18.252],[146.231,-18.241],[146.278,-18.231]]],[[[136.599,-11.379],[136.522,-11.394],[136.649,-11.212],[136.711,-11.158],[136.732,-11.025],[136.741,-11.195],[136.599,-11.379]]],[[[136.339,-11.602],[136.18,-11.677],[136.267,-11.576],[136.449,-11.487],[136.479,-11.466],[136.471,-11.509],[136.379,-11.583],[136.339,-11.602]]],[[[137.094,-15.778],[136.996,-15.776],[136.943,-15.712],[136.986,-15.652],[137.065,-15.663],[137.094,-15.778]]],[[[136.863,-15.62],[136.847,-15.627],[136.846,-15.544],[136.877,-15.503],[136.89,-15.589],[136.863,-15.62]]],[[[136.591,-15.628],[136.531,-15.632],[136.514,-15.627],[136.503,-15.583],[136.523,-15.543],[136.586,-15.534],[136.612,-15.544],[136.591,-15.628]]],[[[139.459,-17.115],[139.422,-17.132],[139.408,-17.091],[139.459,-17.049],[139.493,-16.99],[139.56,-17.042],[139.571,-17.094],[139.459,-17.115]]],[[[136.237,-13.825],[136.123,-13.817],[136.134,-13.753],[136.215,-13.665],[136.275,-13.791],[136.237,-13.825]]],[[[132.593,-11.303],[132.494,-11.164],[132.484,-11.037],[132.579,-10.969],[132.597,-11.106],[132.593,-11.303]]],[[[125.199,-14.579],[125.135,-14.642],[125.091,-14.592],[125.117,-14.492],[125.16,-14.456],[125.198,-14.475],[125.194,-14.553],[125.199,-14.579]]],[[[124.597,-15.402],[124.524,-15.421],[124.483,-15.34],[124.519,-15.267],[124.565,-15.311],[124.597,-15.402]]],[[[115.446,-20.788],[115.388,-20.866],[115.318,-20.851],[115.309,-20.811],[115.354,-20.746],[115.435,-20.668],[115.458,-20.716],[115.446,-20.788]]],[[[145.043,-40.787],[145.224,-40.765],[145.349,-40.826],[145.485,-40.852],[145.576,-40.904],[145.734,-40.962],[145.821,-41.025],[146.317,-41.163],[146.651,-41.116],[146.786,-41.114],[146.836,-41.109],[146.919,-41.018],[147.106,-40.994],[147.269,-40.96],[147.388,-40.986],[147.501,-40.964],[147.622,-40.845],[147.873,-40.873],[148.033,-40.781],[148.293,-40.947],[148.292,-41.175],[148.312,-41.35],[148.287,-41.555],[148.288,-41.816],[148.302,-42.004],[148.328,-42.074],[148.331,-42.159],[148.331,-42.262],[148.277,-42.219],[148.277,-42.136],[148.183,-42.065],[148.242,-42.022],[148.167,-42.012],[148.156,-42.088],[148.067,-42.17],[148.005,-42.345],[147.974,-42.506],[147.912,-42.658],[147.958,-42.96],[147.945,-43.182],[147.786,-43.22],[147.648,-43.021],[147.774,-43.003],[147.807,-42.954],[147.693,-42.872],[147.536,-42.878],[147.537,-42.996],[147.408,-42.894],[147.302,-42.841],[147.343,-42.964],[147.281,-43.032],[147.26,-43.126],[147.173,-43.256],[146.985,-43.19],[147.077,-43.276],[147.005,-43.37],[146.874,-43.612],[146.699,-43.602],[146.413,-43.52],[146.043,-43.547],[145.982,-43.408],[146.109,-43.354],[146.208,-43.316],[146.125,-43.311],[145.873,-43.292],[145.682,-43.076],[145.567,-42.968],[145.488,-42.927],[145.237,-42.456],[145.373,-42.338],[145.468,-42.493],[145.517,-42.354],[145.34,-42.191],[145.294,-42.191],[145.259,-42.107],[145.055,-41.827],[144.778,-41.419],[144.764,-41.342],[144.662,-41.079],[144.71,-40.783],[144.819,-40.722],[145.043,-40.787]]],[[[143.928,-40.116],[143.876,-40.064],[143.839,-39.904],[143.862,-39.738],[143.939,-39.658],[144.001,-39.58],[144.121,-39.785],[144.141,-39.954],[144.035,-40.078],[143.928,-40.116]]],[[[148.0,-39.758],[148.27,-39.967],[148.29,-40.065],[148.323,-40.144],[148.299,-40.172],[148.106,-40.262],[148.047,-40.213],[147.891,-40.015],[147.876,-39.905],[147.767,-39.87],[147.933,-39.726],[148.0,-39.758]]],[[[147.356,-43.397],[147.231,-43.483],[147.105,-43.431],[147.163,-43.43],[147.198,-43.379],[147.234,-43.33],[147.312,-43.28],[147.356,-43.397]]],[[[148.104,-42.71],[148.03,-42.715],[148.023,-42.64],[148.143,-42.616],[148.101,-42.681],[148.104,-42.71]]],[[[147.435,-43.241],[147.349,-43.232],[147.296,-43.162],[147.327,-43.115],[147.397,-43.118],[147.435,-43.241]]],[[[144.784,-40.507],[144.748,-40.589],[144.71,-40.485],[144.751,-40.47],[144.783,-40.435],[144.791,-40.44],[144.784,-40.507]]],[[[148.326,-40.307],[148.474,-40.432],[148.353,-40.497],[148.214,-40.458],[148.02,-40.404],[148.059,-40.357],[148.326,-40.307]]],[[[148.237,-40.515],[148.188,-40.593],[148.127,-40.544],[148.117,-40.521],[148.193,-40.503],[148.218,-40.505],[148.237,-40.515]]],[[[158.879,-54.71],[158.845,-54.749],[158.836,-54.704],[158.897,-54.506],[158.959,-54.472],[158.946,-54.575],[158.879,-54.71]]]]}},{"type":"Feature","properties":{"iso_a2":"AU"},"geometry":{"type":"MultiPolygon","coordinates":[[[[105.725,-10.493],[105.644,-10.525],[105.596,-10.46],[105.67,-10.449],[105.725,-10.493]]],[[[96.84,-12.182],[96.867,-12.181],[96.85,-12.197],[96.828,-12.151],[96.833,-12.126],[96.834,-12.144],[96.836,-12.171],[96.84,-12.182]]],[[[96.918,-12.194],[96.897,-12.196],[96.893,-12.187],[96.913,-12.182],[96.921,-12.162],[96.924,-12.185],[96.918,-12.194]]]]}},{"type":"Feature","properties":{"iso_a2":"AU"},"geometry":{"type":"Polygon","coordinates":[[[123.595,-12.426],[123.595,-12.436],[123.573,-12.434],[123.572,-12.424],[123.595,-12.426]]]}},{"type":"Feature","properties":{"iso_a2":"AR"},"geometry":{"type":"MultiPolygon","coordinates":[[[[-57.609,-30.188],[-57.651,-30.295],[-57.831,-30.495],[-57.819,-30.712],[-57.834,-30.917],[-57.898,-30.975],[-57.868,-31.104],[-57.948,-31.299],[-58.054,-31.495],[-57.988,-31.576],[-58.007,-31.685],[-58.096,-31.832],[-58.189,-31.924],[-58.156,-32.052],[-58.165,-32.185],[-58.123,-32.322],[-58.22,-32.564],[-58.201,-33.015],[-58.309,-33.083],[-58.424,-33.112],[-58.547,-33.663],[-58.457,-33.898],[-58.409,-34.061],[-58.435,-34.253],[-58.525,-34.296],[-58.419,-34.532],[-57.764,-34.895],[-57.304,-35.188],[-57.159,-35.506],[-57.375,-35.9],[-57.265,-36.144],[-56.937,-36.353],[-56.717,-36.389],[-56.668,-36.735],[-56.727,-36.958],[-57.396,-37.745],[-57.547,-38.086],[-58.179,-38.436],[-59.676,-38.797],[-60.904,-38.974],[-61.383,-38.981],[-61.848,-38.962],[-62.189,-38.813],[-62.374,-38.853],[-62.338,-39.151],[-62.209,-39.262],[-62.054,-39.374],[-62.131,-39.432],[-62.083,-39.568],[-62.254,-39.88],[-62.324,-39.951],[-62.427,-40.356],[-62.246,-40.675],[-62.395,-40.891],[-62.959,-41.11],[-63.622,-41.16],[-64.123,-41.008],[-64.621,-40.854],[-64.82,-40.793],[-64.869,-40.736],[-65.069,-40.805],[-65.152,-40.947],[-65.128,-41.239],[-65.007,-41.745],[-64.986,-42.102],[-64.7,-42.221],[-64.538,-42.255],[-64.524,-42.299],[-64.571,-42.416],[-64.265,-42.422],[-64.062,-42.353],[-64.253,-42.251],[-64.083,-42.183],[-63.796,-42.114],[-63.685,-42.189],[-63.596,-42.407],[-63.617,-42.696],[-63.692,-42.805],[-64.131,-42.861],[-64.248,-42.646],[-64.488,-42.513],[-64.812,-42.633],[-65.027,-42.759],[-64.442,-42.951],[-64.319,-42.969],[-64.432,-43.059],[-64.84,-43.189],[-65.19,-43.522],[-65.284,-43.63],[-65.239,-44.049],[-65.266,-44.28],[-65.361,-44.477],[-65.698,-44.796],[-65.606,-44.945],[-65.758,-45.007],[-66.348,-45.034],[-66.533,-45.158],[-66.882,-45.228],[-67.258,-45.577],[-67.557,-45.97],[-67.609,-46.167],[-67.563,-46.345],[-67.387,-46.554],[-66.65,-47.045],[-65.854,-47.157],[-65.738,-47.345],[-65.814,-47.638],[-66.041,-47.783],[-66.172,-47.858],[-65.934,-47.827],[-65.81,-47.941],[-65.943,-48.019],[-66.393,-48.342],[-66.783,-48.523],[-67.131,-48.688],[-67.466,-48.952],[-67.694,-49.304],[-67.783,-49.859],[-67.914,-49.984],[-68.257,-50.105],[-68.488,-49.978],[-68.668,-49.753],[-68.638,-49.863],[-68.913,-49.969],[-68.753,-49.988],[-68.533,-50.036],[-68.422,-50.158],[-68.589,-50.225],[-68.939,-50.382],[-69.09,-50.583],[-69.155,-50.864],[-69.359,-51.028],[-69.268,-51.006],[-69.144,-51.097],[-69.03,-51.446],[-69.058,-51.547],[-69.361,-51.559],[-69.409,-51.61],[-69.18,-51.662],[-68.965,-51.677],[-68.691,-52.013],[-68.394,-52.307],[-68.461,-52.29],[-68.715,-52.255],[-69.206,-52.136],[-69.713,-52.075],[-70.483,-52.002],[-71.415,-51.994],[-71.919,-51.99],[-71.953,-51.88],[-72.137,-51.744],[-72.335,-51.62],[-72.366,-51.47],[-72.302,-51.223],[-72.377,-51.095],[-72.307,-51.033],[-72.301,-50.79],[-72.393,-50.634],[-72.51,-50.608],[-72.804,-50.638],[-72.956,-50.696],[-73.153,-50.738],[-73.222,-50.611],[-73.274,-50.473],[-73.387,-50.231],[-73.508,-50.03],[-73.47,-49.795],[-73.576,-49.583],[-73.484,-49.398],[-73.135,-49.301],[-73.095,-49.097],[-72.982,-48.977],[-72.728,-48.896],[-72.614,-48.793],[-72.586,-48.663],[-72.583,-48.475],[-72.355,-48.366],[-72.328,-48.11],[-72.509,-47.973],[-72.472,-47.784],[-72.342,-47.572],[-72.283,-47.446],[-72.042,-47.241],[-71.905,-47.202],[-71.954,-47.087],[-71.957,-46.937],[-71.856,-46.792],[-71.7,-46.651],[-71.731,-46.428],[-71.778,-46.28],[-71.876,-46.161],[-71.684,-46.042],[-71.68,-45.879],[-71.773,-45.724],[-71.693,-45.535],[-71.49,-45.438],[-71.354,-45.23],[-71.531,-45.068],[-71.812,-44.931],[-72.073,-44.82],[-71.957,-44.792],[-71.652,-44.77],[-71.455,-44.75],[-71.261,-44.763],[-71.16,-44.56],[-71.213,-44.441],[-71.82,-44.383],[-71.831,-44.241],[-71.812,-44.106],[-71.716,-43.984],[-71.716,-43.858],[-71.737,-43.705],[-71.751,-43.59],[-71.905,-43.44],[-71.82,-43.323],[-71.751,-43.237],[-71.899,-43.145],[-72.102,-43.066],[-72.114,-42.777],[-72.144,-42.577],[-72.053,-42.473],[-72.125,-42.298],[-72.064,-42.205],[-71.993,-42.134],[-71.861,-42.148],[-71.75,-42.047],[-71.844,-41.772],[-71.898,-41.607],[-71.892,-41.393],[-71.881,-40.995],[-71.941,-40.789],[-71.884,-40.621],[-71.805,-40.439],[-71.709,-40.382],[-71.723,-40.3],[-71.818,-40.177],[-71.764,-40.095],[-71.66,-40.021],[-71.638,-39.887],[-71.697,-39.707],[-71.693,-39.605],[-71.587,-39.611],[-71.531,-39.564],[-71.508,-39.495],[-71.42,-39.287],[-71.426,-38.986],[-71.353,-38.889],[-71.197,-38.809],[-70.952,-38.738],[-70.859,-38.604],[-70.9,-38.498],[-71.0,-38.315],[-71.028,-38.041],[-71.168,-37.762],[-71.163,-37.559],[-71.165,-37.393],[-71.163,-37.227],[-71.124,-37.057],[-71.192,-36.844],[-71.107,-36.685],[-71.073,-36.578],[-70.978,-36.487],[-70.853,-36.412],[-70.749,-36.393],[-70.722,-36.283],[-70.563,-36.146],[-70.405,-36.062],[-70.416,-35.879],[-70.42,-35.609],[-70.457,-35.452],[-70.47,-35.326],[-70.555,-35.247],[-70.467,-35.194],[-70.338,-34.922],[-70.287,-34.775],[-70.255,-34.673],[-70.141,-34.493],[-70.063,-34.35],[-70.003,-34.276],[-69.88,-34.254],[-69.857,-34.18],[-69.881,-33.93],[-69.883,-33.601],[-69.798,-33.399],[-69.82,-33.284],[-69.969,-33.279],[-70.085,-33.202],[-70.093,-33.027],[-70.022,-32.885],[-70.116,-32.807],[-70.17,-32.472],[-70.258,-32.31],[-70.345,-32.176],[-70.356,-32.042],[-70.254,-31.958],[-70.331,-31.881],[-70.45,-31.842],[-70.585,-31.569],[-70.555,-31.317],[-70.52,-31.148],[-70.429,-31.129],[-70.351,-31.06],[-70.312,-30.993],[-70.348,-30.902],[-70.269,-30.677],[-70.161,-30.44],[-70.153,-30.361],[-69.956,-30.358],[-69.888,-30.213],[-69.863,-30.12],[-69.96,-30.078],[-69.924,-29.874],[-69.983,-29.545],[-69.996,-29.25],[-69.828,-29.103],[-69.743,-28.784],[-69.688,-28.562],[-69.527,-28.286],[-69.437,-28.193],[-69.341,-28.071],[-69.174,-27.925],[-69.119,-27.744],[-68.999,-27.449],[-68.875,-27.247],[-68.77,-27.115],[-68.652,-27.148],[-68.537,-27.085],[-68.346,-27.028],[-68.319,-26.878],[-68.485,-26.67],[-68.592,-26.47],[-68.576,-26.352],[-68.415,-26.154],[-68.511,-25.741],[-68.6,-25.486],[-68.541,-25.237],[-68.431,-25.149],[-68.384,-25.092],[-68.447,-24.999],[-68.527,-24.899],[-68.562,-24.747],[-68.447,-24.597],[-68.358,-24.497],[-68.25,-24.392],[-67.886,-24.243],[-67.356,-24.034],[-67.319,-23.935],[-67.09,-23.245],[-67.195,-22.822],[-67.055,-22.651],[-66.991,-22.51],[-66.767,-22.343],[-66.712,-22.216],[-66.507,-22.158],[-66.322,-22.053],[-66.248,-21.83],[-66.175,-21.806],[-66.059,-21.879],[-65.771,-22.1],[-65.519,-22.095],[-65.058,-22.103],[-64.843,-22.144],[-64.7,-22.186],[-64.524,-22.372],[-64.446,-22.585],[-64.325,-22.828],[-64.266,-22.603],[-64.132,-22.366],[-63.922,-22.029],[-63.819,-22.005],[-63.717,-22.028],[-63.267,-22.001],[-62.834,-21.999],[-62.745,-22.16],[-62.651,-22.234],[-62.626,-22.29],[-62.373,-22.439],[-62.067,-22.869],[-61.799,-23.182],[-61.571,-23.319],[-61.506,-23.392],[-61.208,-23.557],[-61.033,-23.756],[-60.505,-23.964],[-60.11,-24.009],[-59.609,-24.267],[-59.373,-24.454],[-58.724,-24.787],[-58.423,-24.894],[-58.309,-24.979],[-58.136,-24.977],[-57.822,-25.136],[-57.587,-25.405],[-57.572,-25.534],[-57.725,-25.667],[-57.757,-25.726],[-57.865,-25.907],[-57.891,-26.007],[-58.082,-26.139],[-58.118,-26.225],[-58.155,-26.263],[-58.203,-26.381],[-58.188,-26.593],[-58.222,-26.65],[-58.246,-26.731],[-58.318,-26.796],[-58.323,-26.858],[-58.436,-26.922],[-58.503,-27.029],[-58.619,-27.132],[-58.605,-27.314],[-57.812,-27.317],[-57.112,-27.47],[-56.872,-27.441],[-56.716,-27.494],[-56.511,-27.488],[-56.371,-27.537],[-56.242,-27.367],[-56.067,-27.308],[-55.859,-27.362],[-55.715,-27.415],[-55.594,-27.288],[-55.565,-27.15],[-55.451,-27.068],[-55.346,-26.973],[-55.136,-26.931],[-55.089,-26.845],[-54.962,-26.759],[-54.889,-26.667],[-54.755,-26.533],[-54.632,-26.006],[-54.538,-25.576],[-54.444,-25.625],[-54.332,-25.572],[-54.206,-25.53],[-54.119,-25.545],[-54.012,-25.578],[-53.891,-25.669],[-53.823,-25.96],[-53.671,-26.225],[-53.711,-26.352],[-53.745,-26.667],[-53.727,-26.805],[-53.758,-26.978],[-53.916,-27.16],[-54.04,-27.244],[-54.156,-27.254],[-54.26,-27.382],[-54.448,-27.446],[-54.555,-27.454],[-54.666,-27.527],[-54.777,-27.533],[-54.876,-27.599],[-54.91,-27.709],[-55.04,-27.768],[-55.064,-27.836],[-55.244,-27.899],[-55.41,-28.038],[-55.582,-28.121],[-55.746,-28.255],[-55.672,-28.345],[-55.732,-28.387],[-55.859,-28.354],[-55.905,-28.4],[-55.93,-28.473],[-56.02,-28.525],[-56.103,-28.652],[-56.322,-28.852],[-56.476,-29.092],[-56.636,-29.203],[-56.772,-29.418],[-57.089,-29.716],[-57.301,-29.857],[-57.405,-30.034],[-57.609,-30.188]]],[[[-68.653,-54.854],[-68.64,-54.324],[-68.637,-53.789],[-68.633,-53.242],[-68.63,-52.653],[-68.339,-52.9],[-68.24,-53.082],[-68.431,-53.055],[-68.521,-53.177],[-68.489,-53.261],[-68.161,-53.306],[-68.008,-53.564],[-67.861,-53.662],[-67.503,-53.922],[-67.069,-54.148],[-66.67,-54.314],[-66.236,-54.533],[-65.747,-54.653],[-65.252,-54.638],[-65.252,-54.789],[-65.471,-54.915],[-65.723,-54.926],[-65.954,-54.919],[-66.172,-54.975],[-66.399,-55.009],[-66.628,-55.013],[-67.127,-54.904],[-68.007,-54.848],[-68.332,-54.816],[-68.619,-54.834],[-68.653,-54.854]]],[[[-64.549,-54.716],[-64.221,-54.722],[-64.055,-54.73],[-63.882,-54.723],[-63.833,-54.768],[-64.028,-54.793],[-64.453,-54.84],[-64.637,-54.903],[-64.757,-54.827],[-64.625,-54.774],[-64.549,-54.716]]],[[[-61.876,-39.172],[-61.918,-39.227],[-62.083,-39.11],[-61.967,-39.112],[-61.876,-39.172]]]]}}]}